date,open,high,low,close,volume
2026-04-06 11:45:00,52385.0,52385.0,52385.0,52385.0,0
2026-04-06 11:50:00,52385.0,52400.0,52378.0,52400.0,60
2026-04-06 11:55:00,52400.0,52501.0,52400.0,52501.0,180
2026-04-06 12:00:00,52501.0,52501.0,52434.8,52434.8,30
2026-04-06 12:05:00,52434.8,52434.8,52400.0,52420.8,450
2026-04-06 12:10:00,52420.8,52420.8,52420.8,52420.8,0
2026-04-06 12:15:00,52420.8,52420.8,52375.0,52375.0,150
2026-04-06 12:20:00,52375.0,52600.0,52375.0,52588.4,1230
2026-04-06 12:25:00,52588.4,52588.4,52541.2,52570.2,150
2026-04-06 12:30:00,52570.2,52581.6,52430.0,52430.0,600
2026-04-06 12:35:00,52430.0,52430.4,52430.0,52430.4,30
2026-04-06 12:40:00,52430.4,52472.6,52430.4,52472.6,300
2026-04-06 12:45:00,52472.6,52690.0,52472.6,52690.0,1350
2026-04-06 12:50:00,52690.0,52799.8,52690.0,52745.0,510
2026-04-06 12:55:00,52745.0,52775.0,52745.0,52775.0,180
2026-04-06 13:00:00,52775.0,52835.0,52700.0,52700.0,600
2026-04-06 13:05:00,52700.0,52825.0,52681.6,52825.0,180
2026-04-06 13:10:00,52825.0,53000.0,52820.4,52952.6,1230
2026-04-06 13:15:00,52952.6,53047.6,52919.0,53030.0,1050
2026-04-06 13:20:00,53030.0,53100.0,53000.0,53049.8,720
2026-04-06 13:25:00,53049.8,53050.0,53000.0,53000.0,300
2026-04-06 13:30:00,53000.0,53077.6,53000.0,53052.0,150
2026-04-06 13:35:00,53052.0,53100.0,53049.0,53080.0,360
2026-04-06 13:40:00,53080.0,53080.0,53000.0,53010.0,270
2026-04-06 13:45:00,53010.0,53049.8,52971.8,53001.0,810
2026-04-06 13:50:00,53001.0,53050.0,53001.0,53009.4,90
2026-04-06 13:55:00,53009.4,53050.0,53009.4,53050.0,60
2026-04-06 14:00:00,53050.0,53075.0,53009.4,53069.6,180
2026-04-06 14:05:00,53069.6,53083.4,53040.0,53040.0,150
2026-04-06 14:10:00,53040.0,53186.4,53040.0,53186.4,600
2026-04-06 14:15:00,53186.4,53220.0,53154.2,53220.0,510
2026-04-06 14:20:00,53220.0,53250.0,53178.0,53233.4,450
2026-04-06 14:25:00,53233.4,53233.4,53134.6,53135.6,300
2026-04-06 14:30:00,53135.6,53229.8,53135.6,53229.8,150
2026-04-06 14:35:00,53229.8,53250.0,53200.0,53200.0,540
2026-04-06 14:40:00,53200.0,53200.0,53179.2,53179.4,120
2026-04-06 14:45:00,53179.4,53240.6,53179.4,53187.4,180
2026-04-06 14:50:00,53187.4,53231.2,53187.4,53220.8,420
2026-04-06 14:55:00,53220.8,53220.8,53180.0,53208.0,390
2026-04-06 15:00:00,53208.0,53298.8,53208.0,53241.8,660
2026-04-06 15:05:00,53241.8,53430.8,53241.8,53410.8,990
2026-04-06 15:10:00,53410.8,53475.6,53410.0,53463.8,1140
2026-04-06 15:15:00,53463.8,53495.0,53450.0,53450.0,630
2026-04-06 15:20:00,53450.0,53450.0,53400.0,53404.2,1650
2026-04-06 15:25:00,53404.2,53444.2,53400.0,53400.0,1290
2026-04-07 09:15:00,53000.2,53000.2,52701.0,52756.4,3030
2026-04-07 09:20:00,52756.4,52800.0,52676.0,52793.0,630
2026-04-07 09:25:00,52793.0,52922.6,52793.0,52920.0,1440
2026-04-07 09:30:00,52920.0,52920.0,52850.4,52895.0,300
2026-04-07 09:35:00,52895.0,52930.4,52850.0,52880.0,660
2026-04-07 09:40:00,52880.0,52919.0,52780.0,52785.0,1680
2026-04-07 09:45:00,52785.0,52900.0,52785.0,52881.4,450
2026-04-07 09:50:00,52881.4,52881.4,52881.4,52881.4,0
2026-04-07 09:55:00,52881.4,52935.8,52881.4,52935.8,210
2026-04-07 10:00:00,52935.8,53000.0,52931.2,52960.0,330
2026-04-07 10:05:00,52960.0,53010.0,52908.0,52957.8,480
2026-04-07 10:10:00,52957.8,52970.0,52917.0,52970.0,180
2026-04-07 10:15:00,52970.0,53055.4,52970.0,53055.0,360
2026-04-07 10:20:00,53055.0,53100.0,52950.0,52950.0,360
2026-04-07 10:25:00,52950.0,53000.0,52950.0,53000.0,30
2026-04-07 10:30:00,53000.2,53049.8,53000.0,53030.0,240
2026-04-07 10:35:00,52954.2,52956.6,52900.0,52920.0,510
2026-04-07 10:40:00,52920.0,53030.0,52920.0,53030.0,120
2026-04-07 10:45:00,53030.0,53030.0,53030.0,53030.0,120
2026-04-07 10:50:00,53030.0,53030.0,52823.4,52823.4,540
2026-04-07 10:55:00,52823.4,52823.4,52800.0,52800.0,270
2026-04-07 11:00:00,52800.0,52801.0,52800.0,52801.0,120
2026-04-07 11:05:00,52801.0,52820.2,52800.0,52820.2,90
2026-04-07 11:10:00,52820.2,52844.0,52766.4,52766.4,210
2026-04-07 11:15:00,52766.4,52836.8,52766.4,52836.8,60
2026-04-07 11:20:00,52836.8,52899.0,52836.8,52899.0,120
2026-04-07 11:25:00,52899.0,52973.4,52899.0,52973.4,540
2026-04-07 11:30:00,52973.4,52973.4,52973.0,52973.0,60
2026-04-07 11:35:00,52973.0,52983.0,52973.0,52983.0,30
2026-04-07 11:40:00,52983.0,52983.0,52908.4,52908.4,120
2026-04-07 11:45:00,52908.4,52913.8,52900.0,52913.8,150
2026-04-07 11:50:00,52913.8,52913.8,52913.8,52913.8,0
2026-04-07 11:55:00,52913.8,53022.2,52913.8,53022.2,900
2026-04-07 12:00:00,53022.2,53022.2,53019.8,53019.8,90
2026-04-07 12:05:00,53019.8,53019.8,52942.0,52945.0,60
2026-04-07 12:10:00,52945.0,52966.4,52919.0,52966.4,90
2026-04-07 12:15:00,52966.4,52967.0,52966.4,52967.0,90
2026-04-07 12:20:00,52967.0,52967.0,52885.0,52885.2,240
2026-04-07 12:25:00,52885.2,52885.2,52825.0,52865.0,330
2026-04-07 12:30:00,52865.0,52900.0,52865.0,52900.0,120
2026-04-07 12:35:00,52900.0,52900.0,52900.0,52900.0,0
2026-04-07 12:40:00,52900.0,52900.0,52900.0,52900.0,0
2026-04-07 12:45:00,52900.0,52924.8,52900.0,52900.0,210
2026-04-07 12:50:00,52917.0,52920.0,52900.0,52901.0,120
2026-04-07 12:55:00,52901.0,52901.0,52901.0,52901.0,30
2026-04-07 13:00:00,52874.0,52874.0,52850.0,52850.0,180
2026-04-07 13:05:00,52850.0,52850.0,52850.0,52850.0,60
2026-04-07 13:10:00,52850.0,52905.0,52835.0,52905.0,120
2026-04-07 13:15:00,52905.0,52975.8,52905.0,52970.0,150
2026-04-07 13:20:00,52970.0,52970.0,52931.6,52931.6,90
2026-04-07 13:25:00,52931.6,52971.8,52931.6,52971.8,0
2026-04-07 13:30:00,52971.8,53140.0,52971.8,53103.0,750
2026-04-07 13:35:00,53103.0,53200.0,53103.0,53200.0,630
2026-04-07 13:40:00,53200.0,53285.2,53170.8,53285.2,1080
2026-04-07 13:45:00,53285.2,53300.0,53233.2,53235.0,600
2026-04-07 13:50:00,53235.0,53259.4,53183.8,53259.4,90
2026-04-07 13:55:00,53259.4,53259.4,53100.2,53100.2,270
2026-04-07 14:00:00,53100.2,53217.2,53100.2,53217.2,90
2026-04-07 14:05:00,53217.2,53217.2,53210.0,53210.0,30
2026-04-07 14:10:00,53210.0,53210.0,53118.0,53148.8,210
2026-04-07 14:15:00,53148.8,53179.8,53148.8,53179.8,60
2026-04-07 14:20:00,53179.8,53179.8,53176.0,53176.0,30
2026-04-07 14:25:00,53176.0,53209.6,53167.8,53209.6,180
2026-04-07 14:30:00,53209.6,53209.6,53191.0,53191.0,30
2026-04-07 14:35:00,53191.0,53191.0,53100.0,53134.0,330
2026-04-07 14:40:00,53134.0,53146.0,53131.0,53146.0,90
2026-04-07 14:45:00,53146.0,53259.0,53146.0,53248.4,270
2026-04-07 14:50:00,53248.4,53270.0,53248.4,53270.0,210
2026-04-07 14:55:00,53280.0,53350.0,53280.0,53350.0,540
2026-04-07 15:00:00,53350.0,53405.0,53340.0,53405.0,1200
2026-04-07 15:05:00,53405.0,53443.8,53376.6,53439.8,630
2026-04-07 15:10:00,53439.8,53439.8,53345.0,53345.0,480
2026-04-07 15:15:00,53345.0,53387.8,53321.0,53380.0,450
2026-04-07 15:20:00,53380.0,53380.0,53352.0,53352.0,540
2026-04-07 15:25:00,53352.0,53380.0,53350.0,53359.0,1080
2026-04-08 09:15:00,54830.0,55692.2,54830.0,55672.8,6780
2026-04-08 09:20:00,55672.8,55759.8,55510.0,55510.0,3000
2026-04-08 09:25:00,55510.0,55655.8,55510.0,55597.8,2730
2026-04-08 09:30:00,55597.8,55698.8,55597.8,55635.0,2670
2026-04-08 09:35:00,55635.0,55787.6,55635.0,55775.0,2400
2026-04-08 09:40:00,55775.0,55867.4,55750.8,55860.0,2940
2026-04-08 09:45:00,55860.0,55956.0,55860.0,55940.0,2010
2026-04-08 09:50:00,55940.0,55960.0,55900.0,55900.0,1380
2026-04-08 09:55:00,55900.0,55951.4,55805.0,55811.4,1710
2026-04-08 10:00:00,55811.4,55959.4,55811.4,55860.0,1050
2026-04-08 10:05:00,55860.0,55964.0,55850.0,55850.2,1380
2026-04-08 10:10:00,55850.2,55878.2,55816.6,55874.4,360
2026-04-08 10:15:00,55874.4,55943.2,55860.0,55929.8,270
2026-04-08 10:20:00,55929.8,55930.0,55860.0,55924.8,420
2026-04-08 10:25:00,55924.8,56000.0,55920.8,55967.6,810
2026-04-08 10:30:00,55967.6,56050.0,55967.6,56050.0,300
2026-04-08 10:35:00,56050.0,56050.0,55960.0,55965.6,690
2026-04-08 10:40:00,55965.6,56020.0,55962.8,56010.0,240
2026-04-08 10:45:00,56010.0,56078.8,56000.0,56025.4,480
2026-04-08 10:50:00,56025.4,56100.0,56025.4,56100.0,240
2026-04-08 10:55:00,56100.0,56192.0,56091.2,56192.0,720
2026-04-08 11:00:00,56180.0,56199.4,56174.8,56199.0,1140
2026-04-08 11:05:00,56199.0,56199.0,56151.4,56153.4,330
2026-04-08 11:10:00,56153.4,56220.2,56153.4,56180.2,390
2026-04-08 11:15:00,56200.0,56228.0,56180.0,56210.2,540
2026-04-08 11:20:00,56210.2,56218.2,56180.0,56218.2,240
2026-04-08 11:25:00,56218.2,56218.2,56150.0,56150.0,420
2026-04-08 11:30:00,56150.0,56185.8,56140.4,56185.8,360
2026-04-08 11:35:00,56185.8,56185.8,56120.0,56120.0,90
2026-04-08 11:40:00,56120.0,56139.0,56114.4,56139.0,270
2026-04-08 11:45:00,56139.0,56139.0,56120.0,56125.0,120
2026-04-08 11:50:00,56125.0,56125.0,56100.0,56100.0,210
2026-04-08 11:55:00,56100.0,56100.0,56044.0,56045.0,360
2026-04-08 12:00:00,56045.0,56093.2,56045.0,56093.2,120
2026-04-08 12:05:00,56093.2,56119.0,56093.2,56119.0,60
2026-04-08 12:10:00,56119.0,56149.0,56100.0,56113.6,120
2026-04-08 12:15:00,56113.6,56149.2,56113.6,56149.2,210
2026-04-08 12:20:00,56149.2,56149.2,56113.0,56113.0,90
2026-04-08 12:25:00,56113.0,56151.0,56112.6,56116.8,360
2026-04-08 12:30:00,56116.8,56116.8,56005.2,56006.6,510
2026-04-08 12:35:00,56006.6,56078.0,56006.6,56044.0,120
2026-04-08 12:40:00,56044.0,56100.0,56044.0,56099.0,90
2026-04-08 12:45:00,56099.0,56099.0,56099.0,56099.0,0
2026-04-08 12:50:00,56099.0,56140.0,56099.0,56140.0,90
2026-04-08 12:55:00,56140.0,56170.0,56140.0,56170.0,180
2026-04-08 13:00:00,56170.0,56170.0,56150.0,56155.0,210
2026-04-08 13:05:00,56155.0,56155.0,56141.8,56141.8,30
2026-04-08 13:10:00,56141.8,56155.0,56130.8,56130.8,660
2026-04-08 13:15:00,56130.8,56160.0,56130.8,56135.0,150
2026-04-08 13:20:00,56135.0,56135.0,56100.0,56100.0,30
2026-04-08 13:25:00,56100.0,56168.8,56100.0,56168.8,150
2026-04-08 13:30:00,56168.8,56169.0,56139.6,56139.6,240
2026-04-08 13:35:00,56139.6,56199.0,56139.6,56180.0,600
2026-04-08 13:40:00,56180.0,56180.0,56130.4,56130.4,150
2026-04-08 13:45:00,56130.4,56130.4,56130.4,56130.4,0
2026-04-08 13:50:00,56130.4,56130.4,56130.4,56130.4,0
2026-04-08 13:55:00,56130.4,56191.0,56130.4,56191.0,60
2026-04-08 14:00:00,56191.0,56191.0,56147.2,56147.2,180
2026-04-08 14:05:00,56147.2,56147.2,56147.2,56147.2,90
2026-04-08 14:10:00,56147.2,56179.8,56147.2,56147.2,180
2026-04-08 14:15:00,56147.2,56188.6,56147.2,56188.6,60
2026-04-08 14:20:00,56157.0,56250.0,56157.0,56250.0,630
2026-04-08 14:25:00,56250.0,56297.0,56250.0,56290.0,420
2026-04-08 14:30:00,56290.0,56310.0,56280.0,56310.0,600
2026-04-08 14:35:00,56310.0,56325.0,56300.0,56300.0,240
2026-04-08 14:40:00,56300.0,56408.0,56300.0,56408.0,510
2026-04-08 14:45:00,56408.0,56450.0,56400.0,56400.0,870
2026-04-08 14:50:00,56400.0,56400.0,56360.0,56390.0,300
2026-04-08 14:55:00,56390.0,56440.0,56379.0,56440.0,480
2026-04-08 15:00:00,56440.0,56440.0,56300.0,56370.0,570
2026-04-08 15:05:00,56370.0,56415.0,56370.0,56390.0,540
2026-04-08 15:10:00,56390.0,56413.0,56380.0,56380.0,420
2026-04-08 15:15:00,56380.0,56434.0,56380.0,56434.0,330
2026-04-08 15:20:00,56434.0,56441.0,56405.0,56441.0,600
2026-04-08 15:25:00,56441.0,56500.0,56441.0,56495.0,1320
2026-04-09 09:15:00,56429.0,56429.0,56086.4,56218.2,3300
2026-04-09 09:20:00,56218.2,56284.2,56180.0,56235.4,3480
2026-04-09 09:25:00,56235.4,56250.0,56218.0,56234.2,600
2026-04-09 09:30:00,56234.2,56234.2,56070.0,56070.0,1230
2026-04-09 09:35:00,56070.0,56135.4,56057.0,56099.2,540
2026-04-09 09:40:00,56099.2,56099.2,56010.0,56043.0,900
2026-04-09 09:45:00,56043.0,56065.0,55936.0,55936.0,750
2026-04-09 09:50:00,55936.0,55942.4,55850.0,55886.6,1410
2026-04-09 09:55:00,55886.6,55938.6,55870.0,55899.8,420
2026-04-09 10:00:00,55899.8,56018.8,55839.0,56018.8,420
2026-04-09 10:05:00,56018.8,56018.8,55950.0,55950.0,270
2026-04-09 10:10:00,55950.0,56138.8,55950.0,56125.8,750
2026-04-09 10:15:00,56125.8,56175.0,56013.6,56175.0,660
2026-04-09 10:20:00,56175.0,56175.0,56136.4,56158.6,330
2026-04-09 10:25:00,56158.6,56158.6,56158.6,56158.6,0
2026-04-09 10:30:00,56158.6,56224.8,56158.6,56224.8,360
2026-04-09 10:35:00,56224.8,56240.0,56190.0,56200.0,270
2026-04-09 10:40:00,56200.0,56200.0,56036.0,56036.0,360
2026-04-09 10:45:00,56036.0,56129.6,56036.0,56129.6,150
2026-04-09 10:50:00,56129.6,56129.6,56070.0,56094.2,210
2026-04-09 10:55:00,56094.2,56151.0,56094.2,56115.0,330
2026-04-09 11:00:00,56115.0,56200.0,56115.0,56170.4,180
2026-04-09 11:05:00,56170.4,56170.4,56115.0,56115.0,150
2026-04-09 11:10:00,56115.0,56115.0,56100.2,56100.2,30
2026-04-09 11:15:00,56100.2,56112.4,56050.4,56050.4,120
2026-04-09 11:20:00,56050.4,56070.0,56025.0,56025.0,270
2026-04-09 11:25:00,56025.0,56025.0,56025.0,56025.0,0
2026-04-09 11:30:00,56025.0,56090.0,56025.0,56088.6,360
2026-04-09 11:35:00,56088.6,56088.6,56030.0,56050.0,90
2026-04-09 11:40:00,56050.0,56050.0,56040.8,56042.4,90
2026-04-09 11:45:00,56042.4,56050.6,56010.0,56050.6,390
2026-04-09 11:50:00,56050.6,56069.8,56020.0,56020.0,210
2026-04-09 11:55:00,56020.0,56070.0,55985.4,55985.4,600
2026-04-09 12:00:00,55985.4,56020.0,55985.4,56020.0,360
2026-04-09 12:05:00,56020.0,56068.8,55960.0,56068.8,510
2026-04-09 12:10:00,56068.8,56075.0,56000.0,56000.0,270
2026-04-09 12:15:00,56000.0,56000.0,56000.0,56000.0,0
2026-04-09 12:20:00,56000.0,56022.0,55992.0,55992.0,90
2026-04-09 12:25:00,55992.0,55992.0,55934.6,55979.8,180
2026-04-09 12:30:00,55979.8,56025.0,55970.0,55970.0,120
2026-04-09 12:35:00,55970.0,55970.0,55915.2,55937.2,150
2026-04-09 12:40:00,55937.2,55937.2,55926.8,55926.8,60
2026-04-09 12:45:00,55926.8,55926.8,55810.0,55810.0,960
2026-04-09 12:50:00,55810.0,55860.0,55800.0,55860.0,1590
2026-04-09 12:55:00,55860.0,55890.0,55842.4,55842.4,210
2026-04-09 13:00:00,55842.4,55843.8,55800.0,55800.0,780
2026-04-09 13:05:00,55800.0,55861.2,55755.8,55861.2,390
2026-04-09 13:10:00,55861.2,55861.2,55750.0,55750.0,480
2026-04-09 13:15:00,55750.0,55750.0,55700.0,55700.8,570
2026-04-09 13:20:00,55700.8,55700.8,55610.0,55681.2,1380
2026-04-09 13:25:00,55681.2,55681.2,55618.6,55618.6,600
2026-04-09 13:30:00,55618.6,55694.6,55610.0,55694.6,660
2026-04-09 13:35:00,55694.6,55694.6,55630.0,55655.8,300
2026-04-09 13:40:00,55655.8,55655.8,55608.2,55608.2,30
2026-04-09 13:45:00,55608.2,55648.8,55570.0,55648.8,630
2026-04-09 13:50:00,55648.8,55676.0,55630.0,55637.2,390
2026-04-09 13:55:00,55637.2,55640.0,55637.2,55640.0,60
2026-04-09 14:00:00,55640.0,55665.4,55600.0,55645.0,240
2026-04-09 14:05:00,55645.0,55714.8,55645.0,55714.4,660
2026-04-09 14:10:00,55714.4,55714.4,55620.0,55650.0,180
2026-04-09 14:15:00,55650.0,55650.0,55555.0,55555.0,420
2026-04-09 14:20:00,55555.0,55593.4,55503.4,55503.4,900
2026-04-09 14:25:00,55503.4,55529.6,55494.0,55518.6,630
2026-04-09 14:30:00,55518.6,55518.6,55430.0,55430.0,570
2026-04-09 14:35:00,55430.0,55510.2,55430.0,55510.2,210
2026-04-09 14:40:00,55510.2,55589.2,55500.0,55589.2,180
2026-04-09 14:45:00,55589.2,55589.2,55504.4,55528.4,450
2026-04-09 14:50:00,55528.4,55540.0,55500.0,55540.0,900
2026-04-09 14:55:00,55540.0,55566.4,55500.0,55529.4,480
2026-04-09 15:00:00,55529.4,55709.2,55500.0,55572.2,480
2026-04-09 15:05:00,55572.2,55640.0,55546.4,55640.0,210
2026-04-09 15:10:00,55640.0,55693.4,55640.0,55670.0,630
2026-04-09 15:15:00,55670.0,55676.8,55650.0,55674.8,630
2026-04-09 15:20:00,55674.8,55674.8,55612.0,55612.0,240
2026-04-09 15:25:00,55612.0,55653.0,55605.0,55652.8,990
2026-04-10 09:15:00,55800.0,56255.0,55800.0,56255.0,4950
2026-04-10 09:20:00,56255.0,56298.2,56243.4,56258.4,990
2026-04-10 09:25:00,56258.4,56330.0,56228.0,56330.0,1620
2026-04-10 09:30:00,56330.0,56400.0,56330.0,56350.0,960
2026-04-10 09:35:00,56350.0,56359.2,56268.0,56300.0,840
2026-04-10 09:40:00,56300.0,56400.0,56300.0,56386.4,1080
2026-04-10 09:45:00,56386.4,56425.0,56386.0,56424.8,990
2026-04-10 09:50:00,56424.8,56449.8,56424.8,56449.0,1080
2026-04-10 09:55:00,56449.0,56464.4,56404.0,56450.0,900
2026-04-10 10:00:00,56450.0,56499.8,56450.0,56450.0,450
2026-04-10 10:05:00,56450.0,56450.0,56380.0,56434.4,1530
2026-04-10 10:10:00,56434.4,56513.4,56434.4,56513.4,480
2026-04-10 10:15:00,56513.4,56598.8,56513.4,56564.8,810
2026-04-10 10:20:00,56564.8,56581.4,56530.0,56538.0,330
2026-04-10 10:25:00,56538.0,56597.6,56486.6,56486.6,540
2026-04-10 10:30:00,56486.6,56524.0,56486.6,56523.8,180
2026-04-10 10:35:00,56523.8,56549.8,56461.4,56461.4,300
2026-04-10 10:40:00,56461.4,56528.0,56461.4,56528.0,360
2026-04-10 10:45:00,56528.0,56528.0,56520.0,56520.0,30
2026-04-10 10:50:00,56520.0,56520.0,56476.0,56476.0,120
2026-04-10 10:55:00,56476.0,56490.4,56465.0,56485.0,240
2026-04-10 11:00:00,56485.0,56548.8,56485.0,56488.2,120
2026-04-10 11:05:00,56488.2,56514.0,56488.2,56500.0,120
2026-04-10 11:10:00,56500.0,56550.0,56500.0,56515.0,240
2026-04-10 11:15:00,56515.0,56515.0,56497.0,56500.0,300
2026-04-10 11:20:00,56500.0,56508.0,56488.2,56508.0,90
2026-04-10 11:25:00,56508.0,56508.2,56485.0,56485.0,240
2026-04-10 11:30:00,56485.0,56485.0,56465.0,56485.0,120
2026-04-10 11:35:00,56485.0,56500.0,56465.0,56495.0,300
2026-04-10 11:40:00,56495.0,56495.0,56433.8,56450.0,300
2026-04-10 11:45:00,56450.0,56469.0,56400.0,56400.0,510
2026-04-10 11:50:00,56400.0,56425.0,56400.0,56424.2,90
2026-04-10 11:55:00,56424.2,56429.0,56400.0,56429.0,60
2026-04-10 12:00:00,56429.0,56450.0,56429.0,56450.0,60
2026-04-10 12:05:00,56450.0,56499.0,56450.0,56490.0,180
2026-04-10 12:10:00,56490.0,56490.0,56440.8,56440.8,180
2026-04-10 12:15:00,56440.8,56441.2,56440.8,56441.2,30
2026-04-10 12:20:00,56441.2,56495.0,56441.2,56495.0,60
2026-04-10 12:25:00,56495.0,56505.0,56495.0,56500.0,150
2026-04-10 12:30:00,56500.0,56500.0,56490.0,56490.0,30
2026-04-10 12:35:00,56490.0,56490.0,56490.0,56490.0,30
2026-04-10 12:40:00,56490.0,56490.0,56490.0,56490.0,0
2026-04-10 12:45:00,56490.0,56492.0,56466.8,56466.8,90
2026-04-10 12:50:00,56466.8,56466.8,56440.2,56440.2,30
2026-04-10 12:55:00,56440.2,56457.2,56440.2,56457.2,30
2026-04-10 13:00:00,56457.2,56500.0,56457.2,56500.0,150
2026-04-10 13:05:00,56500.0,56520.0,56482.2,56513.8,270
2026-04-10 13:10:00,56513.8,56513.8,56478.8,56478.8,30
2026-04-10 13:15:00,56478.8,56526.8,56478.8,56516.8,90
2026-04-10 13:20:00,56516.8,56540.0,56515.0,56515.0,300
2026-04-10 13:25:00,56515.0,56550.0,56496.0,56540.0,330
2026-04-10 13:30:00,56555.0,56565.0,56505.2,56505.2,270
2026-04-10 13:35:00,56505.2,56505.2,56505.2,56505.2,0
2026-04-10 13:40:00,56505.2,56538.0,56505.2,56538.0,0
2026-04-10 13:45:00,56538.0,56579.0,56538.0,56548.8,540
2026-04-10 13:50:00,56548.8,56560.0,56536.6,56560.0,120
2026-04-10 13:55:00,56560.0,56600.0,56519.8,56600.0,450
2026-04-10 14:00:00,56600.0,56620.0,56600.0,56618.6,270
2026-04-10 14:05:00,56618.6,56618.8,56597.8,56615.8,390
2026-04-10 14:10:00,56615.8,56625.0,56523.8,56523.8,360
2026-04-10 14:15:00,56523.8,56523.8,56385.0,56470.6,780
2026-04-10 14:20:00,56470.6,56500.0,56362.2,56362.2,270
2026-04-10 14:25:00,56362.2,56393.8,56351.0,56370.0,420
2026-04-10 14:30:00,56370.0,56424.8,56370.0,56421.4,180
2026-04-10 14:35:00,56421.4,56421.4,56330.0,56350.0,480
2026-04-10 14:40:00,56350.0,56430.0,56350.0,56428.4,120
2026-04-10 14:45:00,56428.4,56494.8,56350.2,56494.8,660
2026-04-10 14:50:00,56494.8,56494.8,56440.2,56470.0,180
2026-04-10 14:55:00,56470.0,56491.0,56460.0,56475.0,390
2026-04-10 15:00:00,56475.0,56519.0,56448.0,56519.0,3450
2026-04-10 15:05:00,56519.0,56600.0,56519.0,56600.0,840
2026-04-10 15:10:00,56600.0,56649.6,56600.0,56600.2,1080
2026-04-10 15:15:00,56600.2,56619.4,56600.0,56600.0,450
2026-04-10 15:20:00,56600.0,56610.0,56577.2,56600.0,1440
2026-04-10 15:25:00,56600.0,56644.0,56600.0,56644.0,1890
2026-04-13 09:15:00,55800.0,55932.8,55205.0,55300.0,8250
2026-04-13 09:20:00,55300.0,55348.0,55250.0,55340.0,1770
2026-04-13 09:25:00,55340.0,55407.4,55314.8,55342.2,1470
2026-04-13 09:30:00,55342.2,55350.0,55250.0,55350.0,1110
2026-04-13 09:35:00,55350.0,55350.0,55253.0,55280.0,330
2026-04-13 09:40:00,55280.0,55414.2,55280.0,55405.8,420
2026-04-13 09:45:00,55405.8,55407.4,55350.0,55400.6,1200
2026-04-13 09:50:00,55400.6,55475.8,55400.6,55475.8,780
2026-04-13 09:55:00,55475.8,55510.0,55451.0,55476.6,870
2026-04-13 10:00:00,55476.6,55476.6,55425.4,55450.0,300
2026-04-13 10:05:00,55450.0,55520.6,55450.0,55510.0,1050
2026-04-13 10:10:00,55510.0,55531.6,55450.6,55450.6,450
2026-04-13 10:15:00,55450.6,55450.6,55405.8,55424.6,480
2026-04-13 10:20:00,55424.6,55607.4,55424.6,55598.2,780
2026-04-13 10:25:00,55598.2,55650.0,55580.0,55625.2,300
2026-04-13 10:30:00,55625.2,55650.0,55585.0,55590.0,360
2026-04-13 10:35:00,55590.0,55590.0,55584.0,55584.0,60
2026-04-13 10:40:00,55584.0,55660.0,55581.2,55581.2,210
2026-04-13 10:45:00,55581.2,55675.0,55581.2,55650.0,240
2026-04-13 10:50:00,55650.0,55680.0,55650.0,55680.0,180
2026-04-13 10:55:00,55680.0,55737.0,55680.0,55680.0,180
2026-04-13 11:00:00,55680.0,55680.0,55643.0,55643.0,90
2026-04-13 11:05:00,55643.0,55675.0,55643.0,55670.0,90
2026-04-13 11:10:00,55670.0,55670.0,55640.0,55662.8,120
2026-04-13 11:15:00,55662.8,55662.8,55640.2,55640.2,60
2026-04-13 11:20:00,55640.2,55653.0,55619.0,55650.0,210
2026-04-13 11:25:00,55650.0,55650.0,55600.0,55600.0,150
2026-04-13 11:30:00,55600.0,55649.0,55600.0,55644.4,630
2026-04-13 11:35:00,55644.4,55685.0,55620.0,55685.0,120
2026-04-13 11:40:00,55685.0,55690.0,55650.0,55650.0,180
2026-04-13 11:45:00,55650.0,55758.2,55650.0,55709.2,330
2026-04-13 11:50:00,55745.8,55777.0,55745.8,55749.0,330
2026-04-13 11:55:00,55749.0,55834.8,55749.0,55750.2,420
2026-04-13 12:00:00,55750.2,55829.8,55750.2,55802.0,900
2026-04-13 12:05:00,55802.0,55850.0,55802.0,55849.0,300
2026-04-13 12:10:00,55849.0,55900.0,55849.0,55900.0,660
2026-04-13 12:15:00,55900.0,55920.0,55888.0,55900.0,180
2026-04-13 12:20:00,55900.0,55950.0,55900.0,55949.0,240
2026-04-13 12:25:00,55949.0,56050.8,55949.0,56050.0,420
2026-04-13 12:30:00,56074.6,56074.6,56040.0,56040.0,480
2026-04-13 12:35:00,56040.0,56138.0,56037.4,56133.0,360
2026-04-13 12:40:00,56133.0,56133.0,56100.0,56125.0,210
2026-04-13 12:45:00,56125.0,56125.0,56104.4,56125.0,150
2026-04-13 12:50:00,56125.0,56125.0,56090.2,56090.2,90
2026-04-13 12:55:00,56090.2,56090.2,55950.0,56042.4,300
2026-04-13 13:00:00,56042.4,56042.4,55950.0,55950.0,270
2026-04-13 13:05:00,55950.0,56045.0,55950.0,56045.0,180
2026-04-13 13:10:00,56045.0,56050.0,56031.2,56050.0,60
2026-04-13 13:15:00,56050.0,56110.0,56050.0,56110.0,330
2026-04-13 13:20:00,56110.0,56110.0,56089.8,56089.8,30
2026-04-13 13:25:00,56089.8,56089.8,56065.0,56070.8,90
2026-04-13 13:30:00,56070.8,56183.2,56070.8,56183.2,480
2026-04-13 13:35:00,56183.2,56200.0,56156.2,56156.2,390
2026-04-13 13:40:00,56156.2,56186.8,56156.2,56181.4,300
2026-04-13 13:45:00,56181.4,56181.4,56125.0,56150.0,240
2026-04-13 13:50:00,56150.0,56300.0,56150.0,56300.0,780
2026-04-13 13:55:00,56300.0,56410.0,56300.0,56367.0,1410
2026-04-13 14:00:00,56367.0,56375.0,56353.4,56375.0,150
2026-04-13 14:05:00,56375.0,56375.0,56235.6,56235.6,1020
2026-04-13 14:10:00,56235.6,56235.6,56152.0,56205.0,300
2026-04-13 14:15:00,56205.0,56250.0,56205.0,56250.0,150
2026-04-13 14:20:00,56250.0,56289.0,56250.0,56275.6,60
2026-04-13 14:25:00,56275.6,56339.6,56275.6,56320.0,120
2026-04-13 14:30:00,56320.0,56350.0,56320.0,56350.0,210
2026-04-13 14:35:00,56350.0,56382.8,56350.0,56382.8,180
2026-04-13 14:40:00,56382.8,56382.8,56300.0,56305.0,120
2026-04-13 14:45:00,56305.0,56367.6,56305.0,56366.0,120
2026-04-13 14:50:00,56366.0,56367.6,56340.0,56340.0,150
2026-04-13 14:55:00,56340.0,56340.0,56340.0,56340.0,0
2026-04-13 15:00:00,56340.0,56340.2,56262.0,56340.2,330
2026-04-13 15:05:00,56340.2,56340.2,56280.2,56280.2,210
2026-04-13 15:10:00,56280.2,56344.0,56280.2,56305.0,540
2026-04-13 15:15:00,56305.0,56333.0,56270.0,56270.0,390
2026-04-13 15:20:00,56270.0,56311.0,56250.0,56294.0,1260
2026-04-13 15:25:00,56294.0,56305.0,56281.8,56305.0,570
2026-04-15 09:15:00,57300.0,57499.8,56958.8,57373.0,6960
2026-04-15 09:20:00,57373.0,57373.2,57200.0,57200.0,3150
2026-04-15 09:25:00,57200.0,57233.2,57126.0,57155.4,1440
2026-04-15 09:30:00,57155.4,57183.0,57071.2,57127.0,1920
2026-04-15 09:35:00,57127.0,57127.0,57005.4,57044.0,1140
2026-04-15 09:40:00,57044.0,57177.4,57040.0,57167.0,960
2026-04-15 09:45:00,57167.0,57170.0,57050.0,57050.0,570
2026-04-15 09:50:00,57050.0,57149.6,57008.0,57125.0,390
2026-04-15 09:55:00,57125.0,57150.0,57093.8,57112.8,720
2026-04-15 10:00:00,57112.8,57180.8,57112.8,57155.0,240
2026-04-15 10:05:00,57155.0,57200.0,57155.0,57183.0,300
2026-04-15 10:10:00,57183.0,57210.0,57183.0,57205.8,300
2026-04-15 10:15:00,57205.8,57246.0,57205.8,57246.0,390
2026-04-15 10:20:00,57246.0,57289.8,57240.0,57259.2,300
2026-04-15 10:25:00,57259.2,57261.8,57200.2,57261.8,390
2026-04-15 10:30:00,57261.8,57278.0,57210.0,57210.0,810
2026-04-15 10:35:00,57210.0,57210.0,57199.8,57199.8,120
2026-04-15 10:40:00,57199.8,57199.8,57140.0,57140.0,300
2026-04-15 10:45:00,57140.0,57170.6,57101.8,57154.6,330
2026-04-15 10:50:00,57154.6,57154.6,57017.2,57017.2,870
2026-04-15 10:55:00,57017.2,57055.4,57017.2,57048.6,840
2026-04-15 11:00:00,57048.6,57048.6,56956.2,56999.0,750
2026-04-15 11:05:00,56999.0,56999.0,56900.0,56900.0,1350
2026-04-15 11:10:00,56900.0,56919.8,56850.0,56850.0,570
2026-04-15 11:15:00,56850.0,56940.0,56820.0,56863.6,1260
2026-04-15 11:20:00,56863.6,56930.8,56829.8,56900.0,450
2026-04-15 11:25:00,56900.0,56900.0,56900.0,56900.0,30
2026-04-15 11:30:00,56900.0,56900.0,56867.0,56900.0,210
2026-04-15 11:35:00,56900.0,56939.6,56900.0,56933.0,300
2026-04-15 11:40:00,56933.0,56941.0,56933.0,56941.0,90
2026-04-15 11:45:00,56941.0,56999.0,56917.4,56999.0,240
2026-04-15 11:50:00,56999.0,57019.2,56999.0,56999.0,240
2026-04-15 11:55:00,56999.0,57005.0,56999.0,56999.8,90
2026-04-15 12:00:00,56999.8,57005.0,56969.2,57005.0,120
2026-04-15 12:05:00,57005.0,57005.0,57000.2,57000.2,60
2026-04-15 12:10:00,57000.2,57046.0,57000.2,57046.0,30
2026-04-15 12:15:00,57046.0,57049.6,57000.0,57000.0,270
2026-04-15 12:20:00,57000.0,57000.0,56955.0,56980.0,210
2026-04-15 12:25:00,56980.0,57000.0,56980.0,57000.0,60
2026-04-15 12:30:00,57000.0,57000.0,56910.0,56944.6,180
2026-04-15 12:35:00,56944.6,56944.6,56940.0,56940.0,30
2026-04-15 12:40:00,56940.0,56957.8,56917.2,56957.8,60
2026-04-15 12:45:00,56957.8,56975.0,56947.8,56947.8,330
2026-04-15 12:50:00,56947.8,56947.8,56901.0,56901.0,60
2026-04-15 12:55:00,56901.0,56917.0,56901.0,56913.6,630
2026-04-15 13:00:00,56913.6,56925.2,56900.0,56925.2,540
2026-04-15 13:05:00,56925.2,56947.0,56925.2,56947.0,30
2026-04-15 13:10:00,56947.0,56980.0,56947.0,56980.0,210
2026-04-15 13:15:00,56980.0,57056.2,56980.0,57047.0,150
2026-04-15 13:20:00,57047.0,57047.0,57010.0,57010.0,240
2026-04-15 13:25:00,57010.0,57010.0,56933.0,56933.0,210
2026-04-15 13:30:00,56933.0,56966.6,56910.0,56930.0,690
2026-04-15 13:35:00,56930.0,56995.4,56930.0,56939.2,210
2026-04-15 13:40:00,56939.2,56939.2,56939.2,56939.2,0
2026-04-15 13:45:00,56939.2,56950.0,56939.2,56950.0,60
2026-04-15 13:50:00,56950.0,56951.4,56910.0,56951.4,90
2026-04-15 13:55:00,56951.4,56951.4,56951.4,56951.4,0
2026-04-15 14:00:00,56951.4,57000.0,56951.4,57000.0,180
2026-04-15 14:05:00,57000.0,57026.0,56984.4,57026.0,120
2026-04-15 14:10:00,57026.0,57028.6,56951.6,57007.6,300
2026-04-15 14:15:00,57007.6,57007.6,56970.0,56996.6,360
2026-04-15 14:20:00,56996.6,57035.8,56967.8,56967.8,60
2026-04-15 14:25:00,56967.8,57019.8,56967.8,57018.0,60
2026-04-15 14:30:00,57018.0,57018.0,56985.0,56985.0,90
2026-04-15 14:35:00,56985.0,56985.0,56936.0,56963.4,210
2026-04-15 14:40:00,56963.4,56997.4,56963.4,56997.4,420
2026-04-15 14:45:00,56997.4,57020.0,56980.6,56993.4,120
2026-04-15 14:50:00,56993.4,57109.2,56993.4,57090.0,1140
2026-04-15 14:55:00,57090.0,57090.0,57080.0,57080.0,90
2026-04-15 15:00:00,57080.0,57104.4,57056.2,57056.2,720
2026-04-15 15:05:00,57056.2,57056.2,56938.2,56990.0,270
2026-04-15 15:10:00,56990.0,57004.8,56980.0,56987.6,330
2026-04-15 15:15:00,56987.6,56987.6,56946.6,56980.0,840
2026-04-15 15:20:00,56980.0,56980.0,56950.2,56979.2,300
2026-04-15 15:25:00,56979.2,56979.2,56955.0,56963.6,810
2026-04-16 09:15:00,57149.8,57387.2,57149.8,57387.2,2370
2026-04-16 09:20:00,57387.2,57434.0,57299.8,57323.0,1050
2026-04-16 09:25:00,57323.0,57370.0,57323.0,57370.0,1050
2026-04-16 09:30:00,57370.0,57370.0,57259.0,57265.0,1140
2026-04-16 09:35:00,57265.0,57299.0,57137.4,57159.0,2130
2026-04-16 09:40:00,57159.0,57200.0,57159.0,57186.0,480
2026-04-16 09:45:00,57186.0,57264.2,57150.0,57261.2,510
2026-04-16 09:50:00,57261.2,57261.2,57210.0,57210.0,180
2026-04-16 09:55:00,57210.0,57223.0,57200.0,57200.0,150
2026-04-16 10:00:00,57200.0,57213.0,57143.0,57208.8,540
2026-04-16 10:05:00,57208.8,57246.0,57200.0,57217.2,330
2026-04-16 10:10:00,57217.2,57295.0,57217.2,57295.0,120
2026-04-16 10:15:00,57295.0,57295.0,57260.0,57260.0,840
2026-04-16 10:20:00,57260.0,57260.0,57221.0,57256.2,150
2026-04-16 10:25:00,57256.2,57256.2,57256.2,57256.2,0
2026-04-16 10:30:00,57256.2,57256.2,57256.2,57256.2,0
2026-04-16 10:35:00,57256.2,57256.2,57200.0,57200.0,90
2026-04-16 10:40:00,57200.0,57200.0,57200.0,57200.0,150
2026-04-16 10:45:00,57200.0,57251.2,57200.0,57251.2,90
2026-04-16 10:50:00,57251.2,57251.2,57236.4,57236.4,60
2026-04-16 10:55:00,57236.4,57236.4,57229.8,57229.8,30
2026-04-16 11:00:00,57229.8,57275.0,57229.8,57275.0,150
2026-04-16 11:05:00,57275.0,57275.0,57245.0,57245.0,30
2026-04-16 11:10:00,57245.0,57245.0,57200.0,57213.4,90
2026-04-16 11:15:00,57213.4,57213.4,57188.0,57188.0,60
2026-04-16 11:20:00,57188.0,57190.0,57150.0,57172.6,870
2026-04-16 11:25:00,57172.6,57172.6,57100.0,57144.6,570
2026-04-16 11:30:00,57144.6,57144.6,57100.0,57100.0,30
2026-04-16 11:35:00,57100.0,57131.6,57055.0,57055.0,900
2026-04-16 11:40:00,57055.0,57060.0,57035.0,57035.0,330
2026-04-16 11:45:00,57035.0,57035.0,56868.8,56945.8,930
2026-04-16 11:50:00,56945.8,56945.8,56871.0,56900.0,480
2026-04-16 11:55:00,56900.0,56932.2,56820.0,56824.0,1710
2026-04-16 12:00:00,56824.0,56824.0,56763.0,56783.2,540
2026-04-16 12:05:00,56783.2,56818.0,56760.0,56800.0,720
2026-04-16 12:10:00,56800.0,56852.0,56800.0,56850.0,2670
2026-04-16 12:15:00,56850.0,56856.2,56801.0,56801.0,1320
2026-04-16 12:20:00,56801.0,56816.6,56740.2,56740.2,540
2026-04-16 12:25:00,56740.2,56774.2,56740.2,56740.4,90
2026-04-16 12:30:00,56740.4,56802.6,56725.0,56725.0,330
2026-04-16 12:35:00,56725.0,56737.8,56685.2,56737.8,300
2026-04-16 12:40:00,56737.8,56750.0,56737.8,56746.0,60
2026-04-16 12:45:00,56746.0,56746.0,56680.0,56740.4,1230
2026-04-16 12:50:00,56740.4,56740.4,56690.0,56690.0,210
2026-04-16 12:55:00,56690.0,56700.0,56660.0,56700.0,60
2026-04-16 13:00:00,56700.0,56748.8,56700.0,56748.8,60
2026-04-16 13:05:00,56748.8,56750.0,56693.6,56693.6,240
2026-04-16 13:10:00,56693.6,56693.6,56650.2,56675.0,210
2026-04-16 13:15:00,56675.0,56725.6,56675.0,56725.6,60
2026-04-16 13:20:00,56725.6,56761.6,56680.6,56680.6,180
2026-04-16 13:25:00,56680.6,56690.0,56670.6,56690.0,120
2026-04-16 13:30:00,56690.0,56690.0,56687.4,56690.0,750
2026-04-16 13:35:00,56690.0,56690.0,56670.0,56670.0,180
2026-04-16 13:40:00,56670.0,56761.6,56670.0,56761.6,120
2026-04-16 13:45:00,56761.6,56800.0,56761.6,56794.4,240
2026-04-16 13:50:00,56794.4,56900.0,56794.4,56835.0,540
2026-04-16 13:55:00,56835.0,56840.0,56835.0,56840.0,30
2026-04-16 14:00:00,56840.0,56865.0,56770.4,56770.4,210
2026-04-16 14:05:00,56770.4,56819.8,56770.0,56819.8,360
2026-04-16 14:10:00,56819.8,56823.8,56814.4,56823.8,330
2026-04-16 14:15:00,56823.8,56823.8,56776.0,56809.2,330
2026-04-16 14:20:00,56809.2,56831.8,56809.2,56831.8,90
2026-04-16 14:25:00,56831.8,56900.0,56831.8,56900.0,840
2026-04-16 14:30:00,56900.0,56960.0,56885.2,56960.0,450
2026-04-16 14:35:00,56960.0,56970.0,56960.0,56970.0,390
2026-04-16 14:40:00,56970.0,57020.0,56970.0,56999.6,360
2026-04-16 14:45:00,56999.6,57059.0,56999.6,57014.8,210
2026-04-16 14:50:00,57014.8,57014.8,57012.0,57012.8,210
2026-04-16 14:55:00,57012.8,57015.0,57000.0,57000.0,150
2026-04-16 15:00:00,57000.0,57000.0,56850.0,56932.8,360
2026-04-16 15:05:00,56932.8,56932.8,56792.0,56792.0,690
2026-04-16 15:10:00,56792.0,56850.8,56767.2,56841.2,150
2026-04-16 15:15:00,56841.2,56841.2,56750.0,56750.0,810
2026-04-16 15:20:00,56750.0,56778.0,56720.0,56775.2,750
2026-04-16 15:25:00,56775.2,56775.2,56741.0,56762.6,1170
2026-04-17 09:15:00,56762.6,56817.0,56581.6,56800.0,1050
2026-04-17 09:20:00,56800.0,56850.0,56790.2,56850.0,630
2026-04-17 09:25:00,56850.0,56850.0,56791.2,56850.0,210
2026-04-17 09:30:00,56850.0,56866.0,56800.0,56810.0,360
2026-04-17 09:35:00,56810.0,56870.0,56769.0,56870.0,660
2026-04-17 09:40:00,56870.0,56900.0,56796.8,56803.0,450
2026-04-17 09:45:00,56803.0,56803.0,56780.8,56780.8,30
2026-04-17 09:50:00,56780.8,56780.8,56780.0,56780.0,30
2026-04-17 09:55:00,56780.0,56855.2,56780.0,56800.0,690
2026-04-17 10:00:00,56800.0,56800.0,56780.0,56780.0,210
2026-04-17 10:05:00,56780.0,56923.0,56780.0,56900.0,600
2026-04-17 10:10:00,56900.0,56919.0,56838.4,56919.0,210
2026-04-17 10:15:00,56919.0,56942.0,56900.0,56900.2,480
2026-04-17 10:20:00,56900.2,56941.8,56900.2,56910.8,150
2026-04-17 10:25:00,56910.8,56995.0,56910.8,56926.0,420
2026-04-17 10:30:00,56926.0,56926.0,56894.0,56894.0,90
2026-04-17 10:35:00,56894.0,56894.0,56886.4,56886.4,30
2026-04-17 10:40:00,56886.4,56886.4,56845.4,56845.4,90
2026-04-17 10:45:00,56845.4,56856.0,56845.4,56855.0,90
2026-04-17 10:50:00,56855.0,56855.0,56855.0,56855.0,120
2026-04-17 10:55:00,56855.0,56855.0,56855.0,56855.0,0
2026-04-17 11:00:00,56855.0,56855.0,56819.2,56819.2,210
2026-04-17 11:05:00,56819.2,56819.2,56819.2,56819.2,0
2026-04-17 11:10:00,56819.2,56819.2,56819.2,56819.2,0
2026-04-17 11:15:00,56819.2,56819.2,56819.2,56819.2,0
2026-04-17 11:20:00,56819.2,56884.2,56819.2,56884.2,60
2026-04-17 11:25:00,56884.2,56930.0,56884.2,56893.0,480
2026-04-17 11:30:00,56893.0,56952.0,56893.0,56920.8,690
2026-04-17 11:35:00,56920.8,56960.0,56920.8,56960.0,330
2026-04-17 11:40:00,56960.0,57000.0,56960.0,56979.4,540
2026-04-17 11:45:00,56979.4,56985.0,56950.0,56950.0,420
2026-04-17 11:50:00,56950.0,57000.0,56950.0,57000.0,330
2026-04-17 11:55:00,57000.0,57059.0,56983.0,56983.0,510
2026-04-17 12:00:00,56983.0,56983.0,56950.0,56950.0,330
2026-04-17 12:05:00,56950.0,56978.0,56950.0,56978.0,150
2026-04-17 12:10:00,56978.0,56980.0,56922.4,56977.8,270
2026-04-17 12:15:00,56977.8,57048.8,56977.8,57006.0,90
2026-04-17 12:20:00,57006.0,57006.0,57006.0,57006.0,0
2026-04-17 12:25:00,57006.0,57049.0,57006.0,57049.0,120
2026-04-17 12:30:00,57049.0,57049.0,56973.0,56983.6,570
2026-04-17 12:35:00,56983.6,57049.8,56983.6,57049.8,120
2026-04-17 12:40:00,57049.8,57049.8,57001.2,57004.6,90
2026-04-17 12:45:00,57004.6,57004.6,57004.6,57004.6,0
2026-04-17 12:50:00,57004.6,57016.2,57000.0,57000.0,90
2026-04-17 12:55:00,57000.0,57000.0,57000.0,57000.0,30
2026-04-17 13:00:00,57000.0,57000.0,57000.0,57000.0,30
2026-04-17 13:05:00,57000.0,57016.2,56990.0,57016.2,150
2026-04-17 13:10:00,57016.2,57049.8,57016.2,57049.8,30
2026-04-17 13:15:00,57049.8,57049.8,57036.0,57036.0,30
2026-04-17 13:20:00,57036.0,57036.0,57020.0,57030.0,60
2026-04-17 13:25:00,57030.0,57050.0,57030.0,57050.0,240
2026-04-17 13:30:00,57050.0,57100.0,57050.0,57100.0,540
2026-04-17 13:35:00,57100.0,57100.0,57078.8,57091.2,90
2026-04-17 13:40:00,57091.2,57150.0,57091.2,57150.0,840
2026-04-17 13:45:00,57150.0,57150.0,57098.8,57098.8,60
2026-04-17 13:50:00,57098.8,57098.8,57072.4,57073.8,180
2026-04-17 13:55:00,57073.8,57088.8,57058.2,57067.0,150
2026-04-17 14:00:00,57067.0,57122.0,57067.0,57100.0,270
2026-04-17 14:05:00,57100.0,57100.0,57100.0,57100.0,30
2026-04-17 14:10:00,57100.0,57125.0,57100.0,57100.0,60
2026-04-17 14:15:00,57100.0,57125.0,57089.0,57125.0,180
2026-04-17 14:20:00,57125.0,57140.0,57113.0,57140.0,1380
2026-04-17 14:25:00,57140.0,57140.0,57120.0,57140.0,330
2026-04-17 14:30:00,57140.0,57150.0,57119.4,57149.8,540
2026-04-17 14:35:00,57149.8,57200.4,57149.8,57180.6,690
2026-04-17 14:40:00,57180.6,57280.0,57180.6,57270.0,780
2026-04-17 14:45:00,57270.0,57325.0,57270.0,57322.0,450
2026-04-17 14:50:00,57322.0,57330.0,57268.8,57278.4,780
2026-04-17 14:55:00,57278.4,57282.0,57242.0,57242.0,900
2026-04-17 15:00:00,57242.0,57257.0,57212.0,57250.0,540
2026-04-17 15:05:00,57250.0,57280.8,57247.6,57247.6,450
2026-04-17 15:10:00,57247.6,57279.0,57244.8,57275.0,450
2026-04-17 15:15:00,57275.0,57275.0,57247.0,57248.0,960
2026-04-17 15:20:00,57248.0,57250.0,57222.0,57250.0,1200
2026-04-17 15:25:00,57250.0,57259.6,57230.0,57250.8,1470
2026-04-20 09:15:00,57200.0,57299.2,57051.0,57257.4,3390
2026-04-20 09:20:00,57257.4,57480.0,57257.4,57475.2,2070
2026-04-20 09:25:00,57475.2,57525.2,57429.4,57490.0,2280
2026-04-20 09:30:00,57490.0,57490.0,57312.0,57410.0,1050
2026-04-20 09:35:00,57410.0,57450.0,57382.8,57446.0,600
2026-04-20 09:40:00,57446.0,57449.8,57252.4,57252.4,330
2026-04-20 09:45:00,57252.4,57299.8,57250.0,57251.0,300
2026-04-20 09:50:00,57251.0,57350.0,57251.0,57335.2,330
2026-04-20 09:55:00,57335.2,57335.2,57300.0,57312.4,540
2026-04-20 10:00:00,57312.4,57390.4,57312.0,57384.0,360
2026-04-20 10:05:00,57384.0,57435.2,57384.0,57435.2,360
2026-04-20 10:10:00,57435.2,57449.8,57410.0,57410.0,120
2026-04-20 10:15:00,57410.0,57488.6,57410.0,57441.2,900
2026-04-20 10:20:00,57441.2,57505.0,57441.2,57505.0,690
2026-04-20 10:25:00,57505.0,57523.8,57479.4,57520.8,600
2026-04-20 10:30:00,57520.8,57649.8,57520.8,57601.0,1710
2026-04-20 10:35:00,57601.0,57640.0,57562.2,57563.4,960
2026-04-20 10:40:00,57563.4,57650.0,57563.4,57629.0,480
2026-04-20 10:45:00,57629.0,57649.4,57573.6,57620.0,690
2026-04-20 10:50:00,57620.0,57621.4,57587.0,57596.4,570
2026-04-20 10:55:00,57596.4,57650.0,57596.4,57650.0,210
2026-04-20 11:00:00,57650.0,57650.0,57605.4,57620.0,240
2026-04-20 11:05:00,57620.0,57675.0,57600.0,57600.0,420
2026-04-20 11:10:00,57600.0,57625.6,57542.6,57580.0,420
2026-04-20 11:15:00,57580.0,57612.6,57580.0,57590.0,60
2026-04-20 11:20:00,57590.0,57630.0,57590.0,57630.0,300
2026-04-20 11:25:00,57630.0,57675.0,57622.2,57675.0,240
2026-04-20 11:30:00,57675.0,57698.8,57644.4,57644.4,570
2026-04-20 11:35:00,57644.4,57650.0,57625.8,57644.0,1260
2026-04-20 11:40:00,57644.0,57669.0,57637.4,57643.2,210
2026-04-20 11:45:00,57643.2,57643.2,57565.2,57602.8,1110
2026-04-20 11:50:00,57602.8,57602.8,57565.0,57575.0,210
2026-04-20 11:55:00,57575.0,57575.0,57575.0,57575.0,0
2026-04-20 12:00:00,57575.0,57634.6,57575.0,57600.0,390
2026-04-20 12:05:00,57600.0,57600.0,57550.0,57550.0,360
2026-04-20 12:10:00,57550.0,57571.8,57475.0,57475.0,600
2026-04-20 12:15:00,57475.0,57491.6,57420.2,57483.8,1590
2026-04-20 12:20:00,57483.8,57555.2,57483.8,57555.2,150
2026-04-20 12:25:00,57555.2,57595.0,57535.0,57595.0,300
2026-04-20 12:30:00,57595.0,57600.0,57534.0,57582.2,360
2026-04-20 12:35:00,57582.2,57599.0,57582.2,57599.0,90
2026-04-20 12:40:00,57599.0,57600.0,57556.4,57556.4,300
2026-04-20 12:45:00,57556.4,57600.0,57550.0,57566.4,270
2026-04-20 12:50:00,57566.4,57605.4,57565.6,57605.4,600
2026-04-20 12:55:00,57605.4,57605.4,57533.8,57547.6,390
2026-04-20 13:00:00,57547.6,57547.6,57460.0,57526.6,420
2026-04-20 13:05:00,57526.6,57526.6,57375.0,57375.0,540
2026-04-20 13:10:00,57375.0,57379.0,57300.0,57379.0,630
2026-04-20 13:15:00,57379.0,57379.0,57265.2,57325.0,330
2026-04-20 13:20:00,57325.0,57325.0,57200.0,57200.0,1020
2026-04-20 13:25:00,57200.0,57223.2,57110.8,57223.2,630
2026-04-20 13:30:00,57223.2,57253.6,57197.0,57249.0,540
2026-04-20 13:35:00,57249.0,57249.0,57138.4,57160.0,510
2026-04-20 13:40:00,57160.0,57281.4,57160.0,57281.4,180
2026-04-20 13:45:00,57281.4,57281.4,57200.4,57236.0,120
2026-04-20 13:50:00,57236.0,57250.4,57199.2,57250.4,570
2026-04-20 13:55:00,57250.4,57261.0,57186.6,57221.4,630
2026-04-20 14:00:00,57221.4,57221.4,57157.8,57200.0,630
2026-04-20 14:05:00,57200.0,57210.2,57160.2,57160.2,210
2026-04-20 14:10:00,57160.2,57200.0,57160.2,57190.2,150
2026-04-20 14:15:00,57190.2,57230.0,57190.2,57220.0,180
2026-04-20 14:20:00,57220.0,57295.0,57215.0,57295.0,420
2026-04-20 14:25:00,57295.0,57315.0,57293.4,57315.0,210
2026-04-20 14:30:00,57315.0,57315.0,57245.0,57245.0,360
2026-04-20 14:35:00,57245.0,57272.4,57245.0,57246.0,180
2026-04-20 14:40:00,57246.0,57246.0,57220.6,57220.6,30
2026-04-20 14:45:00,57220.6,57220.6,57165.0,57208.0,330
2026-04-20 14:50:00,57208.0,57248.4,57208.0,57214.6,90
2026-04-20 14:55:00,57214.6,57253.0,57214.6,57253.0,60
2026-04-20 15:00:00,57253.0,57324.0,57253.0,57257.2,330
2026-04-20 15:05:00,57257.2,57257.2,57215.0,57215.0,240
2026-04-20 15:10:00,57215.0,57242.4,57215.0,57240.0,240
2026-04-20 15:15:00,57240.0,57240.0,57117.0,57117.0,1170
2026-04-20 15:20:00,57117.0,57156.8,57100.0,57100.0,2010
2026-04-20 15:25:00,57100.0,57152.2,57100.0,57108.0,2070
2026-04-21 09:15:00,57200.0,57540.0,57200.0,57540.0,3420
2026-04-21 09:20:00,57540.0,57578.8,57540.0,57540.0,2760
2026-04-21 09:25:00,57540.0,57547.8,57490.6,57519.4,630
2026-04-21 09:30:00,57519.4,57599.0,57500.0,57596.0,1080
2026-04-21 09:35:00,57596.0,57630.0,57556.4,57630.0,1350
2026-04-21 09:40:00,57630.0,57630.0,57556.6,57610.0,1140
2026-04-21 09:45:00,57610.0,57740.0,57610.0,57740.0,3060
2026-04-21 09:50:00,57740.0,57781.0,57718.8,57738.6,1020
2026-04-21 09:55:00,57738.6,57765.0,57706.0,57737.6,1890
2026-04-21 10:00:00,57737.6,57750.0,57705.0,57749.4,570
2026-04-21 10:05:00,57749.4,57750.0,57732.2,57744.4,330
2026-04-21 10:10:00,57744.4,57753.0,57744.4,57750.0,900
2026-04-21 10:15:00,57750.0,57750.0,57720.0,57720.0,330
2026-04-21 10:20:00,57720.0,57720.0,57700.0,57720.0,270
2026-04-21 10:25:00,57715.0,57715.0,57678.0,57700.0,630
2026-04-21 10:30:00,57700.0,57777.0,57690.6,57760.0,870
2026-04-21 10:35:00,57760.0,57828.2,57760.0,57824.8,1050
2026-04-21 10:40:00,57824.8,57825.0,57781.0,57807.0,600
2026-04-21 10:45:00,57807.0,57830.0,57796.2,57800.8,210
2026-04-21 10:50:00,57800.8,57825.0,57782.4,57817.0,210
2026-04-21 10:55:00,57817.0,57849.6,57817.0,57824.8,1080
2026-04-21 11:00:00,57824.8,57850.8,57779.8,57805.0,720
2026-04-21 11:05:00,57805.0,57850.0,57793.6,57836.2,810
2026-04-21 11:10:00,57836.2,57836.2,57836.0,57836.0,120
2026-04-21 11:15:00,57836.0,57836.0,57777.6,57800.0,300
2026-04-21 11:20:00,57800.0,57810.0,57800.0,57800.0,330
2026-04-21 11:25:00,57800.0,57800.0,57770.4,57770.4,270
2026-04-21 11:30:00,57770.4,57800.0,57755.2,57786.2,210
2026-04-21 11:35:00,57786.2,57817.8,57766.0,57817.8,990
2026-04-21 11:40:00,57766.4,57788.2,57766.4,57788.2,120
2026-04-21 11:45:00,57788.2,57818.0,57750.0,57750.0,1380
2026-04-21 11:50:00,57799.8,57799.8,57700.8,57700.8,240
2026-04-21 11:55:00,57700.8,57735.0,57700.8,57735.0,30
2026-04-21 12:00:00,57735.0,57774.0,57735.0,57774.0,90
2026-04-21 12:05:00,57774.0,57774.0,57760.0,57765.0,210
2026-04-21 12:10:00,57765.0,57825.0,57765.0,57805.0,720
2026-04-21 12:15:00,57805.0,57805.0,57775.0,57775.0,30
2026-04-21 12:20:00,57775.0,57824.6,57775.0,57790.6,540
2026-04-21 12:25:00,57790.6,57790.6,57790.0,57790.0,240
2026-04-21 12:30:00,57790.0,57790.0,57772.2,57775.0,60
2026-04-21 12:35:00,57765.2,57771.2,57765.2,57771.2,120
2026-04-21 12:40:00,57771.2,57800.0,57771.2,57800.0,90
2026-04-21 12:45:00,57800.0,57800.0,57800.0,57800.0,0
2026-04-21 12:50:00,57780.0,57800.0,57780.0,57800.0,300
2026-04-21 12:55:00,57800.0,57824.6,57800.0,57824.6,270
2026-04-21 13:00:00,57824.6,57850.0,57824.6,57848.8,450
2026-04-21 13:05:00,57848.8,57848.8,57848.8,57848.8,0
2026-04-21 13:10:00,57848.8,57848.8,57797.6,57840.0,210
2026-04-21 13:15:00,57840.0,57865.0,57840.0,57865.0,570
2026-04-21 13:20:00,57865.0,57870.0,57850.0,57850.0,180
2026-04-21 13:25:00,57850.0,57850.0,57832.6,57846.0,60
2026-04-21 13:30:00,57846.0,57878.0,57834.6,57878.0,930
2026-04-21 13:35:00,57878.0,57878.0,57850.0,57850.0,450
2026-04-21 13:40:00,57870.0,57870.0,57820.0,57822.0,300
2026-04-21 13:45:00,57822.0,57879.8,57822.0,57879.8,180
2026-04-21 13:50:00,57879.8,57885.0,57879.8,57885.0,120
2026-04-21 13:55:00,57885.0,57940.0,57885.0,57940.0,2340
2026-04-21 14:00:00,57940.0,57940.0,57880.0,57880.0,150
2026-04-21 14:05:00,57880.0,57880.0,57841.0,57841.0,90
2026-04-21 14:10:00,57841.0,57899.6,57835.0,57899.6,1590
2026-04-21 14:15:00,57899.6,57899.6,57864.6,57871.2,180
2026-04-21 14:20:00,57871.2,57891.8,57854.2,57854.2,150
2026-04-21 14:25:00,57854.2,57896.0,57854.2,57872.2,360
2026-04-21 14:30:00,57872.2,57886.2,57850.2,57882.4,150
2026-04-21 14:35:00,57882.4,57882.4,57808.8,57809.2,120
2026-04-21 14:40:00,57809.2,57859.8,57809.2,57816.0,90
2026-04-21 14:45:00,57816.0,57816.0,57779.2,57801.2,360
2026-04-21 14:50:00,57801.2,57889.6,57801.2,57870.4,270
2026-04-21 14:55:00,57853.2,57900.0,57853.2,57900.0,450
2026-04-21 15:00:00,57905.0,57920.0,57890.0,57920.0,570
2026-04-21 15:05:00,57920.0,57920.0,57876.6,57920.0,300
2026-04-21 15:10:00,57920.0,57920.0,57897.4,57901.4,450
2026-04-21 15:15:00,57901.4,57940.0,57875.6,57915.0,1500
2026-04-21 15:20:00,57915.0,57920.0,57881.2,57910.8,810
2026-04-21 15:25:00,57910.8,57963.0,57888.0,57950.0,810
2026-04-22 09:15:00,57950.0,57950.0,57745.0,57826.2,510
2026-04-22 09:20:00,57826.2,57934.0,57825.0,57880.0,720
2026-04-22 09:25:00,57880.0,57880.0,57775.0,57775.0,1230
2026-04-22 09:30:00,57775.0,57793.0,57750.0,57750.0,1380
2026-04-22 09:35:00,57750.0,57796.0,57749.6,57749.6,630
2026-04-22 09:40:00,57749.6,57774.8,57725.0,57725.0,450
2026-04-22 09:45:00,57725.0,57771.0,57718.0,57771.0,750
2026-04-22 09:50:00,57771.0,57771.0,57725.0,57750.2,210
2026-04-22 09:55:00,57750.2,57750.2,57650.0,57650.0,990
2026-04-22 10:00:00,57650.0,57651.0,57593.6,57634.2,1950
2026-04-22 10:05:00,57634.2,57663.8,57620.6,57663.8,390
2026-04-22 10:10:00,57663.8,57699.8,57650.4,57670.0,180
2026-04-22 10:15:00,57670.0,57700.0,57670.0,57692.8,240
2026-04-22 10:20:00,57692.8,57695.0,57634.0,57634.0,1290
2026-04-22 10:25:00,57634.0,57666.6,57634.0,57646.2,150
2026-04-22 10:30:00,57646.2,57716.0,57646.2,57699.8,1170
2026-04-22 10:35:00,57699.8,57770.0,57679.2,57770.0,450
2026-04-22 10:40:00,57770.0,57882.0,57770.0,57872.0,1740
2026-04-22 10:45:00,57872.0,57962.4,57837.4,57900.0,2040
2026-04-22 10:50:00,57900.0,57961.0,57899.0,57961.0,570
2026-04-22 10:55:00,57961.0,58020.8,57956.0,57973.8,1470
2026-04-22 11:00:00,57973.8,58000.0,57935.4,57940.0,630
2026-04-22 11:05:00,57940.0,57940.2,57901.0,57904.8,240
2026-04-22 11:10:00,57904.8,57935.0,57858.4,57935.0,870
2026-04-22 11:15:00,57935.0,57998.8,57923.0,57998.8,420
2026-04-22 11:20:00,57998.8,58020.0,57963.4,58019.8,720
2026-04-22 11:25:00,58019.8,58028.2,57975.0,57975.0,570
2026-04-22 11:30:00,57975.0,57980.0,57950.0,57976.0,390
2026-04-22 11:35:00,57976.0,57976.0,57940.0,57960.4,210
2026-04-22 11:40:00,57960.4,57960.4,57946.6,57958.0,60
2026-04-22 11:45:00,57958.0,57958.0,57856.4,57891.0,810
2026-04-22 11:50:00,57891.0,57931.2,57891.0,57923.0,450
2026-04-22 11:55:00,57923.0,57978.8,57923.0,57978.8,270
2026-04-22 12:00:00,57978.8,57978.8,57950.2,57955.8,390
2026-04-22 12:05:00,57955.8,57955.8,57928.4,57928.4,120
2026-04-22 12:10:00,57928.4,57928.4,57825.8,57850.4,600
2026-04-22 12:15:00,57850.4,57851.8,57814.6,57834.4,390
2026-04-22 12:20:00,57834.4,57877.8,57800.0,57802.6,540
2026-04-22 12:25:00,57802.6,57895.4,57802.6,57847.4,450
2026-04-22 12:30:00,57847.4,57920.0,57847.4,57895.6,540
2026-04-22 12:35:00,57895.6,57900.0,57846.0,57846.0,240
2026-04-22 12:40:00,57846.0,57879.6,57846.0,57879.6,60
2026-04-22 12:45:00,57879.6,57889.8,57810.0,57810.0,690
2026-04-22 12:50:00,57810.0,57880.8,57810.0,57880.6,180
2026-04-22 12:55:00,57880.6,57890.0,57850.8,57890.0,150
2026-04-22 13:00:00,57890.0,57890.0,57851.0,57860.0,90
2026-04-22 13:05:00,57860.0,57910.0,57860.0,57865.0,300
2026-04-22 13:10:00,57865.0,57865.0,57853.6,57853.6,90
2026-04-22 13:15:00,57853.6,57882.4,57835.0,57835.0,150
2026-04-22 13:20:00,57835.0,57835.0,57780.0,57780.0,270
2026-04-22 13:25:00,57780.0,57851.0,57780.0,57851.0,60
2026-04-22 13:30:00,57851.0,57851.0,57810.4,57810.4,90
2026-04-22 13:35:00,57810.4,57897.0,57810.4,57897.0,120
2026-04-22 13:40:00,57897.0,57900.0,57873.2,57900.0,120
2026-04-22 13:45:00,57900.0,57921.0,57887.4,57921.0,300
2026-04-22 13:50:00,57921.0,57921.0,57889.8,57889.8,60
2026-04-22 13:55:00,57889.8,57949.6,57870.4,57949.6,180
2026-04-22 14:00:00,57949.6,57949.6,57823.2,57823.2,270
2026-04-22 14:05:00,57823.2,57850.0,57812.4,57850.0,150
2026-04-22 14:10:00,57850.0,57850.0,57800.0,57821.8,300
2026-04-22 14:15:00,57821.8,57821.8,57706.4,57710.6,420
2026-04-22 14:20:00,57710.6,57790.0,57710.6,57790.0,90
2026-04-22 14:25:00,57790.0,57796.0,57766.6,57766.6,60
2026-04-22 14:30:00,57766.6,57825.6,57766.6,57802.8,150
2026-04-22 14:35:00,57802.8,57802.8,57781.6,57782.8,120
2026-04-22 14:40:00,57782.8,57813.6,57782.8,57790.0,120
2026-04-22 14:45:00,57790.0,57790.0,57756.8,57780.8,150
2026-04-22 14:50:00,57742.0,57782.0,57742.0,57780.0,330
2026-04-22 14:55:00,57780.0,57791.6,57742.0,57742.0,270
2026-04-22 15:00:00,57742.0,57742.0,57700.0,57700.0,1440
2026-04-22 15:05:00,57700.0,57700.6,57690.0,57700.6,1260
2026-04-22 15:10:00,57700.6,57717.6,57675.0,57679.8,810
2026-04-22 15:15:00,57679.8,57692.8,57660.0,57670.0,540
2026-04-22 15:20:00,57670.0,57716.0,57660.0,57670.0,750
2026-04-22 15:25:00,57670.0,57737.4,57651.0,57737.4,1380
2026-04-23 09:15:00,57337.6,57337.6,57134.0,57225.0,3810
2026-04-23 09:20:00,57225.0,57280.0,57200.0,57238.0,2310
2026-04-23 09:25:00,57238.0,57287.0,57155.6,57265.8,1920
2026-04-23 09:30:00,57265.8,57299.8,57174.2,57211.2,1740
2026-04-23 09:35:00,57211.2,57231.6,57151.6,57231.6,540
2026-04-23 09:40:00,57200.0,57274.4,57165.8,57221.8,1230
2026-04-23 09:45:00,57221.8,57316.0,57210.4,57316.0,420
2026-04-23 09:50:00,57316.0,57389.8,57316.0,57358.0,960
2026-04-23 09:55:00,57358.0,57390.0,57330.0,57330.0,390
2026-04-23 10:00:00,57330.0,57348.4,57303.0,57348.4,210
2026-04-23 10:05:00,57348.4,57368.4,57288.8,57295.0,270
2026-04-23 10:10:00,57295.0,57296.8,57250.0,57296.8,540
2026-04-23 10:15:00,57296.8,57296.8,57289.6,57289.6,150
2026-04-23 10:20:00,57289.6,57329.0,57280.0,57280.0,330
2026-04-23 10:25:00,57280.0,57300.2,57250.0,57275.0,210
2026-04-23 10:30:00,57275.0,57275.0,57220.2,57248.4,240
2026-04-23 10:35:00,57248.4,57259.8,57172.2,57172.2,990
2026-04-23 10:40:00,57172.2,57200.0,57150.0,57150.0,540
2026-04-23 10:45:00,57150.0,57152.0,57045.2,57128.6,2670
2026-04-23 10:50:00,57128.6,57128.6,57031.8,57100.0,570
2026-04-23 10:55:00,57100.0,57120.6,57050.0,57104.0,1320
2026-04-23 11:00:00,57104.0,57150.8,57077.2,57150.8,840
2026-04-23 11:05:00,57150.8,57150.8,57093.0,57107.0,690
2026-04-23 11:10:00,57107.0,57151.8,57080.0,57100.0,150
2026-04-23 11:15:00,57100.0,57103.0,57055.0,57055.0,510
2026-04-23 11:20:00,57055.0,57080.8,57050.0,57050.0,450
2026-04-23 11:25:00,57050.0,57100.0,57050.0,57092.6,150
2026-04-23 11:30:00,57092.6,57119.6,57076.4,57119.6,150
2026-04-23 11:35:00,57119.6,57119.6,57100.0,57100.4,330
2026-04-23 11:40:00,57100.4,57100.4,57050.0,57050.0,300
2026-04-23 11:45:00,57050.0,57068.8,57029.0,57061.0,990
2026-04-23 11:50:00,57061.0,57115.2,57050.0,57110.0,450
2026-04-23 11:55:00,57110.0,57110.0,57080.2,57091.8,270
2026-04-23 12:00:00,57091.8,57091.8,57075.4,57075.4,120
2026-04-23 12:05:00,57075.4,57080.0,57051.6,57080.0,210
2026-04-23 12:10:00,57080.0,57107.8,57073.6,57107.8,390
2026-04-23 12:15:00,57107.8,57107.8,57075.0,57075.0,120
2026-04-23 12:20:00,57075.0,57121.2,57075.0,57100.0,360
2026-04-23 12:25:00,57100.0,57100.0,57000.0,57000.0,1650
2026-04-23 12:30:00,57000.0,57000.0,56910.4,56943.0,720
2026-04-23 12:35:00,56972.4,57019.8,56930.0,56937.2,960
2026-04-23 12:40:00,56937.2,56969.2,56925.2,56946.6,840
2026-04-23 12:45:00,56946.6,56946.6,56850.0,56850.0,1350
2026-04-23 12:50:00,56850.0,56873.6,56800.0,56873.6,1440
2026-04-23 12:55:00,56873.6,56882.2,56842.4,56879.2,810
2026-04-23 13:00:00,56879.2,56879.2,56850.0,56870.0,840
2026-04-23 13:05:00,56870.0,56924.2,56870.0,56907.0,420
2026-04-23 13:10:00,56907.0,56918.0,56892.0,56912.6,330
2026-04-23 13:15:00,56912.6,56950.0,56880.0,56950.0,930
2026-04-23 13:20:00,56950.0,57050.0,56950.0,57005.0,1050
2026-04-23 13:25:00,57005.0,57050.0,57000.0,57009.2,780
2026-04-23 13:30:00,57009.2,57030.0,56987.2,56987.2,480
2026-04-23 13:35:00,56987.2,56987.2,56853.2,56853.2,570
2026-04-23 13:40:00,56853.2,56902.6,56853.2,56877.4,120
2026-04-23 13:45:00,56877.4,56886.8,56855.0,56856.0,240
2026-04-23 13:50:00,56856.0,56925.0,56851.0,56890.0,330
2026-04-23 13:55:00,56890.0,56940.0,56854.2,56921.2,870
2026-04-23 14:00:00,56921.2,56921.2,56861.0,56888.2,480
2026-04-23 14:05:00,56888.2,56909.6,56845.0,56845.0,870
2026-04-23 14:10:00,56845.0,56849.6,56792.0,56792.0,1770
2026-04-23 14:15:00,56792.0,56857.4,56790.2,56800.8,1350
2026-04-23 14:20:00,56800.8,56852.6,56791.0,56820.0,1380
2026-04-23 14:25:00,56820.0,56829.0,56757.8,56757.8,1020
2026-04-23 14:30:00,56757.8,56797.0,56750.0,56771.6,750
2026-04-23 14:35:00,56771.6,56810.0,56741.0,56800.0,630
2026-04-23 14:40:00,56800.0,56800.0,56780.0,56781.0,360
2026-04-23 14:45:00,56781.0,56850.0,56754.2,56820.0,450
2026-04-23 14:50:00,56820.0,56846.4,56791.2,56820.2,450
2026-04-23 14:55:00,56820.2,56820.2,56768.8,56769.0,270
2026-04-23 15:00:00,56769.0,56900.0,56769.0,56834.8,720
2026-04-23 15:05:00,56834.8,56840.0,56783.6,56783.6,660
2026-04-23 15:10:00,56783.6,56790.0,56751.0,56751.0,810
2026-04-23 15:15:00,56751.0,56780.0,56740.0,56780.0,630
2026-04-23 15:20:00,56780.0,56830.0,56780.0,56800.0,1110
2026-04-23 15:25:00,56800.0,56849.0,56800.0,56831.0,1110
2026-04-24 09:15:00,56866.6,56927.0,56789.6,56900.6,1050
2026-04-24 09:20:00,56900.6,56925.0,56816.2,56821.6,780
2026-04-24 09:25:00,56821.6,56821.6,56688.4,56700.0,2400
2026-04-24 09:30:00,56700.0,56709.8,56600.0,56600.0,1710
2026-04-24 09:35:00,56600.0,56645.6,56580.0,56580.0,1020
2026-04-24 09:40:00,56580.0,56585.8,56545.6,56545.6,840
2026-04-24 09:45:00,56545.6,56545.6,56449.0,56500.0,1620
2026-04-24 09:50:00,56500.0,56500.0,56451.0,56480.0,2850
2026-04-24 09:55:00,56480.0,56480.0,56400.4,56449.0,1170
2026-04-24 10:00:00,56449.0,56595.0,56449.0,56553.4,2460
2026-04-24 10:05:00,56553.4,56582.8,56528.2,56528.2,330
2026-04-24 10:10:00,56528.2,56623.6,56520.0,56623.6,630
2026-04-24 10:15:00,56623.6,56623.6,56500.0,56500.0,720
2026-04-24 10:20:00,56500.0,56500.0,56480.2,56480.2,270
2026-04-24 10:25:00,56480.2,56485.0,56460.0,56475.0,270
2026-04-24 10:30:00,56460.0,56511.4,56460.0,56487.8,330
2026-04-24 10:35:00,56487.8,56487.8,56457.0,56457.0,150
2026-04-24 10:40:00,56457.0,56470.8,56457.0,56470.8,60
2026-04-24 10:45:00,56470.8,56500.0,56450.0,56468.0,930
2026-04-24 10:50:00,56468.0,56555.0,56468.0,56540.0,570
2026-04-24 10:55:00,56540.0,56570.8,56519.8,56533.8,420
2026-04-24 11:00:00,56533.8,56533.8,56459.6,56523.4,420
2026-04-24 11:05:00,56523.4,56550.0,56473.2,56500.0,390
2026-04-24 11:10:00,56500.0,56500.0,56452.0,56452.0,240
2026-04-24 11:15:00,56452.0,56500.0,56452.0,56500.0,300
2026-04-24 11:20:00,56500.0,56559.0,56500.0,56559.0,60
2026-04-24 11:25:00,56559.0,56571.8,56559.0,56559.0,150
2026-04-24 11:30:00,56559.0,56611.0,56559.0,56565.0,450
2026-04-24 11:35:00,56565.0,56583.0,56565.0,56574.6,90
2026-04-24 11:40:00,56574.6,56574.6,56506.4,56548.8,240
2026-04-24 11:45:00,56548.8,56548.8,56500.0,56500.0,120
2026-04-24 11:50:00,56500.0,56502.0,56465.8,56490.0,360
2026-04-24 11:55:00,56490.0,56518.4,56490.0,56518.4,90
2026-04-24 12:00:00,56518.4,56522.0,56518.4,56522.0,30
2026-04-24 12:05:00,56522.0,56565.2,56515.6,56552.6,270
2026-04-24 12:10:00,56552.6,56670.0,56552.6,56670.0,660
2026-04-24 12:15:00,56670.0,56675.0,56622.6,56640.0,840
2026-04-24 12:20:00,56640.0,56660.0,56609.6,56609.6,180
2026-04-24 12:25:00,56609.6,56609.6,56511.0,56511.0,330
2026-04-24 12:30:00,56511.0,56511.0,56500.0,56500.0,360
2026-04-24 12:35:00,56500.0,56550.0,56500.0,56550.0,150
2026-04-24 12:40:00,56550.0,56570.0,56511.6,56511.6,420
2026-04-24 12:45:00,56511.6,56555.0,56511.6,56555.0,180
2026-04-24 12:50:00,56555.0,56571.0,56534.8,56571.0,90
2026-04-24 12:55:00,56571.0,56571.0,56571.0,56571.0,0
2026-04-24 13:00:00,56571.0,56571.0,56508.4,56510.0,630
2026-04-24 13:05:00,56510.0,56535.8,56491.0,56496.4,330
2026-04-24 13:10:00,56496.4,56500.0,56430.0,56440.0,990
2026-04-24 13:15:00,56440.0,56467.4,56426.0,56466.4,420
2026-04-24 13:20:00,56466.4,56499.8,56443.0,56499.2,1380
2026-04-24 13:25:00,56499.2,56500.0,56474.6,56500.0,240
2026-04-24 13:30:00,56500.0,56500.0,56453.6,56453.8,90
2026-04-24 13:35:00,56453.8,56461.0,56370.0,56417.8,1590
2026-04-24 13:40:00,56417.8,56417.8,56301.4,56325.0,1110
2026-04-24 13:45:00,56325.0,56386.0,56325.0,56386.0,150
2026-04-24 13:50:00,56386.0,56421.6,56377.6,56388.0,570
2026-04-24 13:55:00,56388.0,56400.0,56380.0,56380.0,390
2026-04-24 14:00:00,56380.0,56380.0,56351.2,56351.2,90
2026-04-24 14:05:00,56351.2,56416.6,56306.6,56416.6,270
2026-04-24 14:10:00,56416.6,56441.2,56389.4,56414.4,630
2026-04-24 14:15:00,56414.4,56460.0,56414.4,56458.0,180
2026-04-24 14:20:00,56458.0,56501.0,56458.0,56470.0,420
2026-04-24 14:25:00,56470.0,56580.0,56458.0,56580.0,480
2026-04-24 14:30:00,56580.0,56675.8,56538.4,56675.8,870
2026-04-24 14:35:00,56675.8,56748.4,56645.2,56744.4,720
2026-04-24 14:40:00,56744.4,56758.4,56687.6,56707.2,900
2026-04-24 14:45:00,56707.2,56758.4,56707.2,56734.8,300
2026-04-24 14:50:00,56734.8,56734.8,56647.8,56653.4,480
2026-04-24 14:55:00,56653.4,56670.0,56651.2,56651.2,210
2026-04-24 15:00:00,56651.2,56651.2,56565.8,56584.0,870
2026-04-24 15:05:00,56584.0,56669.4,56534.0,56669.4,450
2026-04-24 15:10:00,56669.4,56669.4,56659.8,56659.8,330
2026-04-24 15:15:00,56659.8,56775.2,56658.0,56750.0,1140
2026-04-24 15:20:00,56750.0,56750.0,56660.0,56700.0,600
2026-04-24 15:25:00,56700.0,56700.0,56650.0,56685.2,870
2026-04-27 09:15:00,56806.0,57001.0,56806.0,56842.0,2280
2026-04-27 09:20:00,56842.0,56961.8,56802.0,56852.4,1830
2026-04-27 09:25:00,56852.4,56900.4,56772.2,56861.2,1380
2026-04-27 09:30:00,56861.2,56875.0,56720.0,56720.0,630
2026-04-27 09:35:00,56720.0,56766.8,56681.2,56712.8,1080
2026-04-27 09:40:00,56712.8,56740.0,56665.0,56722.0,270
2026-04-27 09:45:00,56722.0,56790.0,56722.0,56790.0,150
2026-04-27 09:50:00,56790.0,56871.6,56790.0,56845.4,330
2026-04-27 09:55:00,56845.4,56850.0,56840.6,56850.0,90
2026-04-27 10:00:00,56850.0,56850.0,56799.0,56832.2,1050
2026-04-27 10:05:00,56832.2,56853.8,56761.4,56853.8,840
2026-04-27 10:10:00,56853.8,56853.8,56800.0,56800.0,60
2026-04-27 10:15:00,56800.0,56829.2,56800.0,56819.8,60
2026-04-27 10:20:00,56819.8,56819.8,56715.4,56715.4,1710
2026-04-27 10:25:00,56715.4,56715.4,56632.6,56682.4,630
2026-04-27 10:30:00,56682.4,56682.4,56555.0,56573.8,1080
2026-04-27 10:35:00,56573.8,56573.8,56509.4,56509.4,570
2026-04-27 10:40:00,56509.4,56604.4,56509.4,56604.4,630
2026-04-27 10:45:00,56604.4,56690.0,56550.2,56690.0,450
2026-04-27 10:50:00,56690.0,56737.6,56690.0,56735.0,240
2026-04-27 10:55:00,56735.0,56735.0,56685.6,56685.6,270
2026-04-27 11:00:00,56685.6,56685.6,56605.4,56650.0,210
2026-04-27 11:05:00,56650.0,56670.0,56605.0,56605.0,300
2026-04-27 11:10:00,56605.0,56605.0,56600.2,56603.4,90
2026-04-27 11:15:00,56603.4,56700.0,56603.4,56700.0,30
2026-04-27 11:20:00,56700.0,56700.0,56615.4,56615.4,510
2026-04-27 11:25:00,56615.4,56620.0,56570.0,56570.0,480
2026-04-27 11:30:00,56570.0,56614.2,56550.8,56557.4,810
2026-04-27 11:35:00,56557.4,56568.0,56506.0,56568.0,2460
2026-04-27 11:40:00,56568.0,56569.0,56528.2,56561.0,810
2026-04-27 11:45:00,56561.0,56625.0,56529.2,56625.0,330
2026-04-27 11:50:00,56625.0,56650.0,56615.0,56650.0,600
2026-04-27 11:55:00,56650.0,56669.0,56636.8,56669.0,90
2026-04-27 12:00:00,56669.0,56669.0,56600.0,56600.0,120
2026-04-27 12:05:00,56600.0,56633.4,56600.0,56633.4,480
2026-04-27 12:10:00,56633.4,56633.4,56575.2,56606.6,180
2026-04-27 12:15:00,56606.6,56658.6,56606.6,56658.6,330
2026-04-27 12:20:00,56658.6,56658.6,56583.2,56606.2,150
2026-04-27 12:25:00,56606.2,56639.0,56588.6,56623.4,360
2026-04-27 12:30:00,56623.4,56623.4,56591.4,56620.0,420
2026-04-27 12:35:00,56620.0,56679.8,56620.0,56647.6,450
2026-04-27 12:40:00,56647.6,56647.6,56580.4,56613.6,300
2026-04-27 12:45:00,56613.6,56613.6,56559.8,56608.2,390
2026-04-27 12:50:00,56608.2,56646.6,56561.8,56595.8,570
2026-04-27 12:55:00,56595.8,56607.2,56560.4,56560.4,120
2026-04-27 13:00:00,56560.4,56680.0,56560.4,56680.0,240
2026-04-27 13:05:00,56680.0,56719.6,56670.0,56709.8,210
2026-04-27 13:10:00,56709.8,56784.8,56709.8,56784.8,450
2026-04-27 13:15:00,56784.8,56825.0,56771.2,56771.2,330
2026-04-27 13:20:00,56771.2,56812.0,56704.6,56812.0,360
2026-04-27 13:25:00,56812.0,56836.6,56812.0,56836.6,120
2026-04-27 13:30:00,56836.6,56885.0,56800.0,56885.0,780
2026-04-27 13:35:00,56885.0,56900.0,56840.2,56883.8,810
2026-04-27 13:40:00,56883.8,56883.8,56863.0,56863.0,150
2026-04-27 13:45:00,56863.0,56883.0,56863.0,56883.0,210
2026-04-27 13:50:00,56883.0,56883.0,56825.0,56874.2,810
2026-04-27 13:55:00,56874.2,56875.0,56831.6,56833.2,180
2026-04-27 14:00:00,56833.2,56875.0,56779.0,56779.0,210
2026-04-27 14:05:00,56779.0,56849.2,56779.0,56809.0,60
2026-04-27 14:10:00,56809.0,56850.0,56800.6,56827.6,240
2026-04-27 14:15:00,56827.6,56883.0,56812.0,56883.0,240
2026-04-27 14:20:00,56883.0,56883.0,56808.2,56857.2,150
2026-04-27 14:25:00,56857.2,56857.2,56816.8,56851.4,60
2026-04-27 14:30:00,56851.4,56851.4,56750.0,56750.0,510
2026-04-27 14:35:00,56750.0,56794.4,56750.0,56794.4,240
2026-04-27 14:40:00,56794.4,56818.8,56767.4,56818.8,390
2026-04-27 14:45:00,56818.8,56829.4,56780.2,56829.4,240
2026-04-27 14:50:00,56829.4,56866.8,56780.2,56866.8,840
2026-04-27 14:55:00,56866.8,56875.0,56839.2,56875.0,1410
2026-04-27 15:00:00,56875.0,56875.0,56818.6,56845.0,360
2026-04-27 15:05:00,56845.0,56849.8,56824.4,56827.4,780
2026-04-27 15:10:00,56827.4,56885.0,56824.4,56885.0,420
2026-04-27 15:15:00,56885.0,56885.0,56820.4,56820.4,300
2026-04-27 15:20:00,56820.4,56842.0,56815.2,56840.0,150
2026-04-27 15:25:00,56840.0,56885.0,56830.2,56885.0,810
2026-04-28 09:15:00,56600.0,56600.0,56421.0,56475.0,4110
2026-04-28 09:20:00,56475.0,56525.0,56450.0,56479.6,2400
2026-04-28 09:25:00,56479.6,56631.8,56479.6,56600.2,2790
2026-04-28 09:30:00,56600.2,56636.0,56557.2,56618.2,1260
2026-04-28 09:35:00,56618.2,56650.0,56573.2,56620.0,630
2026-04-28 09:40:00,56620.0,56650.0,56602.4,56635.0,840
2026-04-28 09:45:00,56635.0,56669.6,56599.8,56599.8,570
2026-04-28 09:50:00,56599.8,56606.2,56550.0,56584.2,300
2026-04-28 09:55:00,56584.2,56698.4,56584.2,56698.4,750
2026-04-28 10:00:00,56698.4,56699.6,56668.6,56668.6,1410
2026-04-28 10:05:00,56668.6,56700.6,56660.0,56689.0,450
2026-04-28 10:10:00,56689.0,56699.8,56640.0,56640.0,420
2026-04-28 10:15:00,56640.0,56641.8,56600.0,56615.6,300
2026-04-28 10:20:00,56615.6,56649.0,56615.6,56649.0,180
2026-04-28 10:25:00,56649.0,56649.0,56580.0,56585.0,1470
2026-04-28 10:30:00,56585.0,56585.0,56550.0,56550.0,810
2026-04-28 10:35:00,56550.0,56555.0,56510.0,56510.0,510
2026-04-28 10:40:00,56510.0,56515.0,56481.0,56510.0,540
2026-04-28 10:45:00,56510.0,56585.6,56510.0,56585.6,210
2026-04-28 10:50:00,56585.6,56587.6,56540.0,56587.6,300
2026-04-28 10:55:00,56587.6,56602.0,56587.6,56602.0,120
2026-04-28 11:00:00,56602.0,56602.0,56540.0,56540.0,300
2026-04-28 11:05:00,56540.0,56540.0,56475.0,56505.0,810
2026-04-28 11:10:00,56505.0,56505.0,56460.0,56478.8,1290
2026-04-28 11:15:00,56478.8,56478.8,56450.0,56450.0,870
2026-04-28 11:20:00,56450.0,56486.2,56400.0,56400.0,1800
2026-04-28 11:25:00,56400.0,56400.0,56300.0,56324.2,1710
2026-04-28 11:30:00,56324.2,56324.2,56205.4,56275.0,1680
2026-04-28 11:35:00,56275.0,56331.4,56233.0,56300.8,1470
2026-04-28 11:40:00,56300.8,56350.0,56300.8,56301.0,600
2026-04-28 11:45:00,56301.0,56339.8,56290.2,56290.2,420
2026-04-28 11:50:00,56290.2,56325.0,56265.0,56265.0,150
2026-04-28 11:55:00,56265.0,56294.2,56265.0,56266.0,240
2026-04-28 12:00:00,56266.0,56273.6,56180.2,56239.8,1950
2026-04-28 12:05:00,56239.8,56239.8,56200.0,56215.0,540
2026-04-28 12:10:00,56215.0,56245.6,56215.0,56235.8,240
2026-04-28 12:15:00,56235.8,56320.0,56235.8,56266.8,600
2026-04-28 12:20:00,56266.8,56270.0,56201.0,56201.0,1560
2026-04-28 12:25:00,56201.0,56237.4,56201.0,56210.0,510
2026-04-28 12:30:00,56210.0,56235.0,56201.2,56231.0,120
2026-04-28 12:35:00,56231.0,56278.4,56209.0,56249.8,720
2026-04-28 12:40:00,56249.8,56288.6,56233.2,56288.6,360
2026-04-28 12:45:00,56288.6,56309.2,56263.8,56267.8,690
2026-04-28 12:50:00,56267.8,56270.0,56238.6,56266.0,690
2026-04-28 12:55:00,56266.0,56266.0,56200.0,56200.0,1140
2026-04-28 13:00:00,56200.0,56220.0,56180.0,56201.0,570
2026-04-28 13:05:00,56201.0,56241.2,56201.0,56241.2,360
2026-04-28 13:10:00,56241.2,56241.2,56198.0,56198.0,840
2026-04-28 13:15:00,56198.0,56270.0,56198.0,56266.2,360
2026-04-28 13:20:00,56266.2,56272.4,56216.4,56260.8,480
2026-04-28 13:25:00,56260.8,56287.8,56200.0,56223.8,750
2026-04-28 13:30:00,56223.8,56223.8,56128.0,56139.4,1500
2026-04-28 13:35:00,56139.4,56210.4,56128.4,56130.2,1890
2026-04-28 13:40:00,56130.2,56194.8,56127.8,56176.4,1050
2026-04-28 13:45:00,56176.4,56186.4,56145.0,56170.2,870
2026-04-28 13:50:00,56170.2,56200.0,56150.2,56200.0,600
2026-04-28 13:55:00,56200.0,56200.0,56150.0,56199.2,870
2026-04-28 14:00:00,56199.2,56199.2,56150.0,56163.6,300
2026-04-28 14:05:00,56159.8,56159.8,56100.2,56138.4,720
2026-04-28 14:10:00,56138.4,56138.4,56068.8,56099.8,1140
2026-04-28 14:15:00,56099.8,56137.0,56050.0,56137.0,990
2026-04-28 14:20:00,56137.0,56138.6,56095.2,56100.0,750
2026-04-28 14:25:00,56100.0,56118.4,56100.0,56100.0,1080
2026-04-28 14:30:00,56100.0,56197.8,56100.0,56175.0,1050
2026-04-28 14:35:00,56175.0,56186.2,56125.0,56139.6,1140
2026-04-28 14:40:00,56139.6,56155.2,56119.4,56150.0,480
2026-04-28 14:45:00,56150.0,56186.0,56134.4,56165.0,360
2026-04-28 14:50:00,56165.0,56197.0,56154.0,56190.0,780
2026-04-28 14:55:00,56190.0,56197.8,56132.2,56164.8,900
2026-04-28 15:00:00,56164.8,56173.6,56020.2,56020.2,3000
2026-04-28 15:05:00,56020.2,56057.6,56000.0,56000.0,2790
2026-04-28 15:10:00,56000.0,56020.8,55930.0,55966.2,2910
2026-04-28 15:15:00,55966.2,55966.2,55815.6,55890.4,4350
2026-04-28 15:20:00,55886.4,55950.0,55850.2,55940.0,1860
2026-04-28 15:25:00,55940.0,56026.8,55940.0,55990.0,2760
2026-04-29 09:15:00,56030.0,56145.4,55922.8,56027.2,3300
2026-04-29 09:20:00,56027.2,56097.4,55966.2,55967.0,2520
2026-04-29 09:25:00,55967.0,56075.0,55966.2,56075.0,810
2026-04-29 09:30:00,56075.0,56121.0,56045.8,56045.8,780
2026-04-29 09:35:00,56045.8,56045.8,55901.0,55948.4,1350
2026-04-29 09:40:00,55948.4,56055.4,55923.4,56055.4,1140
2026-04-29 09:45:00,56055.4,56198.0,56055.4,56198.0,2820
2026-04-29 09:50:00,56198.0,56199.0,56131.6,56190.4,1020
2026-04-29 09:55:00,56190.4,56200.2,56156.4,56200.2,720
2026-04-29 10:00:00,56200.2,56290.0,56200.2,56262.4,1020
2026-04-29 10:05:00,56262.4,56334.8,56262.4,56329.6,1170
2026-04-29 10:10:00,56329.6,56394.8,56300.0,56394.8,690
2026-04-29 10:15:00,56392.8,56420.0,56392.4,56392.4,1620
2026-04-29 10:20:00,56392.4,56461.4,56390.0,56445.0,2580
2026-04-29 10:25:00,56445.0,56467.2,56391.2,56445.0,1020
2026-04-29 10:30:00,56445.0,56445.0,56365.8,56400.0,1320
2026-04-29 10:35:00,56400.0,56445.4,56329.6,56361.8,990
2026-04-29 10:40:00,56361.8,56400.0,56361.8,56397.4,480
2026-04-29 10:45:00,56403.6,56410.0,56370.0,56410.0,630
2026-04-29 10:50:00,56410.0,56439.2,56392.8,56433.0,300
2026-04-29 10:55:00,56433.0,56450.0,56425.0,56448.0,630
2026-04-29 11:00:00,56448.0,56490.0,56361.8,56361.8,1620
2026-04-29 11:05:00,56361.8,56446.4,56322.2,56418.8,960
2026-04-29 11:10:00,56418.8,56418.8,56389.4,56399.0,690
2026-04-29 11:15:00,56399.0,56441.4,56399.0,56432.4,210
2026-04-29 11:20:00,56432.4,56520.0,56432.4,56520.0,1890
2026-04-29 11:25:00,56520.0,56547.2,56455.0,56455.0,690
2026-04-29 11:30:00,56455.0,56490.0,56455.0,56460.0,90
2026-04-29 11:35:00,56460.0,56460.2,56426.2,56436.4,540
2026-04-29 11:40:00,56436.4,56469.8,56430.0,56430.0,90
2026-04-29 11:45:00,56430.0,56430.0,56400.0,56415.0,150
2026-04-29 11:50:00,56415.0,56444.0,56415.0,56444.0,90
2026-04-29 11:55:00,56444.0,56444.0,56420.0,56420.0,60
2026-04-29 12:00:00,56420.0,56457.6,56420.0,56450.0,150
2026-04-29 12:05:00,56450.0,56500.0,56450.0,56500.0,450
2026-04-29 12:10:00,56500.0,56547.0,56500.0,56530.0,690
2026-04-29 12:15:00,56530.0,56560.0,56529.6,56560.0,660
2026-04-29 12:20:00,56560.0,56600.0,56545.0,56600.0,420
2026-04-29 12:25:00,56600.0,56650.0,56595.0,56612.8,1830
2026-04-29 12:30:00,56612.8,56666.0,56612.8,56666.0,780
2026-04-29 12:35:00,56666.0,56700.0,56659.6,56660.0,990
2026-04-29 12:40:00,56660.0,56699.0,56653.2,56680.0,300
2026-04-29 12:45:00,56680.0,56680.0,56641.2,56641.2,570
2026-04-29 12:50:00,56641.2,56670.0,56637.6,56638.2,300
2026-04-29 12:55:00,56638.2,56638.2,56616.0,56626.0,180
2026-04-29 13:00:00,56626.0,56631.4,56625.0,56631.4,270
2026-04-29 13:05:00,56631.4,56670.0,56631.4,56654.4,300
2026-04-29 13:10:00,56654.4,56667.4,56574.0,56627.8,420
2026-04-29 13:15:00,56627.8,56628.4,56573.6,56628.4,150
2026-04-29 13:20:00,56628.4,56628.4,56580.0,56580.0,60
2026-04-29 13:25:00,56580.0,56580.0,56550.0,56550.0,90
2026-04-29 13:30:00,56550.0,56571.0,56550.0,56571.0,450
2026-04-29 13:35:00,56571.0,56571.0,56450.0,56450.0,390
2026-04-29 13:40:00,56450.0,56450.0,56440.0,56440.0,150
2026-04-29 13:45:00,56440.0,56442.0,56400.0,56435.2,570
2026-04-29 13:50:00,56435.2,56482.0,56400.0,56440.0,420
2026-04-29 13:55:00,56440.0,56440.0,56358.0,56358.0,300
2026-04-29 14:00:00,56358.0,56358.0,56200.0,56200.0,1620
2026-04-29 14:05:00,56200.0,56259.0,56162.0,56162.0,1080
2026-04-29 14:10:00,56162.0,56217.2,56096.0,56103.8,1620
2026-04-29 14:15:00,56103.8,56120.2,56031.0,56031.0,1470
2026-04-29 14:20:00,56031.0,56119.4,55950.0,56105.0,2040
2026-04-29 14:25:00,56105.0,56105.0,56030.0,56030.0,630
2026-04-29 14:30:00,56030.0,56059.6,55973.8,56050.0,840
2026-04-29 14:35:00,56050.0,56079.0,56017.0,56079.0,480
2026-04-29 14:40:00,56079.0,56100.0,56075.0,56099.2,690
2026-04-29 14:45:00,56099.2,56099.2,56050.0,56075.0,480
2026-04-29 14:50:00,56075.0,56087.8,56049.0,56060.0,390
2026-04-29 14:55:00,56060.0,56070.0,55971.0,55971.0,1110
2026-04-29 15:00:00,55971.0,56040.0,55953.0,56013.8,570
2026-04-29 15:05:00,56013.8,56025.0,55990.0,56020.0,270
2026-04-29 15:10:00,56020.0,56020.0,55880.0,55880.0,2910
2026-04-29 15:15:00,55880.0,55898.8,55808.0,55856.0,1740
2026-04-29 15:20:00,55856.0,55856.0,55759.4,55760.6,2160
2026-04-29 15:25:00,55760.6,55841.4,55750.0,55830.0,3360
2026-04-30 09:15:00,55469.8,55469.8,55175.0,55213.0,10890
2026-04-30 09:20:00,55213.0,55263.2,55068.4,55097.8,7890
2026-04-30 09:25:00,55097.8,55121.8,54966.2,55025.6,5130
2026-04-30 09:30:00,55025.6,55155.6,54970.2,55155.6,3060
2026-04-30 09:35:00,55155.6,55181.8,55031.4,55063.4,3810
2026-04-30 09:40:00,55063.4,55172.2,55014.2,55162.8,2820
2026-04-30 09:45:00,55162.8,55162.8,55100.0,55120.6,1410
2026-04-30 09:50:00,55120.6,55149.2,55050.0,55068.0,1410
2026-04-30 09:55:00,55068.0,55068.4,54991.6,55016.6,1500
2026-04-30 10:00:00,55016.6,55016.6,54933.4,54952.2,1410
2026-04-30 10:05:00,54952.2,54984.2,54933.0,54954.6,690
2026-04-30 10:10:00,54954.6,54988.2,54941.2,54955.0,1110
2026-04-30 10:15:00,54955.0,55000.0,54884.8,54989.8,2130
2026-04-30 10:20:00,54989.8,54990.0,54840.0,54850.0,1800
2026-04-30 10:25:00,54850.0,54895.4,54815.0,54831.0,990
2026-04-30 10:30:00,54831.0,54880.0,54831.0,54843.0,990
2026-04-30 10:35:00,54843.0,54988.0,54843.0,54988.0,990
2026-04-30 10:40:00,54988.0,55014.8,54946.8,55014.8,660
2026-04-30 10:45:00,55014.8,55018.0,54900.0,54900.0,960
2026-04-30 10:50:00,54900.0,54938.0,54890.0,54890.2,540
2026-04-30 10:55:00,54890.2,54928.8,54880.0,54925.0,1200
2026-04-30 11:00:00,54920.0,54982.6,54918.6,54935.2,660
2026-04-30 11:05:00,54935.2,54980.2,54915.4,54961.0,480
2026-04-30 11:10:00,54961.0,54972.0,54942.0,54942.0,120
2026-04-30 11:15:00,54942.0,54967.0,54910.2,54947.2,390
2026-04-30 11:20:00,54947.2,54952.0,54912.0,54923.8,120
2026-04-30 11:25:00,54923.8,54975.0,54923.8,54975.0,270
2026-04-30 11:30:00,54975.0,54977.0,54972.0,54977.0,210
2026-04-30 11:35:00,54977.0,55069.0,54977.0,54994.2,510
2026-04-30 11:40:00,54994.2,55030.8,54957.0,55009.6,180
2026-04-30 11:45:00,55009.6,55009.6,54930.2,54999.4,210
2026-04-30 11:50:00,54999.4,54999.4,54906.0,54906.0,420
2026-04-30 11:55:00,54906.0,54922.0,54900.2,54910.0,390
2026-04-30 12:00:00,54910.0,54999.4,54910.0,54999.4,360
2026-04-30 12:05:00,54999.4,55098.0,54999.4,55090.0,1170
2026-04-30 12:10:00,55090.0,55145.0,55075.0,55145.0,1350
2026-04-30 12:15:00,55145.0,55195.0,55116.8,55146.0,810
2026-04-30 12:20:00,55146.0,55183.2,55070.0,55183.0,990
2026-04-30 12:25:00,55183.0,55227.0,55183.0,55199.0,690
2026-04-30 12:30:00,55199.0,55240.0,55196.0,55223.8,1020
2026-04-30 12:35:00,55223.8,55229.0,55149.4,55160.0,420
2026-04-30 12:40:00,55160.0,55199.8,55106.4,55150.0,570
2026-04-30 12:45:00,55150.0,55210.0,55150.0,55194.8,300
2026-04-30 12:50:00,55194.8,55194.8,55194.8,55194.8,30
2026-04-30 12:55:00,55194.8,55299.0,55194.8,55292.4,1530
2026-04-30 13:00:00,55292.4,55315.0,55241.6,55274.6,870
2026-04-30 13:05:00,55274.6,55300.0,55230.4,55300.0,360
2026-04-30 13:10:00,55300.0,55312.0,55245.0,55293.6,1020
2026-04-30 13:15:00,55293.6,55303.2,55223.0,55223.0,210
2026-04-30 13:20:00,55223.0,55340.0,55204.0,55325.0,690
2026-04-30 13:25:00,55325.0,55375.0,55312.2,55315.2,1080
2026-04-30 13:30:00,55315.2,55360.4,55300.0,55329.8,270
2026-04-30 13:35:00,55329.8,55399.0,55313.6,55375.0,750
2026-04-30 13:40:00,55375.0,55499.0,55327.6,55499.0,2070
2026-04-30 13:45:00,55499.0,55518.2,55450.0,55512.8,1680
2026-04-30 13:50:00,55512.8,55519.8,55384.8,55391.8,1050
2026-04-30 13:55:00,55391.8,55475.0,55391.8,55475.0,330
2026-04-30 14:00:00,55475.0,55475.0,55420.0,55437.8,630
2026-04-30 14:05:00,55437.8,55437.8,55349.0,55376.8,690
2026-04-30 14:10:00,55376.8,55451.2,55376.8,55400.0,240
2026-04-30 14:15:00,55400.0,55433.0,55301.6,55334.6,660
2026-04-30 14:20:00,55334.6,55400.0,55309.0,55400.0,270
2026-04-30 14:25:00,55400.0,55400.0,55367.4,55400.0,210
2026-04-30 14:30:00,55400.0,55426.6,55339.2,55426.6,270
2026-04-30 14:35:00,55426.6,55460.0,55426.6,55447.2,480
2026-04-30 14:40:00,55447.2,55495.0,55439.4,55489.0,540
2026-04-30 14:45:00,55489.0,55499.0,55411.6,55455.0,480
2026-04-30 14:50:00,55455.0,55455.0,55365.0,55366.4,630
2026-04-30 14:55:00,55366.4,55499.0,55363.8,55490.0,720
2026-04-30 15:00:00,55490.0,55499.0,55380.4,55427.2,750
2026-04-30 15:05:00,55427.2,55427.2,55315.0,55315.0,630
2026-04-30 15:10:00,55315.0,55319.8,55240.0,55280.2,1950
2026-04-30 15:15:00,55280.2,55399.8,55280.2,55399.8,810
2026-04-30 15:20:00,55399.8,55399.8,55358.6,55373.4,1980
2026-04-30 15:25:00,55373.4,55480.0,55373.4,55462.6,2370
2026-05-04 09:15:00,55685.0,55837.0,55612.8,55612.8,2580
2026-05-04 09:20:00,55612.8,55710.0,55612.8,55691.6,1320
2026-05-04 09:25:00,55691.6,55831.8,55680.2,55820.0,2010
2026-05-04 09:30:00,55822.0,55968.6,55822.0,55907.4,2430
2026-05-04 09:35:00,55907.4,55990.8,55887.0,55982.6,1920
2026-05-04 09:40:00,55982.6,56080.0,55980.0,56000.0,2730
2026-05-04 09:45:00,56000.0,56025.0,55950.2,55950.2,990
2026-05-04 09:50:00,55950.2,55950.2,55813.0,55833.4,1110
2026-05-04 09:55:00,55833.4,55969.6,55833.4,55929.4,690
2026-05-04 10:00:00,55929.4,55956.8,55864.6,55870.0,390
2026-05-04 10:05:00,55870.0,55950.8,55870.0,55889.0,1740
2026-05-04 10:10:00,55889.0,55889.0,55824.6,55824.6,630
2026-05-04 10:15:00,55824.6,55824.6,55752.6,55756.2,1080
2026-05-04 10:20:00,55756.2,55812.0,55756.2,55772.6,420
2026-05-04 10:25:00,55772.6,55879.4,55760.0,55879.4,450
2026-05-04 10:30:00,55879.4,55927.8,55867.8,55867.8,930
2026-05-04 10:35:00,55867.8,55867.8,55811.8,55856.8,300
2026-05-04 10:40:00,55856.8,55882.0,55835.2,55849.2,90
2026-05-04 10:45:00,55849.2,55900.2,55849.2,55900.2,150
2026-05-04 10:50:00,55900.2,55900.2,55867.8,55867.8,90
2026-05-04 10:55:00,55867.8,55867.8,55766.2,55768.2,660
2026-05-04 11:00:00,55768.2,55808.8,55765.0,55808.8,240
2026-05-04 11:05:00,55808.8,55883.8,55808.8,55850.6,510
2026-05-04 11:10:00,55850.6,55881.6,55850.6,55871.0,120
2026-05-04 11:15:00,55871.0,55895.0,55871.0,55895.0,30
2026-05-04 11:20:00,55895.0,55895.0,55867.4,55867.4,30
2026-05-04 11:25:00,55867.4,55899.0,55865.8,55899.0,90
2026-05-04 11:30:00,55899.0,55899.8,55861.8,55861.8,150
2026-05-04 11:35:00,55861.8,55949.8,55861.8,55915.0,240
2026-05-04 11:40:00,55915.0,55915.0,55915.0,55915.0,300
2026-05-04 11:45:00,55915.0,55925.0,55894.6,55925.0,60
2026-05-04 11:50:00,55925.0,55925.0,55848.4,55876.8,90
2026-05-04 11:55:00,55876.8,55876.8,55821.4,55860.0,180
2026-05-04 12:00:00,55860.0,55860.0,55800.0,55800.0,510
2026-05-04 12:05:00,55800.0,55801.0,55764.8,55799.6,180
2026-05-04 12:10:00,55799.6,55799.6,55560.0,55560.0,1950
2026-05-04 12:15:00,55560.0,55597.4,55500.0,55597.4,2310
2026-05-04 12:20:00,55597.4,55639.6,55560.0,55575.0,480
2026-05-04 12:25:00,55575.0,55580.8,55570.0,55570.0,150
2026-05-04 12:30:00,55570.0,55570.0,55504.2,55504.2,480
2026-05-04 12:35:00,55500.0,55530.6,55418.8,55493.4,1320
2026-05-04 12:40:00,55493.4,55516.6,55415.0,55415.0,720
2026-05-04 12:45:00,55415.0,55454.0,55350.0,55362.6,1230
2026-05-04 12:50:00,55362.6,55448.6,55350.0,55444.8,540
2026-05-04 12:55:00,55444.8,55444.8,55380.0,55380.0,1500
2026-05-04 13:00:00,55380.0,55410.0,55331.0,55410.0,1080
2026-05-04 13:05:00,55410.0,55434.0,55404.0,55404.0,180
2026-05-04 13:10:00,55404.0,55440.0,55404.0,55420.0,390
2026-05-04 13:15:00,55420.0,55420.0,55300.2,55339.6,540
2026-05-04 13:20:00,55339.6,55365.4,55300.0,55331.2,690
2026-05-04 13:25:00,55331.2,55388.2,55240.0,55240.0,570
2026-05-04 13:30:00,55235.0,55251.8,55185.4,55210.6,1230
2026-05-04 13:35:00,55200.0,55262.0,55170.2,55262.0,480
2026-05-04 13:40:00,55262.0,55369.8,55262.0,55350.0,810
2026-05-04 13:45:00,55350.0,55418.6,55350.0,55414.8,600
2026-05-04 13:50:00,55414.8,55414.8,55336.8,55350.0,570
2026-05-04 13:55:00,55350.0,55350.0,55260.0,55307.0,210
2026-05-04 14:00:00,55307.0,55325.2,55299.6,55325.2,240
2026-05-04 14:05:00,55325.2,55342.4,55296.0,55305.0,570
2026-05-04 14:10:00,55305.0,55405.4,55305.0,55405.2,270
2026-05-04 14:15:00,55400.0,55495.0,55398.0,55495.0,930
2026-05-04 14:20:00,55495.0,55496.0,55435.8,55450.0,330
2026-05-04 14:25:00,55450.0,55477.4,55382.2,55382.2,330
2026-05-04 14:30:00,55382.2,55459.2,55380.0,55380.0,270
2026-05-04 14:35:00,55380.0,55380.0,55333.0,55335.0,300
2026-05-04 14:40:00,55335.0,55340.0,55290.0,55320.0,270
2026-05-04 14:45:00,55320.0,55327.4,55280.0,55327.4,180
2026-05-04 14:50:00,55327.4,55327.4,55264.6,55307.8,300
2026-05-04 14:55:00,55307.8,55339.8,55215.0,55215.0,930
2026-05-04 15:00:00,55215.0,55313.6,55211.2,55313.6,240
2026-05-04 15:05:00,55313.6,55389.4,55313.6,55350.2,540
2026-05-04 15:10:00,55350.2,55402.2,55340.0,55401.8,960
2026-05-04 15:15:00,55401.8,55402.0,55380.0,55385.0,1110
2026-05-04 15:20:00,55385.0,55405.0,55355.6,55390.8,960
2026-05-04 15:25:00,55390.8,55390.8,55330.0,55331.0,780
2026-05-05 09:15:00,55153.8,55179.2,54912.4,55070.4,4800
2026-05-05 09:20:00,55070.4,55098.2,55001.2,55082.0,1680
2026-05-05 09:25:00,55082.0,55082.0,54960.8,54969.4,1590
2026-05-05 09:30:00,54969.4,55086.8,54969.4,55086.8,720
2026-05-05 09:35:00,55086.8,55100.0,55000.0,55000.0,2220
2026-05-05 09:40:00,55000.0,55033.4,54954.4,55014.2,900
2026-05-05 09:45:00,55014.2,55069.2,55014.0,55063.2,240
2026-05-05 09:50:00,55063.2,55090.0,55019.6,55090.0,480
2026-05-05 09:55:00,55090.0,55123.2,55090.0,55123.2,540
2026-05-05 10:00:00,55123.2,55124.0,55021.8,55067.6,600
2026-05-05 10:05:00,55067.6,55067.6,54969.6,54991.4,360
2026-05-05 10:10:00,54991.4,54991.4,54901.2,54910.0,1290
2026-05-05 10:15:00,54910.0,54938.8,54902.0,54935.6,360
2026-05-05 10:20:00,54935.6,54961.0,54927.4,54945.0,390
2026-05-05 10:25:00,54945.0,54945.0,54868.0,54874.8,1560
2026-05-05 10:30:00,54874.8,54930.0,54858.4,54858.4,2580
2026-05-05 10:35:00,54858.4,54884.6,54832.2,54832.2,1110
2026-05-05 10:40:00,54832.2,54893.4,54820.0,54877.0,1050
2026-05-05 10:45:00,54877.0,54901.4,54850.2,54850.2,270
2026-05-05 10:50:00,54850.2,54888.8,54800.0,54812.6,1290
2026-05-05 10:55:00,54812.6,54827.0,54750.0,54779.8,1380
2026-05-05 11:00:00,54779.8,54872.2,54752.2,54832.0,1830
2026-05-05 11:05:00,54832.0,54871.8,54813.6,54831.2,510
2026-05-05 11:10:00,54831.2,54850.0,54831.2,54831.2,150
2026-05-05 11:15:00,54831.2,54920.8,54831.2,54895.0,540
2026-05-05 11:20:00,54870.8,54870.8,54800.0,54819.0,210
2026-05-05 11:25:00,54819.0,54819.0,54790.2,54790.2,360
2026-05-05 11:30:00,54790.2,54862.4,54790.2,54828.2,90
2026-05-05 11:35:00,54828.2,54831.0,54820.0,54820.0,210
2026-05-05 11:40:00,54800.4,54816.4,54750.0,54750.0,1110
2026-05-05 11:45:00,54750.0,54750.0,54659.0,54660.6,1440
2026-05-06 11:45:00,55418.0,55423.0,55401.0,55401.0,90
2026-05-06 11:50:00,55401.0,55420.0,55380.0,55380.0,300
2026-05-06 11:55:00,55380.0,55445.4,55380.0,55410.0,510
2026-05-06 12:00:00,55410.0,55410.0,55355.0,55360.0,180
2026-05-06 12:05:00,55360.0,55360.0,55329.6,55349.0,900
2026-05-06 12:10:00,55349.0,55367.6,55310.2,55345.6,300
2026-05-06 12:15:00,55345.6,55345.6,55301.0,55325.0,600
2026-05-06 12:20:00,55325.0,55325.0,55200.0,55219.4,1860
2026-05-06 12:25:00,55226.2,55260.0,55146.0,55258.4,2910
2026-05-06 12:30:00,55258.4,55258.4,55188.0,55242.2,360
2026-05-06 12:35:00,55242.2,55242.2,55150.0,55150.0,690
2026-05-06 12:40:00,55150.0,55182.4,55145.0,55145.0,810
2026-05-06 12:45:00,55145.0,55152.4,55105.0,55147.4,990
2026-05-06 12:50:00,55147.4,55165.0,55120.0,55132.8,690
2026-05-06 12:55:00,55132.8,55159.0,55132.8,55159.0,360
2026-05-06 13:00:00,55159.0,55159.0,55088.6,55089.2,1080
2026-05-06 13:05:00,55089.2,55176.8,55089.2,55165.0,570
2026-05-06 13:10:00,55165.0,55198.8,55165.0,55198.8,450
2026-05-06 13:15:00,55198.8,55294.8,55198.8,55294.8,1320
2026-05-06 13:20:00,55294.8,55373.2,55280.6,55373.2,2310
2026-05-06 13:25:00,55373.2,55381.0,55346.8,55360.0,870
2026-05-06 13:30:00,55360.0,55452.4,55360.0,55452.0,2940
2026-05-06 13:35:00,55452.0,55461.4,55441.0,55442.6,1350
2026-05-06 13:40:00,55442.6,55455.0,55427.6,55440.0,1110
2026-05-06 13:45:00,55440.0,55468.8,55437.8,55440.0,720
2026-05-06 13:50:00,55440.0,55530.0,55435.4,55530.0,1530
2026-05-06 13:55:00,55530.0,55537.8,55480.2,55523.2,780
2026-05-06 14:00:00,55523.2,55569.0,55490.2,55540.0,900
2026-05-06 14:05:00,55540.0,55565.0,55530.2,55538.4,630
2026-05-06 14:10:00,55538.4,55602.0,55528.6,55602.0,1230
2026-05-06 14:15:00,55602.0,55689.8,55602.0,55670.0,1500
2026-05-06 14:20:00,55670.0,56150.0,55670.0,56150.0,13530
2026-05-06 14:25:00,56150.0,56350.0,56138.4,56340.0,8340
2026-05-06 14:30:00,56338.6,56438.8,56271.2,56350.0,7320
2026-05-06 14:35:00,56350.0,56375.8,56284.0,56300.0,3060
2026-05-06 14:40:00,56300.0,56429.8,56292.4,56380.0,2940
2026-05-06 14:45:00,56380.0,56450.0,56357.0,56430.2,2880
2026-05-06 14:50:00,56430.2,56474.8,56397.4,56445.8,2400
2026-05-06 14:55:00,56445.8,56520.0,56399.6,56519.8,3180
2026-05-06 15:00:00,56519.8,56560.0,56459.4,56545.0,3780
2026-05-06 15:05:00,56545.0,56545.0,56430.0,56430.0,1170
2026-05-06 15:10:00,56430.0,56500.0,56430.0,56500.0,1620
2026-05-06 15:15:00,56500.0,56549.0,56489.2,56544.2,2640
2026-05-06 15:20:00,56544.2,56560.0,56530.0,56560.0,1740
2026-05-06 15:25:00,56560.0,56615.2,56560.0,56605.0,3870
2026-05-07 09:15:00,56500.0,56647.4,56290.2,56310.0,5730
2026-05-07 09:20:00,56300.0,56386.0,56280.0,56345.4,2160
2026-05-07 09:25:00,56345.4,56345.4,56261.4,56337.6,1230
2026-05-07 09:30:00,56337.6,56405.8,56252.2,56405.8,1050
2026-05-07 09:35:00,56405.8,56460.0,56405.8,56409.0,2160
2026-05-07 09:40:00,56409.0,56510.6,56409.0,56488.0,1080
2026-05-07 09:45:00,56488.0,56488.0,56402.0,56402.0,1320
2026-05-07 09:50:00,56402.0,56436.4,56337.8,56347.0,1650
2026-05-07 09:55:00,56347.0,56424.6,56347.0,56385.0,510
2026-05-07 10:00:00,56385.0,56494.4,56385.0,56494.4,420
2026-05-07 10:05:00,56494.4,56494.4,56344.2,56362.4,1440
2026-05-07 10:10:00,56362.4,56405.2,56325.2,56352.2,600
2026-05-07 10:15:00,56352.2,56399.0,56350.0,56399.0,180
2026-05-07 10:20:00,56399.0,56418.8,56395.0,56395.0,240
2026-05-07 10:25:00,56395.0,56450.0,56395.0,56450.0,450
2026-05-07 10:30:00,56450.0,56459.0,56414.4,56445.0,450
2026-05-07 10:35:00,56445.0,56445.0,56401.0,56425.2,60
2026-05-07 10:40:00,56425.2,56514.8,56425.2,56490.0,690
2026-05-07 10:45:00,56490.0,56530.0,56490.0,56500.0,540
2026-05-07 10:50:00,56500.0,56500.0,56383.8,56400.0,450
2026-05-07 10:55:00,56400.0,56471.4,56400.0,56443.8,210
2026-05-07 11:00:00,56443.8,56443.8,56400.0,56400.0,30
2026-05-07 11:05:00,56400.0,56412.6,56320.2,56358.6,1260
2026-05-07 11:10:00,56358.6,56358.6,56314.2,56314.2,510
2026-05-07 11:15:00,56314.2,56354.6,56304.0,56304.0,510
2026-05-07 11:20:00,56304.0,56323.0,56270.0,56323.0,660
2026-05-07 11:25:00,56323.0,56323.0,56241.2,56242.8,1170
2026-05-07 11:30:00,56242.8,56333.0,56242.8,56285.6,300
2026-05-07 11:35:00,56285.6,56288.4,56260.0,56278.4,930
2026-05-07 11:40:00,56278.4,56295.0,56199.0,56199.0,1440
2026-05-07 11:45:00,56199.0,56220.8,56160.0,56218.8,1170
2026-05-07 11:50:00,56218.8,56294.2,56218.8,56246.8,930
2026-05-07 11:55:00,56246.8,56323.0,56246.8,56295.6,570
2026-05-07 12:00:00,56295.6,56398.8,56287.6,56340.4,1170
2026-05-07 12:05:00,56340.4,56399.0,56340.4,56380.2,510
2026-05-07 12:10:00,56380.2,56416.8,56380.2,56416.8,390
2026-05-07 12:15:00,56416.8,56470.0,56416.8,56451.0,540
2026-05-07 12:20:00,56451.0,56475.0,56430.0,56435.4,420
2026-05-07 12:25:00,56435.4,56499.8,56416.8,56416.8,360
2026-05-07 12:30:00,56416.8,56425.0,56381.0,56382.4,270
2026-05-07 12:35:00,56382.4,56690.0,56382.4,56690.0,2640
2026-05-07 12:40:00,56690.0,56764.4,56678.0,56734.2,6960
2026-05-07 12:45:00,56734.2,56735.2,56650.0,56683.4,1590
2026-05-07 12:50:00,56683.4,56683.4,56502.2,56570.0,3570
2026-05-07 12:55:00,56570.0,56593.0,56540.0,56581.6,960
2026-05-07 13:00:00,56581.6,56600.0,56550.0,56577.2,480
2026-05-07 13:05:00,56577.2,56585.8,56510.0,56510.0,1590
2026-05-07 13:10:00,56510.0,56539.8,56450.2,56516.4,810
2026-05-07 13:15:00,56516.4,56533.4,56359.8,56359.8,570
2026-05-07 13:20:00,56359.8,56473.6,56359.8,56380.0,660
2026-05-07 13:25:00,56380.0,56440.0,56380.0,56400.0,330
2026-05-07 13:30:00,56400.0,56508.2,56400.0,56507.8,330
2026-05-07 13:35:00,56507.8,56507.8,56430.0,56460.0,360
2026-05-07 13:40:00,56460.0,56460.0,56430.0,56430.0,180
2026-05-07 13:45:00,56430.0,56433.2,56409.4,56432.4,240
2026-05-07 13:50:00,56432.4,56449.0,56415.8,56440.0,420
2026-05-07 13:55:00,56440.0,56473.4,56425.0,56473.4,630
2026-05-07 14:00:00,56473.4,56520.0,56461.2,56506.0,390
2026-05-07 14:05:00,56506.0,56532.0,56490.2,56490.2,510
2026-05-07 14:10:00,56490.2,56530.0,56490.2,56491.0,120
2026-05-07 14:15:00,56491.0,56491.0,56487.8,56487.8,90
2026-05-07 14:20:00,56487.8,56508.6,56487.8,56508.6,30
2026-05-07 14:25:00,56508.6,56525.4,56470.2,56500.0,420
2026-05-07 14:30:00,56500.0,56522.4,56481.2,56499.8,540
2026-05-07 14:35:00,56499.8,56499.8,56499.8,56499.8,30
2026-05-07 14:40:00,56499.8,56500.0,56481.0,56500.0,90
2026-05-07 14:45:00,56471.0,56471.0,56430.0,56450.0,120
2026-05-07 14:50:00,56450.0,56499.8,56450.0,56499.8,360
2026-05-07 14:55:00,56499.8,56515.0,56468.8,56509.8,390
2026-05-07 15:00:00,56509.8,56540.0,56449.2,56474.2,540
2026-05-07 15:05:00,56474.2,56486.0,56430.0,56455.0,300
2026-05-07 15:10:00,56455.0,56455.0,56400.0,56439.8,840
2026-05-07 15:15:00,56439.8,56522.6,56407.6,56510.0,540
2026-05-07 15:20:00,56510.0,56522.2,56487.8,56502.8,720
2026-05-07 15:25:00,56502.8,56516.2,56487.8,56516.0,1080
2026-05-08 09:15:00,56624.6,56624.6,55938.8,56066.4,8010
2026-05-08 09:20:00,56066.4,56133.8,56020.0,56080.0,2340
2026-05-08 09:25:00,56080.0,56128.0,56051.2,56120.0,810
2026-05-08 09:30:00,56120.0,56120.0,56028.0,56076.0,1260
2026-05-08 09:35:00,56076.0,56097.2,56038.0,56071.6,540
2026-05-08 09:40:00,56071.6,56071.6,56000.0,56000.0,2370
2026-05-08 09:45:00,56000.0,56042.8,55960.0,56042.8,1950
2026-05-08 09:50:00,56042.8,56042.8,56029.6,56030.0,540
2026-05-08 09:55:00,56030.0,56080.0,56030.0,56076.4,300
2026-05-08 10:00:00,56076.4,56076.4,56019.0,56035.4,450
2026-05-08 10:05:00,56035.4,56035.4,56018.0,56030.0,330
2026-05-08 10:10:00,56030.0,56049.6,55962.0,56049.6,1950
2026-05-08 10:15:00,56049.6,56049.6,55985.2,56040.0,690
2026-05-08 10:20:00,56040.0,56080.0,56040.0,56080.0,1110
2026-05-08 10:25:00,56080.0,56108.0,56080.0,56097.2,780
2026-05-08 10:30:00,56097.2,56097.2,56078.8,56080.0,540
2026-05-08 10:35:00,56080.0,56080.0,56050.0,56050.0,270
2026-05-08 10:40:00,56050.0,56061.0,56030.0,56040.0,180
2026-05-08 10:45:00,56040.0,56074.0,56016.0,56016.0,210
2026-05-08 10:50:00,56016.0,56016.0,55980.0,55980.0,870
2026-05-08 10:55:00,55980.0,55999.8,55965.6,55970.0,330
2026-05-08 11:00:00,55970.0,56033.0,55961.6,56033.0,870
2026-05-08 11:05:00,56033.0,56060.0,56031.6,56052.2,270
2026-05-08 11:10:00,56052.2,56052.2,56030.4,56052.2,120
2026-05-08 11:15:00,56052.2,56078.0,56020.0,56020.0,330
2026-05-08 11:20:00,56020.0,56020.0,55999.2,55999.2,720
2026-05-08 11:25:00,55999.2,55999.2,55976.2,55976.2,90
2026-05-08 11:30:00,55976.2,55980.0,55920.0,55940.2,1590
2026-05-08 11:35:00,55940.2,55976.4,55940.0,55976.4,120
2026-05-08 11:40:00,55976.4,56019.6,55976.4,56019.6,120
2026-05-08 11:45:00,56019.6,56019.6,55976.0,55976.0,150
2026-05-08 11:50:00,55976.0,56015.6,55976.0,56015.6,120
2026-05-08 11:55:00,56015.6,56015.6,55973.0,55975.0,660
2026-05-08 12:00:00,55975.0,56029.8,55975.0,55980.0,150
2026-05-08 12:05:00,55980.0,56006.6,55930.0,55930.0,300
2026-05-08 12:10:00,55930.0,55970.2,55921.0,55964.8,1260
2026-05-08 12:15:00,55964.8,55964.8,55869.0,55887.2,1680
2026-05-08 12:20:00,55887.2,55965.0,55887.2,55949.6,600
2026-05-08 12:25:00,55949.6,55962.0,55930.0,55962.0,120
2026-05-08 12:30:00,55962.0,55977.2,55891.0,55900.0,450
2026-05-08 12:35:00,55900.0,55911.8,55879.8,55880.0,480
2026-05-08 12:40:00,55880.0,55883.0,55840.6,55849.8,540
2026-05-08 12:45:00,55849.8,55862.4,55810.0,55862.4,1170
2026-05-08 12:50:00,55862.4,55872.2,55800.0,55831.4,1650
2026-05-08 12:55:00,55831.4,55838.0,55798.0,55798.0,510
2026-05-08 13:00:00,55798.0,55832.2,55795.0,55795.0,750
2026-05-08 13:05:00,55795.0,55869.4,55790.0,55869.4,600
2026-05-08 13:10:00,55869.4,55893.6,55810.2,55857.0,1200
2026-05-08 13:15:00,55857.0,55857.0,55800.8,55800.8,150
2026-05-08 13:20:00,55800.8,55880.0,55800.8,55880.0,450
2026-05-08 13:25:00,55880.0,55940.0,55843.0,55940.0,600
2026-05-08 13:30:00,55950.4,55961.0,55926.8,55935.8,660
2026-05-08 13:35:00,55935.8,55935.8,55863.4,55863.4,480
2026-05-08 13:40:00,55863.4,55899.6,55860.2,55899.6,300
2026-05-08 13:45:00,55899.6,55899.6,55860.4,55860.4,120
2026-05-08 13:50:00,55860.4,55881.0,55816.2,55881.0,690
2026-05-08 13:55:00,55881.0,55881.0,55653.0,55653.2,3570
2026-05-08 14:00:00,55653.2,55696.8,55560.2,55598.4,3720
2026-05-08 14:05:00,55598.4,55668.0,55561.0,55617.0,1710
2026-05-08 14:10:00,55617.0,55617.0,55530.0,55530.0,2520
2026-05-08 14:15:00,55530.0,55594.2,55511.0,55554.4,3180
2026-05-08 14:20:00,55554.4,55622.8,55525.0,55592.2,1860
2026-05-08 14:25:00,55592.2,55650.0,55592.2,55650.0,630
2026-05-08 14:30:00,55650.0,55741.0,55649.0,55676.2,3810
2026-05-08 14:35:00,55676.2,55829.6,55676.2,55821.4,1890
2026-05-08 14:40:00,55821.4,55840.0,55792.2,55794.2,660
2026-05-08 14:45:00,55794.2,55824.0,55757.2,55762.2,1020
2026-05-08 14:50:00,55762.2,55824.8,55762.0,55822.6,900
2026-05-08 14:55:00,55822.6,55823.6,55750.0,55750.2,870
2026-05-08 15:00:00,55750.2,55793.0,55709.2,55721.4,930
2026-05-08 15:05:00,55721.4,55772.6,55721.4,55757.6,570
2026-05-08 15:10:00,55757.6,55781.6,55711.6,55732.4,900
2026-05-08 15:15:00,55732.4,55780.0,55709.0,55709.0,810
2026-05-08 15:20:00,55709.0,55737.0,55659.4,55680.0,1290
2026-05-08 15:25:00,55680.0,55739.8,55666.6,55706.0,2010
2026-05-11 09:15:00,55201.0,55272.8,54950.2,55070.0,7980
2026-05-11 09:20:00,55070.0,55199.0,55030.2,55153.4,2250
2026-05-11 09:25:00,55153.4,55280.8,55153.4,55250.0,2220
2026-05-11 09:30:00,55250.0,55250.0,55052.4,55080.0,1440
2026-05-11 09:35:00,55080.0,55080.0,54900.0,54900.2,4920
2026-05-11 09:40:00,54900.2,54929.4,54851.0,54860.0,2370
2026-05-11 09:45:00,54860.0,54910.8,54820.8,54850.2,3000
2026-05-11 09:50:00,54850.2,54892.0,54810.2,54843.4,2220
2026-05-11 09:55:00,54843.4,54877.2,54784.0,54792.6,3000
2026-05-11 10:00:00,54792.6,54859.0,54760.0,54859.0,1980
2026-05-11 10:05:00,54859.0,54893.6,54842.0,54879.6,1230
2026-05-11 10:10:00,54879.6,54898.4,54850.0,54859.0,690
2026-05-11 10:15:00,54859.0,54859.0,54747.0,54747.0,2460
2026-05-11 10:20:00,54742.0,54830.0,54732.2,54825.0,1350
2026-05-11 10:25:00,54825.0,54870.8,54825.0,54843.2,810
2026-05-11 10:30:00,54843.2,54870.0,54829.8,54850.0,870
2026-05-11 10:35:00,54850.0,54869.8,54810.0,54820.0,990
2026-05-11 10:40:00,54820.0,54842.8,54810.0,54842.8,300
2026-05-11 10:45:00,54842.8,54874.4,54801.0,54836.6,960
2026-05-11 10:50:00,54836.6,54899.0,54836.6,54899.0,480
2026-05-11 10:55:00,54899.0,54950.0,54899.0,54949.8,630
2026-05-11 11:00:00,54949.8,54949.8,54912.0,54925.0,330
2026-05-11 11:05:00,54925.0,54975.0,54915.2,54930.2,600
2026-05-11 11:10:00,54930.2,55011.0,54930.2,54998.0,840
2026-05-11 11:15:00,54998.0,55010.8,54984.2,55010.0,2220
2026-05-11 11:20:00,55010.0,55100.0,55010.0,55024.2,1350
2026-05-11 11:25:00,55024.2,55050.0,55008.8,55024.0,270
2026-05-11 11:30:00,55024.0,55055.0,55024.0,55044.2,210
2026-05-11 11:35:00,55044.2,55100.4,55044.2,55100.4,240
2026-05-11 11:40:00,55100.4,55175.0,55100.0,55175.0,960
2026-05-11 11:45:00,55175.0,55181.8,55095.6,55100.0,390
2026-05-11 11:50:00,55100.0,55168.8,55100.0,55124.8,390
2026-05-11 11:55:00,55124.8,55124.8,55078.2,55080.4,240
2026-05-11 12:00:00,55080.4,55150.0,55080.4,55124.6,210
2026-05-11 12:05:00,55124.6,55180.0,55124.6,55180.0,360
2026-05-11 12:10:00,55180.0,55197.8,55149.2,55160.2,1140
2026-05-11 12:15:00,55160.2,55165.0,55114.0,55140.0,270
2026-05-11 12:20:00,55140.0,55140.0,55105.0,55123.6,120
2026-05-11 12:25:00,55123.6,55123.6,55123.6,55123.6,0
2026-05-11 12:30:00,55123.6,55123.6,55049.0,55050.0,720
2026-05-11 12:35:00,55050.0,55149.8,55042.4,55042.4,420
2026-05-11 12:40:00,55042.4,55150.0,55042.4,55150.0,330
2026-05-11 12:45:00,55150.0,55195.4,55150.0,55153.6,990
2026-05-11 12:50:00,55153.6,55235.0,55153.6,55180.0,1590
2026-05-11 12:55:00,55180.0,55240.6,55180.0,55207.2,300
2026-05-11 13:00:00,55207.2,55239.8,55136.4,55136.4,510
2026-05-11 13:05:00,55136.4,55335.2,55117.0,55335.2,1440
2026-05-11 13:10:00,55339.0,55388.0,55289.0,55324.0,1110
2026-05-11 13:15:00,55324.0,55324.0,55177.0,55194.8,420
2026-05-11 13:20:00,55194.8,55200.6,55153.0,55176.2,420
2026-05-11 13:25:00,55176.2,55176.2,55150.0,55150.2,180
2026-05-11 13:30:00,55150.2,55206.4,55150.2,55206.4,480
2026-05-11 13:35:00,55206.4,55309.8,55176.0,55176.0,690
2026-05-11 13:40:00,55176.0,55249.8,55160.2,55230.8,420
2026-05-11 13:45:00,55230.8,55280.0,55219.6,55256.0,540
2026-05-11 13:50:00,55256.0,55330.0,55244.6,55330.0,1860
2026-05-11 13:55:00,55330.0,55330.0,55284.0,55284.0,570
2026-05-11 14:00:00,55284.0,55305.6,55233.8,55233.8,300
2026-05-11 14:05:00,55233.8,55312.0,55233.8,55311.4,270
2026-05-11 14:10:00,55311.4,55311.4,55205.2,55205.2,330
2026-05-11 14:15:00,55205.2,55236.4,55155.0,55155.0,270
2026-05-11 14:20:00,55155.0,55225.2,55155.0,55200.0,90
2026-05-11 14:25:00,55200.0,55200.0,55139.0,55155.0,270
2026-05-11 14:30:00,55155.0,55183.6,55155.0,55163.8,150
2026-05-11 14:35:00,55163.8,55163.8,55060.2,55064.4,480
2026-05-11 14:40:00,55064.4,55115.0,55064.4,55075.0,360
2026-05-11 14:45:00,55075.0,55089.0,54950.0,54970.0,1680
2026-05-11 14:50:00,54970.0,55020.0,54952.8,54960.2,330
2026-05-11 14:55:00,54960.2,54999.0,54950.0,54960.0,1050
2026-05-11 15:00:00,54960.0,54960.0,54900.0,54906.6,1230
2026-05-11 15:05:00,54906.6,54906.6,54819.0,54825.0,4050
2026-05-11 15:10:00,54825.0,54834.2,54791.0,54799.8,3750
2026-05-11 15:15:00,54799.8,54850.0,54798.0,54839.6,1530
2026-05-11 15:20:00,54839.6,54839.6,54799.4,54799.4,1380
2026-05-11 15:25:00,54799.4,54839.0,54799.4,54838.4,2730
2026-05-12 09:15:00,54799.4,54799.4,54510.0,54677.4,9180
2026-05-12 09:20:00,54677.4,54698.0,54520.0,54520.0,2010
2026-05-12 09:25:00,54520.0,54520.0,54356.2,54430.0,4650
2026-05-12 09:30:00,54430.0,54437.4,54361.4,54399.8,2370
2026-05-12 09:35:00,54399.8,54491.0,54389.2,54418.6,2280
2026-05-12 09:40:00,54418.6,54487.4,54411.0,54467.0,720
2026-05-12 09:45:00,54467.0,54467.0,54423.4,54440.0,780
2026-05-12 09:50:00,54440.0,54569.0,54425.0,54569.0,1260
2026-05-12 09:55:00,54569.0,54599.0,54500.2,54544.4,1260
2026-05-12 10:00:00,54544.4,54575.8,54482.6,54575.8,1530
2026-05-12 10:05:00,54575.8,54585.0,54505.2,54555.0,1470
2026-05-12 10:10:00,54555.0,54591.8,54550.0,54588.0,990
2026-05-12 10:15:00,54588.0,54641.0,54546.8,54636.8,1350
2026-05-12 10:20:00,54636.8,54650.0,54500.2,54530.0,930
2026-05-12 10:25:00,54530.0,54530.0,54421.6,54455.0,2010
2026-05-12 10:30:00,54455.0,54468.2,54415.2,54445.8,2040
2026-05-12 10:35:00,54445.8,54445.8,54396.2,54436.2,2220
2026-05-12 10:40:00,54436.2,54493.0,54430.0,54438.2,1200
2026-05-12 10:45:00,54438.2,54438.2,54316.8,54316.8,2580
2026-05-12 10:50:00,54316.8,54349.2,54280.6,54310.4,4710
2026-05-12 10:55:00,54310.4,54349.2,54280.6,54337.0,2610
2026-05-12 11:00:00,54321.0,54337.0,54281.2,54281.4,1110
2026-05-12 11:05:00,54281.4,54327.4,54260.0,54274.0,3960
2026-05-12 11:10:00,54274.0,54320.0,54251.0,54251.0,2010
2026-05-12 11:15:00,54251.0,54321.2,54240.0,54290.0,2040
2026-05-12 11:20:00,54290.0,54341.2,54251.8,54252.2,1260
2026-05-12 11:25:00,54252.2,54309.2,54252.2,54259.6,540
2026-05-12 11:30:00,54259.6,54309.4,54246.6,54280.6,1380
2026-05-12 11:35:00,54280.6,54310.0,54250.0,54290.0,1290
2026-05-12 11:40:00,54290.0,54357.0,54283.8,54325.0,1020
2026-05-12 11:45:00,54325.0,54330.4,54283.8,54309.8,1260
2026-05-12 11:50:00,54309.8,54309.8,54280.8,54303.0,810
2026-05-12 11:55:00,54303.0,54320.0,54273.2,54273.6,1350
2026-05-12 12:00:00,54273.6,54315.0,54262.0,54278.2,1170
2026-05-12 12:05:00,54278.2,54278.2,54224.0,54269.4,1440
2026-05-12 12:10:00,54269.4,54319.2,54235.0,54273.8,1260
2026-05-12 12:15:00,54273.8,54315.0,54244.8,54270.2,2250
2026-05-12 12:20:00,54270.2,54319.8,54260.0,54279.8,360
2026-05-12 12:25:00,54279.8,54279.8,54200.0,54201.2,1410
2026-05-12 12:30:00,54201.2,54220.0,54061.0,54061.0,7590
2026-05-12 12:35:00,54061.0,54114.4,54039.8,54080.0,5460
2026-05-12 12:40:00,54080.0,54135.0,54043.2,54075.0,2190
2026-05-12 12:45:00,54075.0,54116.2,54010.0,54011.2,1680
2026-05-12 12:50:00,54011.2,54059.2,54011.0,54035.0,570
2026-05-12 12:55:00,54035.0,54059.2,54025.0,54059.2,1710
2026-05-12 13:00:00,54059.2,54126.4,54030.0,54126.4,1140
2026-05-12 13:05:00,54126.4,54138.8,54074.4,54097.6,750
2026-05-12 13:10:00,54097.6,54139.0,54050.0,54139.0,1440
2026-05-12 13:15:00,54139.0,54230.0,54139.0,54180.2,1860
2026-05-12 13:20:00,54180.2,54210.6,54150.0,54170.0,1110
2026-05-12 13:25:00,54170.0,54180.0,54145.6,54180.0,480
2026-05-12 13:30:00,54180.0,54243.2,54161.8,54209.2,1830
2026-05-12 13:35:00,54209.2,54209.2,54120.0,54138.6,1410
2026-05-12 13:40:00,54138.6,54141.6,54048.0,54090.0,1650
2026-05-12 13:45:00,54090.0,54125.8,54025.2,54079.2,1110
2026-05-12 13:50:00,54079.2,54149.8,54079.2,54100.0,960
2026-05-12 13:55:00,54100.0,54103.2,54046.2,54063.6,420
2026-05-12 14:00:00,54063.6,54086.0,54011.6,54013.4,1050
2026-05-12 14:05:00,54013.4,54058.6,53958.2,53960.0,2250
2026-05-12 14:10:00,53960.0,54008.8,53950.0,53964.2,780
2026-05-12 14:15:00,53964.2,54062.8,53964.2,53977.8,1200
2026-05-12 14:20:00,53977.8,54094.6,53977.8,54094.6,900
2026-05-12 14:25:00,54094.6,54094.6,54030.0,54094.2,480
2026-05-12 14:30:00,54094.2,54094.2,54000.2,54000.2,1140
2026-05-12 14:35:00,54000.2,54121.0,54000.2,54076.0,1140
2026-05-12 14:40:00,54076.0,54127.0,54036.8,54107.0,3540
2026-05-12 14:45:00,54107.0,54130.0,54070.0,54103.4,3540
2026-05-12 14:50:00,54103.4,54112.0,54001.0,54037.4,4740
2026-05-12 14:55:00,54037.4,54037.4,53912.2,53912.2,3810
2026-05-12 15:00:00,53912.2,53930.0,53800.6,53878.2,4020
2026-05-12 15:05:00,53878.2,53899.8,53801.4,53822.2,1350
2026-05-12 15:10:00,53822.2,53900.0,53822.2,53900.0,3630
2026-05-12 15:15:00,53900.0,54037.6,53893.8,54021.8,10470
2026-05-12 15:20:00,54021.8,54025.2,53974.4,53998.8,9570
2026-05-12 15:25:00,53998.8,54089.6,53940.6,54050.0,8850
2026-05-13 09:15:00,53971.0,54268.6,53942.2,53995.8,11250
2026-05-13 09:20:00,53995.8,54040.0,53889.0,54040.0,3840
2026-05-13 09:25:00,54040.0,54040.0,53837.0,53837.0,2310
2026-05-13 09:30:00,53837.0,53892.0,53715.0,53715.0,2970
2026-05-13 09:35:00,53715.0,53719.2,53600.0,53683.6,5490
2026-05-13 09:40:00,53683.6,53736.0,53601.0,53720.0,4890
2026-05-13 09:45:00,53720.0,53749.0,53612.4,53681.2,6330
2026-05-13 09:50:00,53681.2,53800.0,53668.8,53800.0,3300
2026-05-13 09:55:00,53800.0,53850.4,53710.8,53783.4,2760
2026-05-13 10:00:00,53799.8,53840.0,53739.8,53835.0,2820
2026-05-13 10:05:00,53835.0,53991.8,53835.0,53899.0,2700
2026-05-13 10:10:00,53899.0,53949.8,53846.2,53907.4,2730
2026-05-13 10:15:00,53907.4,54037.6,53885.8,54035.0,5400
2026-05-13 10:20:00,54035.0,54127.0,54012.2,54067.6,2760
2026-05-13 10:25:00,54067.6,54166.8,54067.6,54100.0,3120
2026-05-13 10:30:00,54100.0,54193.0,54050.0,54193.0,2010
2026-05-13 10:35:00,54193.0,54193.0,54050.2,54050.2,1200
2026-05-13 10:40:00,54050.2,54193.8,54050.2,54144.6,1410
2026-05-13 10:45:00,54144.6,54173.2,54100.0,54120.8,840
2026-05-13 10:50:00,54120.8,54120.8,54052.8,54076.8,1470
2026-05-13 10:55:00,54076.8,54076.8,53913.0,53928.0,1080
2026-05-13 11:00:00,53928.0,53997.0,53859.0,53997.0,1500
2026-05-13 11:05:00,53997.0,53997.0,53900.8,53977.2,480
2026-05-13 11:10:00,53977.2,53977.2,53900.0,53935.2,180
2026-05-13 11:15:00,53935.2,54028.8,53935.2,54008.2,510
2026-05-13 11:20:00,54008.2,54052.8,53972.2,54052.8,480
2026-05-13 11:25:00,54052.8,54052.8,53971.0,54012.0,510
2026-05-13 11:30:00,54012.0,54030.0,53982.2,54030.0,360
2026-05-13 11:35:00,54030.0,54295.0,54030.0,54291.4,3300
2026-05-13 11:40:00,54299.0,54349.8,54290.0,54334.8,1890
2026-05-13 11:45:00,54334.8,54430.0,54274.6,54290.0,2160
2026-05-13 11:50:00,54290.0,54340.0,54205.0,54205.0,450
2026-05-13 11:55:00,54205.0,54280.4,54205.0,54241.0,390
2026-05-13 12:00:00,54241.0,54305.0,54241.0,54295.8,450
2026-05-13 12:05:00,54295.8,54349.0,54295.8,54340.0,720
2026-05-13 12:10:00,54340.0,54399.8,54334.6,54399.0,780
2026-05-13 12:15:00,54399.0,54410.0,54313.8,54396.8,750
2026-05-13 12:20:00,54396.8,54396.8,54334.0,54349.8,480
2026-05-13 12:25:00,54349.8,54350.0,54330.0,54337.8,480
2026-05-13 12:30:00,54337.8,54350.0,54215.6,54218.2,600
2026-05-13 12:35:00,54218.2,54250.0,54165.8,54213.0,720
2026-05-13 12:40:00,54213.0,54213.0,54077.0,54080.2,600
2026-05-13 12:45:00,54080.2,54157.4,54080.2,54132.4,240
2026-05-13 12:50:00,54132.4,54309.8,54132.4,54309.8,1530
2026-05-13 12:55:00,54309.8,54486.8,54286.6,54479.0,4590
2026-05-13 13:00:00,54479.0,54479.0,54364.0,54414.6,1080
2026-05-13 13:05:00,54414.6,54433.2,54371.8,54390.2,390
2026-05-13 13:10:00,54390.2,54400.0,54322.4,54325.0,3900
2026-05-13 13:15:00,54325.0,54325.0,54182.6,54248.4,990
2026-05-13 13:20:00,54248.4,54248.4,54238.0,54248.4,120
2026-05-13 13:25:00,54248.4,54277.6,54160.0,54160.6,1620
2026-05-13 13:30:00,54160.6,54293.2,54160.6,54284.0,300
2026-05-13 13:35:00,54284.0,54284.0,54200.0,54252.0,480
2026-05-13 13:40:00,54252.0,54271.8,54252.0,54252.0,120
2026-05-13 13:45:00,54252.0,54252.0,54180.0,54181.8,150
2026-05-13 13:50:00,54181.8,54242.6,54181.8,54195.0,120
2026-05-13 13:55:00,54195.0,54203.4,54105.6,54166.6,1170
2026-05-13 14:00:00,54166.6,54166.6,54126.4,54130.0,150
2026-05-13 14:05:00,54130.0,54174.6,54130.0,54174.6,120
2026-05-13 14:10:00,54174.6,54277.0,54174.6,54250.0,180
2026-05-13 14:15:00,54250.0,54250.0,54113.2,54150.2,240
2026-05-13 14:20:00,54150.2,54184.6,54105.6,54184.6,240
2026-05-13 14:25:00,54184.6,54224.8,54130.0,54150.0,480
2026-05-13 14:30:00,54150.0,54170.0,54145.6,54170.0,60
2026-05-13 14:35:00,54170.0,54172.2,54169.0,54172.0,210
2026-05-13 14:40:00,54172.0,54178.0,54073.2,54079.4,660
2026-05-13 14:45:00,54079.4,54108.2,54000.0,54047.2,780
2026-05-13 14:50:00,54047.2,54076.6,54030.2,54050.0,1050
2026-05-13 14:55:00,54050.0,54050.0,54002.8,54002.8,330
2026-05-13 15:00:00,54002.8,54002.8,53819.0,53850.0,3990
2026-05-13 15:05:00,53850.0,53854.2,53750.2,53812.0,1980
2026-05-13 15:10:00,53812.0,53900.0,53760.0,53900.0,1290
2026-05-13 15:15:00,53900.0,53900.0,53814.2,53814.2,1260
2026-05-13 15:20:00,53814.2,53814.2,53760.0,53760.0,1860
2026-05-13 15:25:00,53760.0,53827.4,53760.0,53827.4,2790
2026-05-14 09:15:00,54129.0,54203.0,54064.0,54099.8,8370
2026-05-14 09:20:00,54099.8,54180.0,54099.8,54180.0,1410
2026-05-14 09:25:00,54180.0,54299.4,54180.0,54257.8,5400
2026-05-14 09:30:00,54257.8,54271.8,54181.0,54183.0,1170
2026-05-14 09:35:00,54183.0,54183.0,54077.0,54077.0,1680
2026-05-14 09:40:00,54077.0,54077.2,54000.0,54000.0,2160
2026-05-14 09:45:00,54000.0,54053.4,53900.0,53900.0,2040
2026-05-14 09:50:00,53900.0,53966.0,53869.4,53877.6,1530
2026-05-14 09:55:00,53877.6,53900.0,53834.4,53900.0,6870
2026-05-14 10:00:00,53900.0,53927.4,53846.0,53927.4,1200
2026-05-14 10:05:00,53925.0,53935.0,53852.0,53907.0,2460
2026-05-14 10:10:00,53907.0,53934.4,53863.4,53908.8,870
2026-05-14 10:15:00,53908.8,53991.8,53877.2,53991.8,720
2026-05-14 10:20:00,53980.0,53998.8,53844.4,53870.8,810
2026-05-14 10:25:00,53870.8,53920.0,53870.8,53920.0,330
2026-05-14 10:30:00,53920.0,53920.0,53888.0,53920.0,1500
2026-05-14 10:35:00,53920.0,53946.2,53920.0,53930.0,300
2026-05-14 10:40:00,53930.0,53930.0,53775.0,53775.0,1380
2026-05-14 10:45:00,53769.4,53769.4,53584.6,53584.6,4500
2026-05-14 10:50:00,53584.6,53691.8,53550.0,53665.0,2520
2026-05-14 10:55:00,53665.0,53665.0,53480.0,53480.0,3510
2026-05-14 11:00:00,53480.0,53575.4,53480.0,53550.0,1500
2026-05-14 11:05:00,53550.0,53606.6,53530.2,53601.4,5070
2026-05-14 11:10:00,53601.4,53777.8,53585.4,53755.4,11490
2026-05-14 11:15:00,53746.6,53896.0,53740.2,53896.0,13230
2026-05-14 11:20:00,53889.4,54003.6,53839.4,53997.4,8730
2026-05-14 11:25:00,53997.4,54100.8,53900.0,54040.0,6390
2026-05-14 11:30:00,54040.0,54235.0,54040.0,54179.6,8010
2026-05-14 11:35:00,54179.6,54341.2,54179.6,54341.2,15990
2026-05-14 11:40:00,54341.2,54450.0,54300.0,54449.6,7860
2026-05-14 11:45:00,54449.6,54501.0,54365.8,54449.4,7170
2026-05-14 11:50:00,54449.4,54555.0,54438.6,54471.4,4170
2026-05-14 11:55:00,54471.4,54530.0,54469.8,54517.2,2490
2026-05-14 12:00:00,54517.2,54550.0,54415.8,54437.8,3600
2026-05-14 12:05:00,54437.8,54501.0,54425.0,54473.8,1440
2026-05-14 12:10:00,54473.8,54478.0,54394.2,54478.0,780
2026-05-14 12:15:00,54478.0,54699.6,54478.0,54593.2,5070
2026-05-14 12:20:00,54593.2,54637.2,54563.0,54637.2,2280
2026-05-14 12:25:00,54637.2,54650.0,54612.8,54622.0,2280
2026-05-14 12:30:00,54622.0,54622.0,54579.4,54595.4,1350
2026-05-14 12:35:00,54595.4,54643.6,54593.6,54625.2,1530
2026-05-14 12:40:00,54625.2,54625.2,54599.4,54615.6,900
2026-05-14 12:45:00,54615.6,54661.0,54615.6,54655.2,930
2026-05-14 12:50:00,54655.2,54664.8,54521.8,54550.0,930
2026-05-14 12:55:00,54550.0,54603.2,54550.0,54583.6,150
2026-05-14 13:00:00,54583.6,54711.8,54583.6,54685.4,2520
2026-05-14 13:05:00,54685.4,54722.0,54613.0,54613.0,1290
2026-05-14 13:10:00,54613.0,54638.2,54575.8,54634.2,600
2026-05-14 13:15:00,54634.2,54662.4,54628.0,54628.0,840
2026-05-14 13:20:00,54628.0,54639.0,54612.8,54639.0,240
2026-05-14 13:25:00,54639.0,54649.8,54620.0,54621.6,630
2026-05-14 13:30:00,54621.6,54646.8,54593.4,54623.4,870
2026-05-14 13:35:00,54623.4,54698.0,54617.8,54629.0,450
2026-05-14 13:40:00,54629.0,54670.0,54629.0,54660.0,510
2026-05-14 13:45:00,54660.0,54697.0,54570.2,54570.2,1260
2026-05-14 13:50:00,54570.2,54600.0,54570.0,54589.8,270
2026-05-14 13:55:00,54589.8,54659.6,54589.8,54659.6,330
2026-05-14 14:00:00,54659.6,54669.8,54625.0,54659.4,390
2026-05-14 14:05:00,54659.4,54700.0,54632.0,54660.2,1230
2026-05-14 14:10:00,54660.2,54700.0,54625.8,54625.8,690
2026-05-14 14:15:00,54625.8,54670.6,54579.2,54579.2,1950
2026-05-14 14:20:00,54579.2,54657.0,54575.0,54657.0,510
2026-05-14 14:25:00,54657.0,54678.0,54637.8,54670.2,540
2026-05-14 14:30:00,54670.2,54698.8,54601.2,54675.4,810
2026-05-14 14:35:00,54675.4,54675.4,54601.0,54640.0,600
2026-05-14 14:40:00,54640.0,54640.0,54576.8,54580.2,510
2026-05-14 14:45:00,54580.2,54580.6,54500.0,54500.0,1410
2026-05-14 14:50:00,54500.0,54527.8,54485.4,54520.0,630
2026-05-14 14:55:00,54520.0,54561.4,54500.0,54547.2,720
2026-05-14 15:00:00,54547.2,54547.2,54370.2,54449.8,2910
2026-05-14 15:05:00,54449.8,54449.8,54355.0,54370.0,990
2026-05-14 15:10:00,54370.0,54406.6,54335.0,54383.2,1140
2026-05-14 15:15:00,54383.2,54446.6,54340.0,54446.6,1020
2026-05-14 15:20:00,54446.6,54495.0,54415.0,54495.0,2040
2026-05-14 15:25:00,54495.0,54570.2,54473.6,54535.0,2700
2026-05-15 09:15:00,54461.0,54461.0,54150.0,54326.0,5430
2026-05-15 09:20:00,54326.0,54401.0,54300.8,54396.2,9210
2026-05-15 09:25:00,54396.2,54548.8,54371.8,54528.6,1350
2026-05-15 09:30:00,54528.6,54548.0,54396.8,54494.6,2100
2026-05-15 09:35:00,54494.6,54521.0,54426.2,54521.0,900
2026-05-15 09:40:00,54521.0,54611.6,54521.0,54610.2,1260
2026-05-15 09:45:00,54610.2,54650.0,54503.2,54536.6,2100
2026-05-15 09:50:00,54536.6,54536.6,54494.2,54525.0,690
2026-05-15 09:55:00,54525.0,54599.8,54525.0,54543.0,1260
2026-05-15 10:00:00,54543.0,54543.0,54407.8,54500.0,1290
2026-05-15 10:05:00,54500.0,54511.6,54423.8,54423.8,360
2026-05-15 10:10:00,54423.8,54500.0,54410.2,54500.0,420
2026-05-15 10:15:00,54500.0,54558.8,54481.0,54519.8,600
2026-05-15 10:20:00,54519.8,54554.0,54481.8,54553.0,390
2026-05-15 10:25:00,54553.0,54600.0,54523.8,54555.4,1680
2026-05-15 10:30:00,54555.4,54555.8,54520.4,54540.2,390
2026-05-15 10:35:00,54540.2,54540.2,54500.0,54500.0,150
2026-05-15 10:40:00,54500.0,54549.0,54500.0,54516.4,300
2026-05-15 10:45:00,54516.4,54570.0,54516.4,54570.0,300
2026-05-15 10:50:00,54570.0,54615.6,54567.0,54613.6,810
2026-05-15 10:55:00,54613.6,54613.6,54576.8,54576.8,90
2026-05-15 11:00:00,54576.8,54576.8,54473.0,54473.0,300
2026-05-15 11:05:00,54473.0,54473.0,54330.0,54340.0,2430
2026-05-15 11:10:00,54340.0,54360.0,54305.0,54330.0,1410
2026-05-15 11:15:00,54330.0,54347.6,54240.2,54285.2,2640
2026-05-15 11:20:00,54285.2,54329.0,54250.2,54250.2,1470
2026-05-15 11:25:00,54250.2,54273.8,54220.2,54245.4,1230
2026-05-15 11:30:00,54245.4,54310.0,54174.6,54282.6,2100
2026-05-15 11:35:00,54282.6,54318.0,54261.0,54318.0,720
2026-05-15 11:40:00,54318.0,54318.0,54271.0,54279.0,870
2026-05-15 11:45:00,54279.0,54300.0,54279.0,54300.0,750
2026-05-15 11:50:00,54300.0,54343.2,54288.2,54300.2,1440
2026-05-15 11:55:00,54300.2,54319.6,54300.0,54319.6,600
2026-05-15 12:00:00,54319.6,54389.0,54288.4,54389.0,630
2026-05-15 12:05:00,54373.8,54450.0,54373.8,54407.2,1200
2026-05-15 12:10:00,54407.2,54459.0,54405.2,54418.8,1830
2026-05-15 12:15:00,54418.8,54428.2,54350.0,54350.2,1590
2026-05-15 12:20:00,54350.2,54375.8,54317.2,54317.2,2250
2026-05-15 12:25:00,54317.2,54349.0,54276.0,54276.0,1650
2026-05-15 12:30:00,54276.0,54339.0,54271.2,54339.0,450
2026-05-15 12:35:00,54339.0,54366.8,54339.0,54366.8,480
2026-05-15 12:40:00,54366.8,54480.0,54366.8,54480.0,900
2026-05-15 12:45:00,54480.0,54507.8,54476.0,54498.8,2700
2026-05-15 12:50:00,54498.8,54550.0,54498.8,54518.0,1050
2026-05-15 12:55:00,54518.0,54551.0,54518.0,54551.0,900
2026-05-15 13:00:00,54551.0,54591.2,54550.0,54560.2,1470
2026-05-15 13:05:00,54560.2,54588.2,54540.0,54565.0,4080
2026-05-15 13:10:00,54565.0,54587.0,54565.0,54577.0,1950
2026-05-15 13:15:00,54577.0,54630.0,54570.6,54630.0,2190
2026-05-15 13:20:00,54640.0,54678.2,54635.4,54662.4,3450
2026-05-15 13:25:00,54662.4,54662.4,54590.0,54624.8,2970
2026-05-15 13:30:00,54624.8,54626.8,54547.8,54550.4,1800
2026-05-15 13:35:00,54550.4,54589.4,54467.0,54467.0,990
2026-05-15 13:40:00,54467.0,54479.8,54447.4,54479.8,810
2026-05-15 13:45:00,54479.8,54500.0,54358.4,54367.0,1260
2026-05-15 13:50:00,54367.0,54429.2,54327.6,54428.0,1230
2026-05-15 13:55:00,54428.0,54434.6,54361.0,54399.8,630
2026-05-15 14:00:00,54399.8,54399.8,54341.0,54341.0,960
2026-05-15 14:05:00,54341.0,54387.2,54304.6,54387.2,1350
2026-05-15 14:10:00,54387.2,54395.0,54357.2,54395.0,300
2026-05-15 14:15:00,54395.0,54415.0,54351.0,54386.2,540
2026-05-15 14:20:00,54386.2,54386.2,54325.0,54339.2,540
2026-05-15 14:25:00,54339.4,54339.4,54289.0,54289.2,1950
2026-05-15 14:30:00,54289.2,54299.8,54250.8,54261.8,1200
2026-05-15 14:35:00,54261.8,54292.0,54258.6,54276.0,450
2026-05-15 14:40:00,54276.0,54299.8,54270.0,54270.0,600
2026-05-15 14:45:00,54270.0,54270.0,54101.0,54101.0,3390
2026-05-15 14:50:00,54101.0,54102.6,54044.0,54075.0,3540
2026-05-15 14:55:00,54075.0,54147.2,54018.0,54113.0,2280
2026-05-15 15:00:00,54113.0,54128.6,54010.2,54119.0,2340
2026-05-15 15:05:00,54119.0,54125.0,54037.6,54037.6,810
2026-05-15 15:10:00,54037.6,54057.4,54037.6,54056.0,1350
2026-05-15 15:15:00,54056.0,54080.0,54005.0,54075.2,2730
2026-05-15 15:20:00,54075.2,54086.0,54050.0,54069.4,3510
2026-05-15 15:25:00,54069.4,54167.0,54069.4,54150.0,4260
2026-05-18 09:15:00,53720.0,53720.0,53314.2,53483.2,11100
2026-05-18 09:20:00,53483.2,53500.0,53390.2,53442.2,6870
2026-05-18 09:25:00,53459.0,53459.0,53252.6,53268.4,5670
2026-05-18 09:30:00,53268.4,53439.8,53260.0,53399.8,4230
2026-05-18 09:35:00,53399.8,53399.8,53302.6,53325.0,1740
2026-05-18 09:40:00,53325.0,53344.6,53290.0,53301.0,3870
2026-05-18 09:45:00,53301.0,53320.8,53175.0,53185.0,5340
2026-05-18 09:50:00,53185.0,53224.6,53176.0,53185.4,4410
2026-05-18 09:55:00,53185.4,53228.2,53151.0,53228.2,22470
2026-05-18 10:00:00,53228.2,53245.2,53178.8,53217.6,2310
2026-05-18 10:05:00,53217.6,53247.0,53217.6,53220.0,2760
2026-05-18 10:10:00,53220.0,53239.8,53220.0,53235.0,2370
2026-05-18 10:15:00,53235.0,53309.8,53224.0,53305.0,6420
2026-05-18 10:20:00,53305.0,53319.8,53228.4,53231.4,3150
2026-05-18 10:25:00,53231.4,53258.0,53200.0,53217.0,1110
2026-05-18 10:30:00,53217.0,53252.8,53133.8,53252.8,3210
2026-05-18 10:35:00,53252.8,53330.0,53252.8,53296.4,2850
2026-05-18 10:40:00,53296.4,53296.4,53190.2,53239.0,2610
2026-05-18 10:45:00,53239.0,53251.6,53172.4,53250.0,3660
2026-05-18 10:50:00,53250.0,53333.4,53250.0,53333.4,720
2026-05-18 10:55:00,53333.4,53395.8,53331.0,53395.8,1230
2026-05-18 11:00:00,53395.8,53401.0,53343.6,53395.4,1860
2026-05-18 11:05:00,53395.4,53433.2,53343.0,53400.0,1440
2026-05-18 11:10:00,53400.0,53415.8,53363.4,53377.2,630
2026-05-18 11:15:00,53377.2,53449.8,53377.2,53428.2,750
2026-05-18 11:20:00,53428.2,53465.0,53366.6,53464.0,1950
2026-05-18 11:25:00,53464.0,53488.0,53381.2,53427.8,2250
2026-05-18 11:30:00,53427.8,53525.8,53427.8,53518.0,1620
2026-05-18 11:35:00,53518.0,53600.0,53501.2,53599.0,2070
2026-05-18 11:40:00,53599.0,53599.0,53472.2,53475.4,1350
2026-05-18 11:45:00,53475.4,53489.0,53395.6,53414.8,750
2026-05-18 11:50:00,53414.8,53414.8,53360.0,53360.0,1560
2026-05-18 11:55:00,53360.0,53375.8,53263.4,53263.4,2460
2026-05-18 12:00:00,53263.4,53324.0,53260.0,53300.2,540
2026-05-18 12:05:00,53300.2,53349.8,53300.0,53312.8,2040
2026-05-18 12:10:00,53312.8,53400.0,53312.8,53400.0,1080
2026-05-18 12:15:00,53400.0,53450.0,53391.6,53391.6,1830
2026-05-18 12:20:00,53391.6,53422.2,53375.0,53422.2,720
2026-05-18 12:25:00,53422.2,53523.2,53422.2,53501.4,2940
2026-05-18 12:30:00,53501.4,53600.0,53501.4,53598.8,3090
2026-05-18 12:35:00,53598.8,53650.6,53598.8,53640.0,2580
2026-05-18 12:40:00,53640.0,53670.0,53547.4,53593.2,930
2026-05-18 12:45:00,53593.2,53635.8,53566.0,53600.0,810
2026-05-18 12:50:00,53600.0,53640.0,53598.0,53627.8,540
2026-05-18 12:55:00,53627.8,53850.0,53627.8,53848.6,5010
2026-05-18 13:00:00,53848.6,53933.6,53818.2,53882.8,3000
2026-05-18 13:05:00,53882.8,53882.8,53750.0,53762.8,2130
2026-05-18 13:10:00,53762.8,53770.2,53682.2,53770.2,6180
2026-05-18 13:15:00,53770.2,53841.6,53770.2,53834.0,1230
2026-05-18 13:20:00,53834.0,53834.0,53745.2,53795.2,630
2026-05-18 13:25:00,53795.2,53850.0,53783.0,53787.6,990
2026-05-18 13:30:00,53807.8,53877.4,53807.8,53877.0,1440
2026-05-18 13:35:00,53877.0,53877.0,53751.6,53805.4,1770
2026-05-18 13:40:00,53805.4,53828.0,53750.0,53828.0,1980
2026-05-18 13:45:00,53828.0,53828.0,53761.8,53800.6,630
2026-05-18 13:50:00,53800.6,53875.0,53800.6,53850.2,1770
2026-05-18 13:55:00,53850.2,53935.0,53850.2,53856.2,1500
2026-05-18 14:00:00,53856.2,53904.6,53834.6,53898.2,1140
2026-05-18 14:05:00,53869.6,53871.0,53796.0,53825.0,1140
2026-05-18 14:10:00,53825.0,53850.0,53780.0,53814.2,1140
2026-05-18 14:15:00,53814.2,53814.2,53776.4,53800.2,330
2026-05-18 14:20:00,53800.2,53812.6,53760.6,53762.0,1800
2026-05-18 14:25:00,53762.0,53820.2,53735.8,53800.8,1800
2026-05-18 14:30:00,53800.8,53845.0,53765.0,53766.0,1170
2026-05-18 14:35:00,53789.8,53789.8,53700.0,53703.0,1920
2026-05-18 14:40:00,53703.0,53770.2,53690.0,53770.2,1410
2026-05-18 14:45:00,53770.2,53770.2,53700.0,53742.0,960
2026-05-18 14:50:00,53742.0,53742.0,53685.6,53720.0,1620
2026-05-18 14:55:00,53720.0,53725.0,53682.4,53705.0,1920
2026-05-18 15:00:00,53705.0,54006.2,53705.0,53930.8,7170
2026-05-18 15:05:00,53930.8,53980.6,53825.0,53825.0,1800
2026-05-18 15:10:00,53825.0,53891.4,53825.0,53836.0,2040
2026-05-18 15:15:00,53836.0,53874.6,53800.0,53861.2,1170
2026-05-18 15:20:00,53861.2,53919.2,53825.6,53882.0,1470
2026-05-18 15:25:00,53882.0,53942.4,53856.8,53904.0,4290
2026-05-19 09:15:00,54050.0,54152.6,53912.2,53912.2,4410
2026-05-19 09:20:00,53912.2,53958.8,53850.0,53955.4,3840
2026-05-19 09:25:00,53955.4,53990.6,53939.0,53980.0,3780
2026-05-19 09:30:00,53980.0,53998.8,53814.4,53819.8,6420
2026-05-19 09:35:00,53819.8,53891.4,53740.0,53891.4,3690
2026-05-19 09:40:00,53891.4,54035.0,53890.2,53991.8,4200
2026-05-19 09:45:00,53991.8,53999.4,53890.0,53890.0,1230
2026-05-19 09:50:00,53864.0,53927.4,53821.4,53860.0,2310
2026-05-19 09:55:00,53860.0,53884.0,53801.0,53801.0,2400
2026-05-19 10:00:00,53801.0,53881.8,53801.0,53820.0,1110
2026-05-19 10:05:00,53820.0,53891.8,53820.0,53889.8,870
2026-05-19 10:10:00,53889.8,53983.4,53887.0,53945.0,4590
2026-05-19 10:15:00,53945.0,53990.0,53895.4,53931.4,2430
2026-05-19 10:20:00,53931.4,53931.4,53898.0,53915.0,2160
2026-05-19 10:25:00,53915.0,53970.0,53915.0,53958.8,1260
2026-05-19 10:30:00,53958.8,53981.2,53925.0,53951.4,660
2026-05-19 10:35:00,53951.4,53962.2,53907.2,53955.0,1200
2026-05-19 10:40:00,53955.0,53995.0,53946.8,53980.6,1410
2026-05-19 10:45:00,53980.6,54012.0,53970.8,53992.0,1290
2026-05-19 10:50:00,53992.0,54065.8,53920.4,53920.4,5880
2026-05-19 10:55:00,53920.4,54050.0,53920.4,54036.4,4380
2026-05-19 11:00:00,54036.4,54036.4,53933.0,53981.4,6690
2026-05-19 11:05:00,53981.4,53981.4,53900.0,53900.0,1740
2026-05-19 11:10:00,53900.0,53928.6,53870.0,53870.0,1440
2026-05-19 11:15:00,53870.0,53870.4,53812.8,53860.6,2340
2026-05-19 11:20:00,53860.6,53860.6,53820.2,53850.0,1080
2026-05-19 11:25:00,53850.0,53859.8,53820.0,53830.6,1890
2026-05-19 11:30:00,53830.6,53892.0,53804.2,53812.6,2460
2026-05-19 11:35:00,53812.6,53882.6,53805.8,53879.0,450
2026-05-19 11:40:00,53879.0,53949.8,53879.0,53914.0,960
2026-05-19 11:45:00,53914.0,53952.4,53909.0,53930.0,1560
2026-05-19 11:50:00,53930.0,53950.0,53903.2,53931.8,240
2026-05-19 11:55:00,53931.8,53969.0,53931.8,53950.0,810
2026-05-19 12:00:00,53950.0,53951.4,53896.4,53951.4,720
2026-05-19 12:05:00,53951.4,53968.0,53927.0,53968.0,870
2026-05-19 12:10:00,53968.0,53997.8,53961.0,53993.0,270
2026-05-19 12:15:00,53993.0,53993.0,53920.2,53984.0,390
2026-05-19 12:20:00,53984.0,54000.0,53960.0,53965.6,780
2026-05-19 12:25:00,53965.6,53987.0,53965.6,53987.0,210
2026-05-19 12:30:00,53987.0,54000.0,53955.2,53979.6,240
2026-05-19 12:35:00,53979.6,53999.8,53955.0,53970.2,690
2026-05-19 12:40:00,53970.2,53973.2,53915.8,53915.8,870
2026-05-19 12:45:00,53957.8,53957.8,53901.0,53935.6,240
2026-05-19 12:50:00,53935.6,53950.0,53902.0,53950.0,1020
2026-05-19 12:55:00,53950.0,53950.0,53900.0,53900.0,270
2026-05-19 13:00:00,53900.0,53950.0,53900.0,53900.0,540
2026-05-19 13:05:00,53900.0,53967.8,53900.0,53928.8,1710
2026-05-19 13:10:00,53957.2,53957.2,53914.8,53919.0,420
2026-05-19 13:15:00,53919.0,53970.0,53905.0,53955.0,780
2026-05-19 13:20:00,53955.0,53955.0,53930.0,53939.8,480
2026-05-19 13:25:00,53939.8,53954.0,53925.8,53954.0,270
2026-05-19 13:30:00,53954.0,53998.0,53953.6,53985.0,2520
2026-05-19 13:35:00,53985.0,53999.0,53890.2,53930.2,2490
2026-05-19 13:40:00,53930.2,53934.8,53901.6,53901.6,1470
2026-05-19 13:45:00,53901.6,53950.0,53901.6,53950.0,210
2026-05-19 13:50:00,53950.0,53950.0,53843.8,53856.8,2370
2026-05-19 13:55:00,53856.8,53865.8,53800.2,53847.6,2220
2026-05-19 14:00:00,53847.6,53900.0,53824.0,53900.0,1200
2026-05-19 14:05:00,53900.0,53920.2,53892.6,53895.0,660
2026-05-19 14:10:00,53895.0,53937.0,53878.2,53937.0,360
2026-05-19 14:15:00,53937.0,53970.0,53924.6,53960.0,3180
2026-05-19 14:20:00,53960.0,53980.0,53923.4,53935.0,450
2026-05-19 14:25:00,53935.0,53969.2,53935.0,53935.0,1230
2026-05-19 14:30:00,53935.0,53950.0,53900.0,53913.4,480
2026-05-19 14:35:00,53913.4,53923.0,53867.6,53898.2,1380
2026-05-19 14:40:00,53898.2,53898.2,53756.0,53781.8,4500
2026-05-19 14:45:00,53781.8,53782.6,53700.0,53738.0,3630
2026-05-19 14:50:00,53738.0,53764.8,53713.8,53725.0,3210
2026-05-19 14:55:00,53740.0,53784.4,53719.0,53774.6,1170
2026-05-19 15:00:00,53774.6,53784.8,53719.4,53746.2,1560
2026-05-19 15:05:00,53746.2,53790.8,53710.2,53720.4,1050
2026-05-19 15:10:00,53720.4,53734.4,53625.0,53729.0,7230
2026-05-19 15:15:00,53729.0,53744.6,53650.0,53714.4,3270
2026-05-19 15:20:00,53714.4,53719.6,53675.4,53700.0,4020
2026-05-19 15:25:00,53700.0,53727.8,53667.8,53711.8,5280
2026-05-20 09:15:00,53170.0,53360.8,53111.2,53238.0,17280
2026-05-20 09:20:00,53238.0,53238.0,53170.6,53224.0,6900
2026-05-20 09:25:00,53224.0,53244.4,53190.0,53222.2,3510
2026-05-20 09:30:00,53222.2,53337.8,53222.2,53300.0,3840
2026-05-20 09:35:00,53300.0,53311.0,53239.0,53288.8,2880
2026-05-20 09:40:00,53288.8,53288.8,53203.0,53287.8,2640
2026-05-20 09:45:00,53287.8,53300.0,53232.0,53274.6,1710
2026-05-20 09:50:00,53274.6,53337.4,53265.2,53270.2,1380
2026-05-20 09:55:00,53270.2,53386.6,53253.0,53360.0,1500
2026-05-20 10:00:00,53360.0,53360.0,53250.0,53262.0,1350
2026-05-20 10:05:00,53262.0,53262.0,53200.0,53230.0,2310
2026-05-20 10:10:00,53230.0,53282.8,53225.4,53244.0,960
2026-05-20 10:15:00,53244.0,53287.8,53233.4,53250.2,1260
2026-05-20 10:20:00,53250.2,53285.2,53201.0,53201.0,1170
2026-05-20 10:25:00,53201.0,53291.0,53200.0,53290.0,2490
2026-05-20 10:30:00,53290.0,53443.0,53290.0,53401.8,9870
2026-05-20 10:35:00,53401.8,53450.0,53400.0,53401.0,5550
2026-05-20 10:40:00,53401.0,53415.0,53330.0,53335.0,2790
2026-05-20 10:45:00,53335.0,53354.2,53226.0,53236.0,2370
2026-05-20 10:50:00,53236.0,53330.0,53236.0,53330.0,3360
2026-05-20 10:55:00,53330.0,53379.4,53320.0,53379.4,4530
2026-05-20 11:00:00,53379.4,53534.6,53379.4,53515.0,6570
2026-05-20 11:05:00,53515.0,53570.8,53481.6,53540.0,3780
2026-05-20 11:10:00,53540.0,53580.0,53500.0,53500.0,5640
2026-05-20 11:15:00,53500.0,53530.0,53481.6,53500.0,780
2026-05-20 11:20:00,53500.0,53591.0,53471.0,53540.0,1740
2026-05-20 11:25:00,53540.0,53606.0,53540.0,53606.0,1260
2026-05-20 11:30:00,53606.0,53648.2,53557.0,53583.6,2280
2026-05-20 11:35:00,53583.6,53646.4,53562.0,53610.4,1560
2026-05-20 11:40:00,53610.4,53616.6,53561.0,53599.8,1380
2026-05-20 11:45:00,53599.8,53718.8,53599.8,53705.8,4500
2026-05-20 11:50:00,53705.8,53714.0,53620.0,53635.6,1560
2026-05-20 11:55:00,53635.6,53663.8,53635.6,53657.0,390
2026-05-20 12:00:00,53657.0,53657.0,53585.2,53593.4,930
2026-05-20 12:05:00,53585.2,53589.4,53522.0,53550.0,1740
2026-05-20 12:10:00,53550.0,53568.6,53531.4,53535.0,2250
2026-05-20 12:15:00,53535.0,53606.0,53535.0,53548.4,960
2026-05-20 12:20:00,53548.4,53656.4,53547.6,53650.0,1260
2026-05-20 12:25:00,53650.0,53650.0,53563.8,53583.8,16260
2026-05-20 12:30:00,53583.8,53600.4,53565.0,53595.8,420
2026-05-20 12:35:00,53595.8,53616.8,53567.6,53616.8,840
2026-05-20 12:40:00,53616.8,53616.8,53560.4,53572.8,1320
2026-05-20 12:45:00,53572.8,53581.4,53544.8,53548.4,720
2026-05-20 12:50:00,53548.4,53561.8,53540.6,53550.0,1260
2026-05-20 12:55:00,53550.0,53596.8,53550.0,53568.6,960
2026-05-20 13:00:00,53568.6,53579.6,53501.0,53512.2,2370
2026-05-20 13:05:00,53512.2,53512.2,53462.8,53496.8,840
2026-05-20 13:10:00,53496.8,53528.8,53486.6,53508.4,930
2026-05-20 13:15:00,53508.4,53508.4,53420.0,53436.0,1470
2026-05-20 13:20:00,53436.0,53475.6,53419.0,53435.0,1170
2026-05-20 13:25:00,53435.0,53466.6,53360.0,53369.6,1860
2026-05-20 13:30:00,53369.6,53447.6,53350.0,53445.6,750
2026-05-20 13:35:00,53445.6,53520.4,53435.0,53465.0,1740
2026-05-20 13:40:00,53465.0,53465.0,53430.0,53447.0,420
2026-05-20 13:45:00,53447.0,53455.0,53400.0,53400.0,720
2026-05-20 13:50:00,53400.0,53450.0,53400.0,53450.0,630
2026-05-20 13:55:00,53450.0,53550.0,53450.0,53550.0,2160
2026-05-20 14:00:00,53557.0,53684.8,53557.0,53620.0,3840
2026-05-20 14:05:00,53620.0,53719.8,53620.0,53719.8,2610
2026-05-20 14:10:00,53719.8,53727.0,53700.0,53700.0,8760
2026-05-20 14:15:00,53700.0,53709.8,53700.0,53701.2,3150
2026-05-20 14:20:00,53701.2,53835.0,53681.8,53821.2,10680
2026-05-20 14:25:00,53821.2,53824.2,53738.0,53800.0,13470
2026-05-20 14:30:00,53800.0,53877.0,53757.8,53779.8,7080
2026-05-20 14:35:00,53779.8,53826.8,53760.0,53814.4,4020
2026-05-20 14:40:00,53823.8,53849.0,53814.2,53840.0,3780
2026-05-20 14:45:00,53840.0,53883.2,53819.0,53883.2,3150
2026-05-20 14:50:00,53883.2,53925.8,53841.0,53921.4,8820
2026-05-20 14:55:00,53921.4,53944.8,53890.0,53912.4,6390
2026-05-20 15:00:00,53912.4,53912.4,53791.6,53791.6,9570
2026-05-20 15:05:00,53791.6,53915.0,53791.6,53915.0,3180
2026-05-20 15:10:00,53915.0,53990.0,53904.4,53953.4,5670
2026-05-20 15:15:00,53953.4,53989.6,53892.8,53892.8,5940
2026-05-20 15:20:00,53900.4,53969.8,53885.0,53929.2,5010
2026-05-20 15:25:00,53929.2,53959.6,53897.0,53920.0,4620
2026-05-21 09:15:00,54375.0,54387.8,54101.2,54110.2,13560
2026-05-21 09:20:00,54110.2,54140.2,54060.2,54081.0,8280
2026-05-21 09:25:00,54081.0,54140.0,54060.0,54060.4,3900
2026-05-21 09:30:00,54061.0,54114.0,54009.2,54012.8,4860
2026-05-21 09:35:00,54013.2,54089.0,53984.6,54089.0,4230
2026-05-21 09:40:00,54089.0,54150.0,54046.4,54128.0,7200
2026-05-21 09:45:00,54128.0,54169.2,54091.6,54138.0,5130
2026-05-21 09:50:00,54138.0,54190.4,54113.0,54189.0,5400
2026-05-21 09:55:00,54189.0,54191.2,54108.2,54130.2,6240
2026-05-21 10:00:00,54130.2,54170.0,54115.4,54118.4,4470
2026-05-21 10:05:00,54118.4,54149.8,54025.6,54060.0,5070
2026-05-21 10:10:00,54060.0,54116.2,54060.0,54080.0,2010
2026-05-21 10:15:00,54080.0,54122.0,54068.2,54081.4,3630
2026-05-21 10:20:00,54081.4,54134.2,54069.8,54084.6,3930
2026-05-21 10:25:00,54084.6,54157.2,54066.6,54125.0,4620
2026-05-21 10:30:00,54125.0,54158.0,54083.4,54117.0,1650
2026-05-21 10:35:00,54117.0,54117.0,54020.0,54045.4,1500
2026-05-21 10:40:00,54045.4,54099.0,54024.6,54088.4,1800
2026-05-21 10:45:00,54088.4,54120.0,54051.2,54060.0,3060
2026-05-21 10:50:00,54060.0,54070.0,54013.0,54068.0,2970
2026-05-21 10:55:00,54068.0,54068.0,54011.0,54043.0,2580
2026-05-21 11:00:00,54043.0,54043.0,53966.0,53967.0,16170
2026-05-21 11:05:00,53967.0,53979.0,53943.0,53962.2,3750
2026-05-21 11:10:00,53962.2,53975.2,53930.0,53937.8,4350
2026-05-21 11:15:00,53940.0,53946.4,53820.0,53909.2,12810
2026-05-21 11:20:00,53909.2,53989.2,53900.0,53989.0,4830
2026-05-21 11:25:00,53989.0,54059.8,53974.6,54041.2,5190
2026-05-21 11:30:00,54041.2,54041.2,53994.0,54019.4,3900
2026-05-21 11:35:00,54019.4,54019.4,53974.6,53976.6,3270
2026-05-21 11:40:00,53976.6,54002.6,53959.0,54002.4,4500
2026-05-21 11:45:00,54002.4,54008.0,53953.8,53959.6,3540
2026-05-21 11:50:00,53959.6,54009.0,53950.0,53965.8,3240
2026-05-21 11:55:00,53965.8,53965.8,53916.2,53920.0,2670
2026-05-21 12:00:00,53920.0,54000.0,53920.0,53967.8,1830
2026-05-21 12:05:00,53967.8,53980.4,53920.0,53980.4,3540
2026-05-21 12:10:00,53980.4,53987.2,53891.4,53891.4,3600
2026-05-21 12:15:00,53891.4,53891.4,53834.0,53851.0,7770
2026-05-21 12:20:00,53851.0,53882.8,53825.0,53825.0,6540
2026-05-21 12:25:00,53825.0,53829.4,53720.0,53749.2,7830
2026-05-21 12:30:00,53749.2,53749.2,53675.0,53737.8,7680
2026-05-21 12:35:00,53737.8,53737.8,53656.0,53668.6,8040
2026-05-21 12:40:00,53668.6,53669.6,53559.2,53650.0,9210
2026-05-21 12:45:00,53650.0,53650.0,53575.0,53599.6,4350
2026-05-21 12:50:00,53599.6,53657.6,53599.6,53647.0,7620
2026-05-21 12:55:00,53647.0,53647.0,53501.0,53538.4,7560
2026-05-21 13:00:00,53542.2,53542.2,53400.0,53460.0,9390
2026-05-21 13:05:00,53460.0,53522.6,53460.0,53522.6,7770
2026-05-21 13:10:00,53522.6,53563.2,53522.4,53538.0,6930
2026-05-21 13:15:00,53538.0,53572.0,53520.0,53570.2,4710
2026-05-21 13:20:00,53570.2,53589.8,53541.2,53541.2,3600
2026-05-21 13:25:00,53541.2,53550.2,53513.0,53513.0,5610
2026-05-21 13:30:00,53513.0,53562.0,53500.0,53538.8,4200
2026-05-21 13:35:00,53538.8,53634.0,53538.8,53630.4,4770
2026-05-21 13:40:00,53630.4,53676.0,53627.6,53666.0,10800
2026-05-21 13:45:00,53666.0,53721.0,53625.4,53625.4,8190
2026-05-21 13:50:00,53625.4,53625.4,53544.0,53577.6,4140
2026-05-21 13:55:00,53577.6,53655.2,53551.4,53655.2,3870
2026-05-21 14:00:00,53655.2,53655.2,53549.6,53574.2,4440
2026-05-21 14:05:00,53574.2,53605.0,53568.8,53604.2,5490
2026-05-21 14:10:00,53604.2,53644.6,53580.0,53630.6,4350
2026-05-21 14:15:00,53630.6,53644.4,53595.6,53640.0,6450
2026-05-21 14:20:00,53640.0,53700.0,53640.0,53692.8,15000
2026-05-21 14:25:00,53692.8,53713.0,53627.0,53629.8,3450
2026-05-21 14:30:00,53629.8,53699.4,53629.8,53670.0,2700
2026-05-21 14:35:00,53670.0,53728.2,53669.0,53704.2,3330
2026-05-21 14:40:00,53704.2,53797.0,53704.2,53721.0,6510
2026-05-21 14:45:00,53721.0,53770.0,53721.0,53770.0,4380
2026-05-21 14:50:00,53770.0,53795.4,53751.0,53761.0,3810
2026-05-21 14:55:00,53761.0,53782.0,53745.0,53750.0,3480
2026-05-21 15:00:00,53756.0,53820.0,53702.8,53770.6,6420
2026-05-21 15:05:00,53770.6,53785.0,53709.8,53721.8,3300
2026-05-21 15:10:00,53721.8,53754.4,53699.0,53712.8,34080
2026-05-21 15:15:00,53712.8,53735.0,53676.0,53724.8,35850
2026-05-21 15:20:00,53724.8,53774.8,53710.2,53774.8,11910
2026-05-21 15:25:00,53774.8,53800.0,53735.0,53800.0,10920
2026-05-22 09:15:00,53900.0,54000.0,53820.2,54000.0,15000
2026-05-22 09:20:00,54000.0,54173.0,53994.2,54159.2,19080
2026-05-22 09:25:00,54159.2,54200.0,54112.2,54160.0,17010
2026-05-22 09:30:00,54160.0,54277.2,54138.0,54250.0,26100
2026-05-22 09:35:00,54250.0,54288.0,54199.0,54199.0,10980
2026-05-22 09:40:00,54199.0,54259.8,54173.2,54255.4,8160
2026-05-22 09:45:00,54255.4,54275.4,54207.2,54213.6,13140
2026-05-22 09:50:00,54213.6,54307.0,54206.4,54278.8,12930
2026-05-22 09:55:00,54278.8,54278.8,54201.0,54238.8,7470
2026-05-22 10:00:00,54238.8,54288.0,54209.8,54274.4,10890
2026-05-22 10:05:00,54274.4,54350.0,54252.0,54333.0,11670
2026-05-22 10:10:00,54333.0,54380.0,54333.0,54372.4,17880
2026-05-22 10:15:00,54372.4,54374.0,54334.0,54334.8,9780
2026-05-22 10:20:00,54334.8,54358.4,54300.0,54316.2,5700
2026-05-22 10:25:00,54316.2,54338.8,54299.0,54312.0,8820
2026-05-22 10:30:00,54312.0,54341.4,54301.6,54330.0,8610
2026-05-22 10:35:00,54330.0,54352.2,54282.8,54298.8,14730
2026-05-22 10:40:00,54298.8,54367.8,54298.8,54363.0,7560
2026-05-22 10:45:00,54363.0,54374.0,54321.0,54339.4,5040
2026-05-22 10:50:00,54339.4,54363.0,54311.0,54362.0,16770
2026-05-22 10:55:00,54362.0,54362.0,54327.2,54345.6,5820
2026-05-22 11:00:00,54345.6,54348.8,54310.0,54327.8,5010
2026-05-22 11:05:00,54327.8,54330.0,54294.0,54304.8,7170
2026-05-22 11:10:00,54304.8,54326.0,54294.0,54295.0,5160
2026-05-22 11:15:00,54295.0,54296.0,54250.0,54264.4,11370
2026-05-22 11:20:00,54264.4,54350.0,54250.2,54340.0,7200
2026-05-22 11:25:00,54340.0,54344.8,54243.8,54246.8,7620
2026-05-22 11:30:00,54246.8,54282.8,54225.0,54258.0,15600
2026-05-22 11:35:00,54258.0,54283.0,54225.0,54244.2,10620
2026-05-22 11:40:00,54244.2,54340.8,54244.2,54340.8,4020
2026-05-22 11:45:00,54340.8,54410.0,54340.8,54403.4,18480
2026-05-22 11:50:00,54404.0,54405.0,54368.8,54385.0,24780
2026-05-22 11:55:00,54385.0,54392.4,54351.2,54375.8,8460
2026-05-22 12:00:00,54375.8,54375.8,54325.0,54343.4,3510
2026-05-22 12:05:00,54343.4,54375.0,54327.0,54351.0,3480
2026-05-22 12:10:00,54351.0,54388.6,54325.0,54341.0,6600
2026-05-22 12:15:00,54341.0,54368.6,54341.0,54350.2,2370
2026-05-22 12:20:00,54350.2,54350.2,54280.0,54280.0,7620
2026-05-22 12:25:00,54280.0,54329.0,54260.0,54285.0,6420
2026-05-22 12:30:00,54285.0,54290.0,54232.0,54290.0,21180
2026-05-22 12:35:00,54290.0,54308.8,54253.0,54276.0,6990
2026-05-22 12:40:00,54276.0,54341.4,54276.0,54326.0,3120
2026-05-22 12:45:00,54326.0,54389.0,54301.8,54375.6,5280
2026-05-22 12:50:00,54375.6,54541.2,54375.6,54520.4,22500
2026-05-22 12:55:00,54520.4,54522.0,54460.0,54464.8,5910
2026-05-22 13:00:00,54464.8,54499.0,54453.0,54453.0,5490
2026-05-22 13:05:00,54453.0,54490.0,54452.0,54486.8,3480
2026-05-22 13:10:00,54486.8,54491.0,54478.4,54480.0,3540
2026-05-22 13:15:00,54480.0,54497.0,54450.0,54450.0,6900
2026-05-22 13:20:00,54450.0,54462.6,54440.2,54443.0,4800
2026-05-22 13:25:00,54443.0,54462.0,54422.0,54462.0,2910
2026-05-22 13:30:00,54462.0,54462.0,54427.4,54460.0,2790
2026-05-22 13:35:00,54460.0,54470.0,54433.0,54455.2,7440
2026-05-22 13:40:00,54455.2,54470.0,54421.2,54438.4,6600
2026-05-22 13:45:00,54438.4,54499.0,54434.0,54467.6,9540
2026-05-22 13:50:00,54467.6,54487.0,54422.0,54422.0,4440
2026-05-22 13:55:00,54422.0,54428.2,54380.0,54428.2,5340
2026-05-22 14:00:00,54428.4,54449.2,54324.0,54324.0,5490
2026-05-22 14:05:00,54324.0,54384.8,54266.6,54381.0,5850
2026-05-22 14:10:00,54381.0,54395.2,54350.0,54370.0,7410
2026-05-22 14:15:00,54366.0,54382.2,54321.0,54321.0,5640
2026-05-22 14:20:00,54321.0,54375.0,54300.0,54350.0,3330
2026-05-22 14:25:00,54350.0,54351.0,54286.0,54286.0,6750
2026-05-22 14:30:00,54286.0,54315.0,54211.0,54290.0,10170
2026-05-22 14:35:00,54290.0,54300.0,54221.0,54230.0,5460
2026-05-22 14:40:00,54230.0,54268.6,54181.0,54205.4,10140
2026-05-22 14:45:00,54205.4,54264.4,54175.0,54250.0,5280
2026-05-22 14:50:00,54250.0,54289.8,54241.0,54285.0,10770
2026-05-22 14:55:00,54285.0,54290.0,54250.0,54285.0,23040
2026-05-22 15:00:00,54285.0,54296.8,54254.0,54269.6,15900
2026-05-22 15:05:00,54269.6,54296.2,54258.6,54270.0,5070
2026-05-22 15:10:00,54270.0,54411.2,54270.0,54390.0,9120
2026-05-22 15:15:00,54395.0,54488.0,54395.0,54479.2,13200
2026-05-22 15:20:00,54479.2,54529.2,54460.2,54529.0,15420
2026-05-22 15:25:00,54529.0,54551.0,54504.8,54532.0,28620
2026-05-25 09:15:00,54900.0,55130.0,54850.2,55103.0,48780
2026-05-25 09:20:00,55103.0,55198.4,55070.0,55185.0,29100
2026-05-25 09:25:00,55185.0,55203.8,55155.0,55197.0,24210
2026-05-25 09:30:00,55197.0,55200.0,55145.2,55167.6,23880
2026-05-25 09:35:00,55167.6,55188.8,55145.0,55149.0,14010
2026-05-25 09:40:00,55149.0,55195.0,55130.2,55186.0,14160
2026-05-25 09:45:00,55186.0,55200.0,55120.2,55150.0,18150
2026-05-25 09:50:00,55150.0,55176.4,55120.0,55154.0,9210
2026-05-25 09:55:00,55154.0,55182.4,55150.2,55176.6,14010
2026-05-25 10:00:00,55176.6,55273.8,55173.6,55273.8,27030
2026-05-25 10:05:00,55272.4,55295.0,55234.0,55275.0,21180
2026-05-25 10:10:00,55275.0,55284.2,55234.0,55240.2,14430
2026-05-25 10:15:00,55240.2,55295.8,55230.0,55289.6,20730
2026-05-25 10:20:00,55289.6,55292.4,55235.0,55255.6,13020
2026-05-25 10:25:00,55255.6,55270.8,55230.6,55253.0,10800
2026-05-25 10:30:00,55253.0,55325.0,55230.0,55325.0,17760
2026-05-25 10:35:00,55325.0,55350.0,55303.4,55330.0,18600
2026-05-25 10:40:00,55330.0,55350.0,55324.0,55343.4,10830
2026-05-25 10:45:00,55343.4,55350.0,55325.2,55327.4,7830
2026-05-25 10:50:00,55327.4,55344.8,55320.2,55335.0,5370
2026-05-25 10:55:00,55335.0,55337.2,55290.0,55330.8,8820
2026-05-25 11:00:00,55332.2,55337.2,55294.0,55330.2,6570
2026-05-25 11:05:00,55330.2,55346.8,55291.6,55330.0,9240
2026-05-25 11:10:00,55330.0,55337.2,55325.0,55325.0,9600
2026-05-25 11:15:00,55325.0,55344.0,55315.0,55337.0,5880
2026-05-25 11:20:00,55337.0,55340.0,55317.0,55326.4,7830
2026-05-25 11:25:00,55326.4,55332.0,55321.0,55330.2,6810
2026-05-25 11:30:00,55330.2,55332.0,55300.0,55329.8,5910
2026-05-25 11:35:00,55329.8,55372.2,55302.4,55372.2,9090
2026-05-25 11:40:00,55372.2,55375.0,55344.2,55360.0,5040
2026-05-25 11:45:00,55360.0,55380.0,55343.6,55375.4,18420
2026-05-25 11:50:00,55375.4,55380.0,55353.4,55380.0,9030
2026-05-25 11:55:00,55380.0,55380.0,55370.0,55377.8,4080
2026-05-25 12:00:00,55377.8,55378.0,55260.4,55267.0,26940
2026-05-25 12:05:00,55267.0,55299.8,55232.0,55269.8,38130
2026-05-25 12:10:00,55269.8,55289.8,55235.0,55265.4,24390
2026-05-25 12:15:00,55265.4,55328.8,55243.2,55317.8,10560
2026-05-25 12:20:00,55317.8,55317.8,55248.2,55283.6,11550
2026-05-25 12:25:00,55283.6,55290.0,55245.0,55250.2,5910
2026-05-25 12:30:00,55250.2,55270.6,55234.0,55260.0,8400
2026-05-25 12:35:00,55260.0,55285.0,55242.0,55242.0,3270
2026-05-25 12:40:00,55242.0,55275.2,55235.0,55235.0,3600
2026-05-25 12:45:00,55235.0,55253.4,55150.0,55151.0,25980
2026-05-25 12:50:00,55151.0,55199.0,55140.0,55159.8,28140
2026-05-25 12:55:00,55159.8,55229.0,55141.0,55225.0,8760
2026-05-25 13:00:00,55225.0,55285.0,55190.0,55284.6,6750
2026-05-25 13:05:00,55284.6,55298.2,55261.8,55261.8,6120
2026-05-25 13:10:00,55261.8,55299.8,55261.8,55265.0,7080
2026-05-25 13:15:00,55265.0,55300.0,55263.0,55300.0,4500
2026-05-25 13:20:00,55300.0,55304.0,55281.0,55288.4,2400
2026-05-25 13:25:00,55288.4,55300.0,55275.0,55300.0,4050
2026-05-25 13:30:00,55300.0,55309.0,55276.0,55294.0,13950
2026-05-25 13:35:00,55294.0,55295.2,55235.0,55249.0,5820
2026-05-25 13:40:00,55249.0,55262.2,55200.0,55215.0,22200
2026-05-25 13:45:00,55215.0,55286.6,55215.0,55286.6,3720
2026-05-25 13:50:00,55286.6,55294.8,55255.0,55270.0,3570
2026-05-25 13:55:00,55270.0,55278.6,55230.0,55245.0,4710
2026-05-25 14:00:00,55245.0,55305.4,55240.0,55302.8,6540
2026-05-25 14:05:00,55302.8,55304.0,55241.0,55267.8,7200
2026-05-25 14:10:00,55267.8,55296.8,55240.0,55240.0,9840
2026-05-25 14:15:00,55240.0,55284.0,55235.0,55255.0,4140
2026-05-25 14:20:00,55255.0,55285.8,55250.0,55276.4,20130
2026-05-25 14:25:00,55276.6,55315.0,55276.2,55313.4,5880
2026-05-25 14:30:00,55313.4,55342.0,55295.0,55342.0,25050
2026-05-25 14:35:00,55342.0,55377.6,55333.0,55371.0,10230
2026-05-25 14:40:00,55371.0,55425.0,55351.0,55425.0,10620
2026-05-25 14:45:00,55428.0,55606.4,55425.0,55579.6,48090
2026-05-25 14:50:00,55579.6,55579.8,55530.0,55545.0,16230
2026-05-25 14:55:00,55545.0,55582.2,55530.0,55572.6,16380
2026-05-25 15:00:00,55572.6,55585.0,55550.0,55570.0,13950
2026-05-25 15:05:00,55570.0,55584.6,55555.0,55555.0,16890
2026-05-25 15:10:00,55555.0,55649.8,55555.0,55621.0,35130
2026-05-25 15:15:00,55621.0,55645.0,55599.0,55632.2,29610
2026-05-25 15:20:00,55632.2,55670.0,55632.0,55670.0,22950
2026-05-25 15:25:00,55670.0,55805.0,55664.2,55800.0,46740
2026-05-26 09:15:00,55650.0,55686.2,55450.0,55600.0,108210
2026-05-26 09:20:00,55595.0,55740.0,55590.0,55690.0,41130
2026-05-26 09:25:00,55696.8,55697.8,55623.6,55680.4,26340
2026-05-26 09:30:00,55680.4,55719.0,55663.8,55682.0,20940
2026-05-26 09:35:00,55705.0,55805.0,55656.0,55789.0,24060
2026-05-26 09:40:00,55789.0,55808.0,55705.8,55775.0,12750
2026-05-26 09:45:00,55775.0,55775.0,55710.0,55739.0,16560
2026-05-26 09:50:00,55739.0,55745.0,55644.0,55644.0,12900
2026-05-26 09:55:00,55644.0,55652.0,55530.0,55588.2,21900
2026-05-26 10:00:00,55594.4,55674.8,55551.4,55649.8,13740
2026-05-26 10:05:00,55649.4,55674.8,55573.0,55646.4,11910
2026-05-26 10:10:00,55646.4,55728.2,55646.4,55690.0,13350
2026-05-26 10:15:00,55690.0,55723.2,55625.0,55625.0,8580
2026-05-26 10:20:00,55625.0,55749.6,55597.8,55744.8,6150
2026-05-26 10:25:00,55734.4,55755.0,55690.0,55720.6,4860
2026-05-26 10:30:00,55720.6,55735.8,55675.2,55714.8,6240
2026-05-26 10:35:00,55714.8,55750.0,55698.4,55728.8,6090
2026-05-26 10:40:00,55728.8,55728.8,55700.0,55700.2,5190
2026-05-26 10:45:00,55700.2,55740.0,55700.2,55734.6,6780
2026-05-26 10:50:00,55734.6,55765.0,55700.2,55753.8,6120
2026-05-26 10:55:00,55753.8,55765.0,55730.2,55752.4,6210
2026-05-26 11:00:00,55752.4,55788.4,55750.0,55750.2,7650
2026-05-26 11:05:00,55750.2,55750.2,55710.2,55735.0,3810
2026-05-26 11:10:00,55735.0,55735.0,55700.0,55700.0,5670
2026-05-26 11:15:00,55700.0,55700.0,55651.2,55660.0,10110
2026-05-26 11:20:00,55655.0,55669.6,55602.6,55602.6,6840
2026-05-26 11:25:00,55602.6,55639.8,55598.6,55615.0,10560
2026-05-26 11:30:00,55615.0,55629.6,55560.2,55620.0,10920
2026-05-26 11:35:00,55620.0,55706.6,55620.0,55700.0,7800
2026-05-26 11:40:00,55700.0,55706.8,55680.0,55680.4,4800
2026-05-26 11:45:00,55680.4,55685.6,55611.0,55646.4,8760
2026-05-26 11:50:00,55646.4,55702.0,55620.2,55638.8,8850
2026-05-26 11:55:00,55638.8,55644.8,55573.4,55578.6,13740
2026-05-26 12:00:00,55578.6,55582.2,55510.0,55575.0,14040
2026-05-26 12:05:00,55569.0,55602.0,55550.0,55564.2,6000
2026-05-26 12:10:00,55564.2,55568.8,55521.2,55521.2,10890
2026-05-26 12:15:00,55521.2,55557.8,55502.0,55555.8,7050
2026-05-26 12:20:00,55555.8,55559.8,55508.0,55519.8,5850
2026-05-26 12:25:00,55519.8,55519.8,55470.0,55475.2,13560
2026-05-26 12:30:00,55475.2,55513.6,55451.0,55466.6,9540
2026-05-26 12:35:00,55466.6,55530.0,55450.0,55524.8,10740
2026-05-26 12:40:00,55524.8,55524.8,55450.0,55455.0,8400
2026-05-26 12:45:00,55455.0,55455.0,55425.0,55449.2,9060
2026-05-26 12:50:00,55449.2,55464.0,55375.0,55457.4,19920
2026-05-26 12:55:00,55457.4,55462.4,55401.0,55442.6,10410
2026-05-26 13:00:00,55442.6,55442.6,55355.0,55362.6,11070
2026-05-26 13:05:00,55369.8,55443.0,55369.8,55406.0,10410
2026-05-26 13:10:00,55406.0,55479.2,55405.0,55406.0,8970
2026-05-26 13:15:00,55406.0,55450.0,55375.0,55448.6,10350
2026-05-26 13:20:00,55448.6,55480.8,55420.8,55466.6,4470
2026-05-26 13:25:00,55466.6,55489.6,55438.0,55461.0,4290
2026-05-26 13:30:00,55461.0,55495.0,55441.4,55450.0,4860
2026-05-26 13:35:00,55450.0,55479.6,55427.0,55430.0,5850
2026-05-26 13:40:00,55430.0,55459.0,55410.0,55410.0,7410
2026-05-26 13:45:00,55410.0,55448.4,55410.0,55432.0,8940
2026-05-26 13:50:00,55432.0,55432.0,55380.0,55413.6,10800
2026-05-26 13:55:00,55413.6,55413.6,55376.4,55393.0,14400
2026-05-26 14:00:00,55393.0,55400.6,55360.0,55360.0,21960
2026-05-26 14:05:00,55360.0,55420.0,55355.0,55395.0,14070
2026-05-26 14:10:00,55395.0,55397.6,55350.0,55383.2,16200
2026-05-26 14:15:00,55383.2,55419.6,55359.6,55382.0,12540
2026-05-26 14:20:00,55382.0,55432.2,55379.0,55430.0,8850
2026-05-26 14:25:00,55430.0,55459.8,55382.2,55419.2,11730
2026-05-26 14:30:00,55419.2,55444.8,55402.4,55430.0,5700
2026-05-26 14:35:00,55430.0,55430.6,55373.0,55391.0,6930
2026-05-26 14:40:00,55391.0,55399.0,55351.0,55366.6,10950
2026-05-26 14:45:00,55366.6,55402.4,55347.0,55383.8,18690
2026-05-26 14:50:00,55383.8,55384.0,55350.0,55368.0,9600
2026-05-26 14:55:00,55368.0,55424.4,55357.0,55400.0,12480
2026-05-26 15:00:00,55400.0,55454.8,55400.0,55412.0,24870
2026-05-26 15:05:00,55412.0,55440.0,55385.0,55440.0,15690
2026-05-26 15:10:00,55444.4,55471.0,55425.0,55446.6,18360
2026-05-26 15:15:00,55446.6,55467.2,55430.0,55442.2,39630
2026-05-26 15:20:00,55440.0,55468.8,55440.0,55450.0,36030
2026-05-26 15:25:00,55450.0,55525.0,55445.6,55524.6,45480
2026-05-27 09:15:00,55457.8,55499.8,55205.0,55360.0,134610
2026-05-27 09:20:00,55340.0,55419.0,55325.0,55360.0,16620
2026-05-27 09:25:00,55360.0,55383.4,55260.0,55301.8,19890
2026-05-27 09:30:00,55301.8,55301.8,55240.0,55295.0,16020
2026-05-27 09:35:00,55278.0,55350.0,55250.0,55328.0,9630
2026-05-27 09:40:00,55328.0,55361.0,55290.0,55350.0,7200
2026-05-27 09:45:00,55350.0,55350.0,55240.0,55289.2,15840
2026-05-27 09:50:00,55282.0,55300.0,55240.0,55272.0,7350
2026-05-27 09:55:00,55265.2,55282.4,55227.0,55229.0,6960
2026-05-27 10:00:00,55229.0,55299.0,55190.0,55299.0,16860
2026-05-27 10:05:00,55300.0,55420.0,55283.2,55388.8,18960
2026-05-27 10:10:00,55388.8,55450.0,55352.4,55434.0,9810
2026-05-27 10:15:00,55438.0,55525.0,55430.0,55490.0,19920
2026-05-27 10:20:00,55488.4,55571.0,55474.2,55525.0,25110
2026-05-27 10:25:00,55525.0,55550.0,55511.0,55530.0,8070
2026-05-27 10:30:00,55530.0,55545.0,55447.8,55450.0,10140
2026-05-27 10:35:00,55475.0,55530.0,55451.0,55495.8,4800
2026-05-27 10:40:00,55475.0,55495.8,55389.8,55429.4,7560
2026-05-27 10:45:00,55429.4,55434.2,55355.0,55434.2,8400
2026-05-27 10:50:00,55434.2,55488.0,55407.0,55488.0,8670
2026-05-27 10:55:00,55488.0,55511.0,55444.8,55482.0,9930
2026-05-27 11:00:00,55482.0,55490.8,55394.4,55399.0,2640
2026-05-27 11:05:00,55416.0,55450.0,55400.0,55411.0,2310
2026-05-27 11:10:00,55406.8,55443.8,55390.0,55400.2,1710
2026-05-27 11:15:00,55400.2,55480.0,55378.0,55448.4,4410
2026-05-27 11:20:00,55480.0,55498.0,55450.8,55480.0,2970
2026-05-27 11:25:00,55480.0,55498.0,55465.0,55496.2,2670
2026-05-27 11:30:00,55496.6,55499.4,55424.6,55446.0,3150
2026-05-27 11:35:00,55446.0,55446.0,55380.0,55380.0,5010
2026-05-27 11:40:00,55375.2,55444.4,55375.2,55394.2,3270
2026-05-27 11:45:00,55394.2,55422.0,55375.2,55376.0,3900
2026-05-27 11:50:00,55376.0,55407.6,55360.2,55366.2,4380
2026-05-27 11:55:00,55366.2,55396.0,55310.0,55350.6,8880
2026-05-27 12:00:00,55350.6,55378.0,55300.0,55333.0,5190
2026-05-27 12:05:00,55333.0,55359.2,55272.4,55344.4,13650
2026-05-27 12:10:00,55344.4,55364.0,55304.0,55338.8,4050
2026-05-27 12:15:00,55338.8,55390.0,55320.6,55385.0,4110
2026-05-27 12:20:00,55380.0,55420.0,55355.2,55398.8,3450
2026-05-27 12:25:00,55398.8,55403.8,55330.0,55333.2,1650
2026-05-27 12:30:00,55340.0,55350.0,55300.0,55344.0,4350
2026-05-27 12:35:00,55344.0,55400.0,55334.4,55400.0,1440
2026-05-27 12:40:00,55375.0,55396.4,55352.0,55392.0,1530
2026-05-27 12:45:00,55392.0,55392.0,55342.0,55345.0,1290
2026-05-27 12:50:00,55370.0,55370.0,55300.0,55300.0,3660
2026-05-27 12:55:00,55300.0,55344.6,55280.0,55280.0,2760
2026-05-27 13:00:00,55280.0,55290.2,55220.0,55288.4,11130
2026-05-27 13:05:00,55288.4,55294.0,55234.0,55237.0,7080
2026-05-27 13:10:00,55234.0,55269.6,55231.0,55232.0,4080
2026-05-27 13:15:00,55232.0,55242.0,55201.0,55216.0,10050
2026-05-27 13:20:00,55216.0,55270.2,55205.0,55241.0,7620
2026-05-27 13:25:00,55251.4,55260.6,55165.0,55187.0,17310
2026-05-27 13:30:00,55181.0,55225.8,55165.0,55225.8,6210
2026-05-27 13:35:00,55225.8,55244.0,55200.6,55218.4,11520
2026-05-27 13:40:00,55218.4,55224.0,55150.0,55161.0,8550
2026-05-27 13:45:00,55161.0,55200.0,55123.0,55140.0,8130
2026-05-27 13:50:00,55140.0,55222.4,55123.0,55218.4,5670
2026-05-27 13:55:00,55218.4,55229.8,55195.6,55215.0,4500
2026-05-27 14:00:00,55213.8,55260.0,55200.0,55232.0,7350
2026-05-27 14:05:00,55232.0,55250.0,55210.0,55250.0,4830
2026-05-27 14:10:00,55250.0,55250.0,55170.0,55170.0,6000
2026-05-27 14:15:00,55170.0,55200.0,55151.0,55195.8,5610
2026-05-27 14:20:00,55185.0,55288.8,55170.0,55270.0,10440
2026-05-27 14:25:00,55265.0,55268.0,55170.0,55170.4,7020
2026-05-27 14:30:00,55170.4,55187.0,55111.0,55118.0,15690
2026-05-27 14:35:00,55118.2,55157.6,55090.0,55134.2,16710
2026-05-27 14:40:00,55125.0,55154.8,55100.0,55128.2,7920
2026-05-27 14:45:00,55115.0,55141.4,55080.0,55124.6,9570
2026-05-27 14:50:00,55124.6,55135.2,55091.0,55120.0,9030
2026-05-27 14:55:00,55120.0,55177.0,55112.0,55174.0,7260
2026-05-27 15:00:00,55174.0,55174.0,55105.0,55137.0,8640
2026-05-27 15:05:00,55145.0,55225.0,55128.6,55220.0,13890
2026-05-27 15:10:00,55220.0,55225.0,55167.8,55199.6,20340
2026-05-27 15:15:00,55204.2,55270.0,55200.0,55241.0,19680
2026-05-27 15:20:00,55241.0,55258.0,55220.0,55245.4,17940
2026-05-27 15:25:00,55243.6,55260.0,55200.0,55230.0,17160
2026-05-29 09:15:00,55299.8,55444.0,55260.0,55440.0,45660
2026-05-29 09:20:00,55440.0,55500.0,55376.0,55409.8,31200
2026-05-29 09:25:00,55425.6,55431.6,55232.8,55242.6,21810
2026-05-29 09:30:00,55242.6,55368.8,55200.0,55200.0,15180
2026-05-29 09:35:00,55200.0,55319.8,55200.0,55250.4,10500
2026-05-29 09:40:00,55268.6,55288.2,55125.0,55130.0,14190
2026-05-29 09:45:00,55125.2,55209.8,55100.0,55172.0,15630
2026-05-29 09:50:00,55190.0,55204.6,55144.0,55157.0,10080
2026-05-29 09:55:00,55157.0,55191.4,55105.2,55165.8,10920
2026-05-29 10:00:00,55167.2,55245.0,55139.4,55229.8,7080
2026-05-29 10:05:00,55225.0,55349.0,55223.8,55318.0,14190
2026-05-29 10:10:00,55318.0,55400.0,55303.6,55400.0,19020
2026-05-29 10:15:00,55400.0,55450.0,55370.0,55399.8,15630
2026-05-29 10:20:00,55399.8,55495.0,55383.0,55459.8,27150
2026-05-29 10:25:00,55459.8,55529.4,55429.8,55430.0,19560
2026-05-29 10:30:00,55429.8,55462.8,55390.0,55422.8,6420
2026-05-29 10:35:00,55422.8,55449.0,55386.0,55386.0,2460
2026-05-29 10:40:00,55386.0,55409.6,55350.0,55361.4,4080
2026-05-29 10:45:00,55361.4,55374.8,55340.0,55343.0,10830
2026-05-29 10:50:00,55343.0,55368.0,55305.0,55350.0,5310
2026-05-29 10:55:00,55350.0,55427.4,55345.0,55400.6,7290
2026-05-29 11:00:00,55400.6,55446.8,55381.2,55446.0,4860
2026-05-29 11:05:00,55446.0,55446.0,55404.6,55411.2,2010
2026-05-29 11:10:00,55411.2,55417.2,55351.0,55362.2,3270
2026-05-29 11:15:00,55362.2,55423.8,55360.2,55405.4,3210
2026-05-29 11:20:00,55405.4,55405.4,55360.0,55383.8,2490
2026-05-29 11:25:00,55383.8,55383.8,55349.0,55350.8,3030
2026-05-29 11:30:00,55350.8,55392.8,55251.2,55300.0,26670
2026-05-29 11:35:00,55280.4,55358.4,55280.4,55358.4,3780
2026-05-29 11:40:00,55350.6,55374.4,55309.8,55374.4,1680
2026-05-29 11:45:00,55374.4,55419.0,55350.2,55410.0,3720
2026-05-29 11:50:00,55410.0,55500.0,55410.0,55490.0,15120
2026-05-29 11:55:00,55500.0,55500.0,55436.0,55449.0,1920
2026-05-29 12:00:00,55445.8,55470.0,55375.0,55381.4,14220
2026-05-29 12:05:00,55375.0,55390.0,55350.0,55350.0,3030
2026-05-29 12:10:00,55340.2,55340.2,55162.8,55221.4,39390
2026-05-29 12:15:00,55200.0,55206.4,55111.0,55183.0,26760
2026-05-29 12:20:00,55183.0,55192.0,55130.0,55192.0,7320
2026-05-29 12:25:00,55192.0,55235.2,55191.2,55231.8,6600
2026-05-29 12:30:00,55231.8,55250.0,55180.0,55180.0,15300
2026-05-29 12:35:00,55180.0,55218.2,55150.0,55199.6,6120
2026-05-29 12:40:00,55199.6,55225.4,55160.2,55165.0,5790
2026-05-29 12:45:00,55165.0,55191.0,55150.0,55182.0,2700
2026-05-29 12:50:00,55172.2,55181.0,55104.6,55104.8,8550
2026-05-29 12:55:00,55102.0,55107.0,55025.0,55080.0,33840
2026-05-29 13:00:00,55080.0,55080.0,55000.0,55000.0,22590
2026-05-29 13:05:00,55000.0,55011.0,54958.2,54960.0,19410
2026-05-29 13:10:00,54960.0,54995.0,54881.0,54881.0,28320
2026-05-29 13:15:00,54881.0,54938.8,54820.0,54899.6,32430
2026-05-29 13:20:00,54881.6,54940.0,54870.0,54910.6,8190
2026-05-29 13:25:00,54910.6,54943.6,54870.0,54875.4,8670
2026-05-29 13:30:00,54881.8,54930.0,54852.0,54852.0,11730
2026-05-29 13:35:00,54851.2,54874.0,54756.2,54800.0,24150
2026-05-29 13:40:00,54800.0,54881.8,54789.8,54833.4,13110
2026-05-29 13:45:00,54834.0,54885.8,54801.6,54803.2,10470
2026-05-29 13:50:00,54800.0,54839.8,54757.2,54766.6,27270
2026-05-29 13:55:00,54766.6,54878.6,54758.8,54849.0,8310
2026-05-29 14:00:00,54849.0,54869.0,54801.2,54850.8,6060
2026-05-29 14:05:00,54850.8,54850.8,54780.0,54846.0,9210
2026-05-29 14:10:00,54825.0,54851.0,54810.0,54840.2,2940
2026-05-29 14:15:00,54829.0,54859.8,54780.0,54822.0,7020
2026-05-29 14:20:00,54822.0,54870.0,54801.8,54865.0,4800
2026-05-29 14:25:00,54865.0,54907.6,54847.2,54901.0,5490
2026-05-29 14:30:00,54904.0,54993.8,54901.0,54952.2,20490
2026-05-29 14:35:00,54952.2,55009.0,54936.4,54969.2,9150
2026-05-29 14:40:00,54969.2,55029.0,54925.2,54973.8,7410
2026-05-29 14:45:00,54983.6,55044.0,54950.6,55011.2,10680
2026-05-29 14:50:00,55011.2,55025.0,54950.0,54960.0,3630
2026-05-29 14:55:00,54960.0,54976.0,54890.0,54955.0,8220
2026-05-29 15:00:00,54955.0,54960.0,54601.0,54680.0,64710
2026-05-29 15:05:00,54680.0,54847.2,54676.4,54807.8,51240
2026-05-29 15:10:00,54807.8,54868.4,54734.4,54756.8,48930
2026-05-29 15:15:00,54755.0,54850.4,54749.6,54810.0,75660
2026-05-29 15:20:00,54806.0,54828.0,54660.8,54663.8,63060
2026-05-29 15:25:00,54671.0,54779.6,54671.0,54770.0,57960
2026-06-01 09:15:00,54782.0,54971.0,54400.0,54665.0,67020
2026-06-01 09:20:00,54665.0,54700.0,54570.0,54576.4,17430
2026-06-01 09:25:00,54581.0,54650.0,54560.0,54590.6,12270
2026-06-01 09:30:00,54590.6,54655.6,54550.0,54569.4,17760
2026-06-01 09:35:00,54550.2,54611.0,54434.8,54606.8,35910
2026-06-01 09:40:00,54606.8,54633.0,54425.0,54430.0,13650
2026-06-01 09:45:00,54425.0,54520.0,54404.0,54464.0,17850
2026-06-01 09:50:00,54464.0,54501.0,54402.0,54430.0,9360
2026-06-01 09:55:00,54430.0,54430.0,54334.0,54357.4,29100
2026-06-01 10:00:00,54357.4,54360.0,54216.8,54250.0,31440
2026-06-01 10:05:00,54250.0,54336.0,54234.0,54331.0,12750
2026-06-01 10:10:00,54331.0,54369.4,54284.0,54293.6,8040
2026-06-01 10:15:00,54300.0,54316.0,54251.8,54298.2,10320
2026-06-01 10:20:00,54298.2,54299.8,54229.8,54231.0,10590
2026-06-01 10:25:00,54231.0,54278.6,54140.0,54160.0,18000
2026-06-01 10:30:00,54169.0,54176.6,54095.0,54136.0,23220
2026-06-01 10:35:00,54136.0,54188.0,54103.0,54150.6,9990
2026-06-01 10:40:00,54150.6,54234.6,54150.0,54190.0,6390
2026-06-01 10:45:00,54190.0,54307.6,54190.0,54307.0,11250
2026-06-01 10:50:00,54307.0,54395.0,54267.2,54395.0,11580
2026-06-01 10:55:00,54395.0,54402.0,54320.0,54353.8,13140
2026-06-01 11:00:00,54353.4,54407.6,54351.8,54396.2,10590
2026-06-01 11:05:00,54396.2,54475.0,54373.6,54475.0,14970
2026-06-01 11:10:00,54469.4,54469.4,54405.8,54430.0,7290
2026-06-01 11:15:00,54445.2,54511.0,54440.6,54490.0,13530
2026-06-01 11:20:00,54490.0,54506.0,54400.0,54400.0,4890
2026-06-01 11:25:00,54400.0,54425.0,54316.0,54316.0,3420
2026-06-01 11:30:00,54316.0,54350.0,54256.0,54267.0,9750
2026-06-01 11:35:00,54267.0,54355.0,54260.0,54320.0,5880
2026-06-01 11:40:00,54320.0,54358.0,54294.8,54313.2,5760
2026-06-01 11:45:00,54313.2,54353.8,54278.2,54325.0,3030
2026-06-01 11:50:00,54325.0,54360.0,54325.0,54326.2,1590
2026-06-01 11:55:00,54326.2,54359.6,54170.2,54171.0,12300
2026-06-01 12:00:00,54171.0,54188.8,54125.0,54167.0,13140
2026-06-01 12:05:00,54167.0,54205.0,54125.0,54125.0,14970
2026-06-01 12:10:00,54125.0,54234.8,54111.0,54221.2,7200
2026-06-01 12:15:00,54221.2,54245.8,54170.0,54206.6,3840
2026-06-01 12:20:00,54206.6,54208.6,54143.0,54159.2,4020
2026-06-01 12:25:00,54159.2,54179.0,54130.0,54132.6,3270
2026-06-01 12:30:00,54132.6,54187.0,54130.8,54165.8,1980
2026-06-01 12:35:00,54135.4,54179.8,54130.0,54130.0,3180
2026-06-01 12:40:00,54130.0,54160.0,54100.0,54154.0,5640
2026-06-01 12:45:00,54154.0,54224.0,54148.6,54200.6,21000
2026-06-01 12:50:00,54220.0,54221.0,54150.0,54172.0,4980
2026-06-01 12:55:00,54172.0,54196.6,54051.2,54106.6,15720
2026-06-01 13:00:00,54120.0,54160.4,54050.4,54051.2,16680
2026-06-01 13:05:00,54051.2,54099.4,54000.0,54000.0,17850
2026-06-01 13:10:00,54000.0,54010.0,53905.2,53950.0,27630
2026-06-01 13:15:00,53950.0,54014.2,53925.4,54009.0,10380
2026-06-01 13:20:00,54008.8,54021.8,53970.4,54000.0,5430
2026-06-01 13:25:00,53990.0,54039.0,53965.0,54039.0,7950
2026-06-01 13:30:00,54039.0,54076.0,53986.8,54050.0,10020
2026-06-01 13:35:00,54050.0,54069.0,53980.0,54020.0,7590
2026-06-01 13:40:00,54020.0,54043.0,53982.0,53984.0,3120
2026-06-01 13:45:00,53984.0,54009.0,53931.4,53972.6,8490
2026-06-01 13:50:00,53972.6,53980.0,53952.0,53961.0,5370
2026-06-01 13:55:00,53961.0,54020.0,53950.0,53975.6,4440
2026-06-01 14:00:00,54002.0,54010.0,53888.0,53950.6,16560
2026-06-01 14:05:00,53950.6,53989.6,53888.0,53900.0,6810
2026-06-01 14:10:00,53900.0,53939.2,53866.0,53880.0,8520
2026-06-01 14:15:00,53866.0,53944.8,53850.0,53944.8,9300
2026-06-01 14:20:00,53927.0,53927.0,53826.8,53854.6,12990
2026-06-01 14:25:00,53840.4,53910.0,53833.2,53852.0,14910
2026-06-01 14:30:00,53852.0,53908.0,53828.4,53884.0,17460
2026-06-01 14:35:00,53884.0,53972.2,53878.4,53971.4,10830
2026-06-01 14:40:00,53971.4,53979.0,53923.0,53969.0,6660
2026-06-01 14:45:00,53969.0,54029.8,53924.2,53983.2,13020
2026-06-01 14:50:00,53983.2,53983.2,53850.0,53855.6,4710
2026-06-01 14:55:00,53855.6,53866.0,53811.0,53820.0,7590
2026-06-01 15:00:00,53820.0,53985.0,53811.0,53985.0,8760
2026-06-01 15:05:00,53985.0,54095.4,53955.0,54073.0,20850
2026-06-01 15:10:00,54076.4,54095.0,53971.0,53980.0,9240
2026-06-01 15:15:00,53974.8,54029.0,53939.8,53944.8,11070
2026-06-01 15:20:00,53944.8,53976.4,53926.8,53950.0,17070
2026-06-01 15:25:00,53950.0,53960.0,53910.0,53947.8,27420
2026-06-02 09:15:00,53500.0,53600.0,53401.0,53600.0,72660
2026-06-02 09:20:00,53575.0,53697.2,53539.4,53682.4,50670
2026-06-02 09:25:00,53654.8,53690.0,53600.0,53624.0,36390
2026-06-02 09:30:00,53639.6,53660.4,53525.6,53650.0,22170
2026-06-02 09:35:00,53645.4,53745.8,53625.0,53740.0,17640
2026-06-02 09:40:00,53742.2,53768.6,53606.4,53680.0,20940
2026-06-02 09:45:00,53680.0,53722.2,53601.0,53698.4,12660
2026-06-02 09:50:00,53698.4,53822.8,53612.0,53810.0,22650
2026-06-02 09:55:00,53810.0,53830.8,53736.8,53830.8,25800
2026-06-02 10:00:00,53830.8,53890.0,53762.0,53863.6,51750
2026-06-02 10:05:00,53863.6,53868.8,53705.0,53716.8,11940
2026-06-02 10:10:00,53716.8,53716.8,53590.0,53592.0,11130
2026-06-02 10:15:00,53590.0,53696.8,53550.2,53670.0,32100
2026-06-02 10:20:00,53648.2,53790.0,53639.8,53766.0,21450
2026-06-02 10:25:00,53780.0,53835.0,53724.0,53793.6,16950
2026-06-02 10:30:00,53793.6,53793.6,53648.4,53700.0,9600
2026-06-02 10:35:00,53700.0,53700.0,53661.8,53689.2,3930
2026-06-02 10:40:00,53689.2,53724.0,53675.0,53686.0,2400
2026-06-02 10:45:00,53686.0,53702.0,53650.0,53651.0,3270
2026-06-02 10:50:00,53651.0,53682.6,53555.0,53562.0,8160
2026-06-02 10:55:00,53560.0,53640.0,53550.2,53626.8,12300
2026-06-02 11:00:00,53640.8,53699.0,53615.8,53630.0,5760
2026-06-02 11:05:00,53630.0,53665.0,53568.0,53568.0,2370
2026-06-02 11:10:00,53568.0,53727.2,53568.0,53686.0,6480
2026-06-02 11:15:00,53686.0,53699.6,53616.6,53650.0,2010
2026-06-02 11:20:00,53660.0,53838.6,53660.0,53825.4,76620
2026-06-02 11:25:00,53825.4,53825.4,53705.0,53740.0,5310
2026-06-02 11:30:00,53725.2,53760.0,53710.0,53735.0,2490
2026-06-02 11:35:00,53735.0,53735.0,53601.0,53616.2,4980
2026-06-02 11:40:00,53616.2,53674.0,53615.0,53642.6,2880
2026-06-02 11:45:00,53642.6,53670.8,53580.0,53612.2,3930
2026-06-02 11:50:00,53612.2,53670.2,53600.0,53670.2,2250
2026-06-02 11:55:00,53670.2,53683.4,53605.0,53612.2,1620
2026-06-02 12:00:00,53612.2,53675.4,53593.6,53655.2,2250
2026-06-02 12:05:00,53655.2,53660.0,53611.2,53660.0,1320
2026-06-02 12:10:00,53660.0,53676.8,53621.0,53626.6,1290
2026-06-02 12:15:00,53626.6,53660.0,53610.8,53653.0,1650
2026-06-02 12:20:00,53653.0,53653.0,53610.0,53610.0,1980
2026-06-02 12:25:00,53610.0,53616.0,53511.0,53511.0,14280
2026-06-02 12:30:00,53511.0,53745.0,53500.2,53666.8,19020
2026-06-02 12:35:00,53666.8,53725.0,53660.8,53699.8,3960
2026-06-02 12:40:00,53705.0,53856.2,53694.6,53856.2,12510
2026-06-02 12:45:00,53855.0,54138.0,53855.0,54096.0,39360
2026-06-02 12:50:00,54100.0,54207.6,54095.6,54120.4,35760
2026-06-02 12:55:00,54121.8,54273.0,54096.6,54232.0,39150
2026-06-02 13:00:00,54234.8,54249.8,54174.8,54195.0,16920
2026-06-02 13:05:00,54195.0,54224.0,54175.0,54191.0,18030
2026-06-02 13:10:00,54191.0,54339.8,54189.8,54240.0,29130
2026-06-02 13:15:00,54240.0,54284.0,54224.0,54226.2,18240
2026-06-02 13:20:00,54226.2,54275.0,54190.0,54274.8,8220
2026-06-02 13:25:00,54275.0,54321.0,54252.8,54315.0,12630
2026-06-02 13:30:00,54315.0,54404.8,54289.8,54325.2,34080
2026-06-02 13:35:00,54325.2,54352.6,54253.0,54270.0,17730
2026-06-02 13:40:00,54270.0,54309.6,54244.8,54270.0,5430
2026-06-02 13:45:00,54270.0,54354.4,54250.0,54330.0,7350
2026-06-02 13:50:00,54330.0,54338.2,54252.8,54275.6,4050
2026-06-02 13:55:00,54275.6,54280.0,54177.0,54267.4,13080
2026-06-02 14:00:00,54251.0,54274.0,54225.6,54274.0,2520
2026-06-02 14:05:00,54280.0,54332.4,54274.0,54302.4,5730
2026-06-02 14:10:00,54302.4,54326.8,54251.0,54294.6,5490
2026-06-02 14:15:00,54299.4,54315.0,54219.8,54230.0,4980
2026-06-02 14:20:00,54230.0,54350.0,54220.2,54284.0,3660
2026-06-02 14:25:00,54284.0,54321.2,54226.0,54255.0,3090
2026-06-02 14:30:00,54255.0,54281.4,54231.0,54258.0,3840
2026-06-02 14:35:00,54258.2,54262.6,54110.0,54110.0,14670
2026-06-02 14:40:00,54110.0,54132.0,54020.0,54032.4,18210
2026-06-02 14:45:00,54045.0,54078.0,53961.0,54075.0,19080
2026-06-02 14:50:00,54075.0,54100.0,54035.2,54083.6,5550
2026-06-02 14:55:00,54083.6,54083.6,54021.0,54023.6,7890
2026-06-02 15:00:00,54020.2,54075.2,53975.0,54062.2,11970
2026-06-02 15:05:00,54062.2,54149.0,54062.2,54143.4,6570
2026-06-02 15:10:00,54143.4,54188.0,54112.4,54155.0,8850
2026-06-02 15:15:00,54165.0,54230.0,54128.2,54222.4,12030
2026-06-02 15:20:00,54222.4,54228.0,54190.0,54191.8,11190
2026-06-02 15:25:00,54200.0,54220.0,54125.0,54164.8,16410
2026-06-03 09:15:00,54000.0,54000.0,53529.4,53573.8,108060
2026-06-03 09:20:00,53573.8,53631.0,53520.0,53573.4,40620
2026-06-03 09:25:00,53555.0,53598.4,53466.0,53524.2,33690
2026-06-03 09:30:00,53515.2,53536.6,53448.0,53479.6,25050
2026-06-03 09:35:00,53479.6,53550.0,53428.0,53525.4,23460
2026-06-03 09:40:00,53528.2,53548.6,53500.0,53540.0,17070
2026-06-03 09:45:00,53540.0,53559.0,53450.0,53530.2,22560
2026-06-03 09:50:00,53530.2,53634.0,53501.2,53502.2,16290
2026-06-03 09:55:00,53504.0,53619.2,53463.8,53563.4,21060
2026-06-03 10:00:00,53563.4,53635.0,53550.0,53616.2,12960
2026-06-03 10:05:00,53619.6,53648.0,53580.0,53614.0,10680
2026-06-03 10:10:00,53602.2,53602.2,53479.0,53500.0,20040
2026-06-03 10:15:00,53500.0,53584.4,53481.2,53579.0,6510
2026-06-03 10:20:00,53579.0,53600.0,53530.0,53530.0,4410
2026-06-03 10:25:00,53530.0,53595.0,53530.0,53555.2,4230
2026-06-03 10:30:00,53533.0,53554.0,53388.0,53400.0,31620
2026-06-03 10:35:00,53400.0,53490.0,53385.0,53488.8,5130
2026-06-03 10:40:00,53488.8,53518.0,53470.0,53472.0,5760
2026-06-03 10:45:00,53472.0,53509.6,53418.2,53480.0,3780
2026-06-03 10:50:00,53480.0,53494.4,53425.0,53485.0,6150
2026-06-03 10:55:00,53485.0,53500.0,53420.0,53438.4,5220
2026-06-03 11:00:00,53438.4,53500.0,53426.0,53455.0,4260
2026-06-03 11:05:00,53455.0,53455.0,53365.0,53373.8,11580
2026-06-03 11:10:00,53373.8,53422.8,53373.8,53386.4,11400
2026-06-03 11:15:00,53386.4,53494.8,53382.6,53475.2,24870
2026-06-03 11:20:00,53475.2,53569.8,53447.6,53482.2,7020
2026-06-03 11:25:00,53504.8,53542.0,53480.0,53505.6,3960
2026-06-03 11:30:00,53505.6,53564.4,53484.8,53541.6,2820
2026-06-03 11:35:00,53541.6,53553.6,53472.0,53472.0,3960
2026-06-03 11:40:00,53472.0,53472.0,53412.0,53430.0,9210
2026-06-03 11:45:00,53430.0,53459.6,53425.6,53453.2,4290
2026-06-03 11:50:00,53453.2,53529.2,53453.2,53524.2,2340
2026-06-03 11:55:00,53524.2,53524.2,53449.0,53470.0,4950
2026-06-03 12:00:00,53470.0,53480.0,53287.6,53332.6,36750
2026-06-03 12:05:00,53332.6,53420.0,53330.0,53420.0,5640
2026-06-03 12:10:00,53420.0,53436.4,53375.4,53376.4,6510
2026-06-03 12:15:00,53376.4,53407.8,53376.4,53392.0,1800
2026-06-03 12:20:00,53392.0,53473.6,53392.0,53444.8,10350
2026-06-03 12:25:00,53440.0,53647.0,53439.8,53643.0,19830
2026-06-03 12:30:00,53648.0,53894.0,53648.0,53840.0,69090
2026-06-03 12:35:00,53840.0,54038.8,53829.6,53970.4,76110
2026-06-03 12:40:00,53977.2,54120.0,53965.2,54044.4,41580
2026-06-03 12:45:00,54080.0,54133.0,53959.6,54000.0,24810
2026-06-03 12:50:00,54000.0,54050.0,53921.0,53921.0,11670
2026-06-03 12:55:00,53940.0,53975.0,53916.0,53953.2,4830
2026-06-03 13:00:00,53953.2,54046.4,53930.0,53950.0,12030
2026-06-03 13:05:00,53950.0,53985.6,53902.0,53944.0,5310
2026-06-03 13:10:00,53954.8,53978.0,53925.0,53978.0,8610
2026-06-03 13:15:00,54010.0,54122.0,54000.0,54038.6,38460
2026-06-03 13:20:00,54038.6,54185.0,54038.6,54165.0,22620
2026-06-03 13:25:00,54171.4,54189.0,54082.2,54139.0,8190
2026-06-03 13:30:00,54150.0,54170.0,54062.0,54116.0,13830
2026-06-03 13:35:00,54100.0,54150.0,54059.6,54099.0,19170
2026-06-03 13:40:00,54099.0,54150.0,54056.2,54061.6,6780
2026-06-03 13:45:00,54061.6,54330.0,54050.0,54280.0,35370
2026-06-03 13:50:00,54280.0,54289.0,54210.2,54236.6,15150
2026-06-03 13:55:00,54236.6,54295.0,54200.0,54269.8,16770
2026-06-03 14:00:00,54269.8,54381.8,54269.8,54353.4,24930
2026-06-03 14:05:00,54353.4,54400.0,54300.0,54316.6,17910
2026-06-03 14:10:00,54316.6,54371.6,54202.6,54335.0,94410
2026-06-03 14:15:00,54335.0,54425.0,54307.2,54380.0,27600
2026-06-03 14:20:00,54380.0,54460.0,54333.8,54440.0,33720
2026-06-03 14:25:00,54440.0,54440.0,54282.0,54311.0,56850
2026-06-03 14:30:00,54319.0,54425.0,54302.4,54400.0,39750
2026-06-03 14:35:00,54406.6,54480.0,54351.0,54479.8,20880
2026-06-03 14:40:00,54480.0,54580.0,54464.0,54540.0,46380
2026-06-03 14:45:00,54549.8,54590.0,54500.0,54577.2,17550
2026-06-03 14:50:00,54565.2,54630.0,54549.6,54580.0,26370
2026-06-03 14:55:00,54580.0,54599.8,54527.8,54550.0,31050
2026-06-03 15:00:00,54550.0,54600.0,54423.4,54587.6,32790
2026-06-03 15:05:00,54587.4,54649.8,54414.8,54446.2,56700
2026-06-03 15:10:00,54425.4,54501.0,54398.0,54475.0,42810
2026-06-03 15:15:00,54484.0,54520.0,54461.2,54520.0,22680
2026-06-03 15:20:00,54503.6,54591.0,54503.4,54534.0,29220
2026-06-03 15:25:00,54533.2,54600.0,54521.0,54524.0,52020
2026-06-04 09:15:00,54270.0,54399.6,54126.0,54313.4,80190
2026-06-04 09:20:00,54313.4,54344.0,54175.0,54234.4,30150
2026-06-04 09:25:00,54234.4,54300.0,54200.0,54267.4,11760
2026-06-04 09:30:00,54267.4,54271.0,54175.0,54268.8,18450
2026-06-04 09:35:00,54268.8,54359.8,54201.0,54230.0,17790
2026-06-04 09:40:00,54230.0,54314.6,54200.0,54307.2,11130
2026-06-04 09:45:00,54307.2,54476.0,54295.0,54476.0,22950
2026-06-04 09:50:00,54480.0,54489.8,54375.0,54450.0,22890
2026-06-04 09:55:00,54450.0,54620.0,54445.0,54540.0,44250
2026-06-04 10:00:00,54534.8,54607.6,54490.2,54575.0,15150
2026-06-04 10:05:00,54575.0,54610.0,54550.0,54560.2,12600
2026-06-04 10:10:00,54560.2,54570.0,54510.8,54540.0,5340
2026-06-04 10:15:00,54540.0,54583.0,54470.0,54548.0,9030
2026-06-04 10:20:00,54548.0,54587.0,54538.6,54542.8,1920
2026-06-04 10:25:00,54542.8,54576.0,54475.0,54475.0,2880
2026-06-04 10:30:00,54475.0,54499.4,54394.0,54401.0,10050
2026-06-04 10:35:00,54400.0,54459.0,54365.6,54432.0,6450
2026-06-04 10:40:00,54432.0,54501.0,54420.0,54501.0,5760
2026-06-04 10:45:00,54510.0,54649.8,54510.0,54597.6,20190
2026-06-04 10:50:00,54597.6,54635.0,54552.2,54603.0,6750
2026-06-04 10:55:00,54607.0,54630.8,54577.0,54577.0,5010
2026-06-04 11:00:00,54577.0,54626.0,54510.2,54536.0,5700
2026-06-04 11:05:00,54536.0,54543.0,54463.6,54490.0,4110
2026-06-04 11:10:00,54490.0,54530.0,54470.0,54514.0,2790
2026-06-04 11:15:00,54514.0,54531.0,54482.0,54492.4,2730
2026-06-04 11:20:00,54492.4,54492.4,54465.0,54465.0,1740
2026-06-04 11:25:00,54465.0,54500.0,54430.0,54482.8,4380
2026-06-04 11:30:00,54482.8,54499.8,54380.0,54499.8,7500
2026-06-04 11:35:00,54499.8,54600.0,54480.2,54597.0,6480
2026-06-04 11:40:00,54597.0,54681.8,54572.0,54609.8,24030
2026-06-04 11:45:00,54609.8,54613.0,54565.0,54565.8,1890
2026-06-04 11:50:00,54565.8,54584.4,54452.0,54470.0,7110
2026-06-04 11:55:00,54479.8,54550.0,54450.2,54550.0,5070
2026-06-04 12:00:00,54512.8,54575.0,54480.2,54546.6,1710
2026-06-04 12:05:00,54546.6,54610.0,54527.4,54591.0,3630
2026-06-04 12:10:00,54591.0,54620.0,54557.8,54573.2,4320
2026-06-04 12:15:00,54573.2,54608.0,54552.0,54552.0,2040
2026-06-04 12:20:00,54552.0,54594.6,54518.2,54576.8,1830
2026-06-04 12:25:00,54576.8,54600.0,54553.8,54600.0,2520
2026-06-04 12:30:00,54600.0,54600.0,54502.4,54525.0,2190
2026-06-04 12:35:00,54525.0,54525.0,54466.6,54525.0,6870
2026-06-04 12:40:00,54525.0,54560.8,54501.2,54520.0,5340
2026-06-04 12:45:00,54502.0,54563.0,54490.2,54548.0,2010
2026-06-04 12:50:00,54558.8,54558.8,54508.0,54520.0,2040
2026-06-04 12:55:00,54520.0,54560.6,54514.0,54550.0,1740
2026-06-04 13:00:00,54560.0,54578.8,54526.0,54529.0,2220
2026-06-04 13:05:00,54528.0,54528.0,54444.0,54500.0,8190
2026-06-04 13:10:00,54500.0,54503.2,54301.0,54311.0,18120
2026-06-04 13:15:00,54317.2,54349.0,54224.0,54315.2,26430
2026-06-04 13:20:00,54340.8,54375.0,54300.2,54315.6,5970
2026-06-04 13:25:00,54308.0,54345.2,54280.0,54317.6,5700
2026-06-04 13:30:00,54317.6,54340.0,54275.0,54340.0,3630
2026-06-04 13:35:00,54340.0,54358.0,54330.0,54358.0,2430
2026-06-04 13:40:00,54358.0,54360.0,54280.0,54350.0,2400
2026-06-04 13:45:00,54350.0,54385.0,54310.0,54360.0,3330
2026-06-04 13:50:00,54360.0,54388.0,54296.0,54388.0,3270
2026-06-04 13:55:00,54388.0,54400.0,54290.2,54375.6,3930
2026-06-04 14:00:00,54375.6,54509.0,54375.6,54459.8,16440
2026-06-04 14:05:00,54474.0,54485.0,54430.0,54484.8,3180
2026-06-04 14:10:00,54490.0,54506.0,54451.0,54452.6,4200
2026-06-04 14:15:00,54452.6,54515.0,54452.6,54494.0,4650
2026-06-04 14:20:00,54494.0,54515.0,54450.0,54474.8,5460
2026-06-04 14:25:00,54475.0,54515.0,54475.0,54498.8,3990
2026-06-04 14:30:00,54498.8,54566.0,54468.6,54533.8,11580
2026-06-04 14:35:00,54533.8,54645.4,54533.8,54645.4,24120
2026-06-04 14:40:00,54645.4,54670.0,54605.2,54644.0,8880
2026-06-04 14:45:00,54644.0,54750.0,54619.8,54650.0,29370
2026-06-04 14:50:00,54625.6,54650.0,54530.0,54539.8,11610
2026-06-04 14:55:00,54532.0,54569.8,54532.0,54557.0,2970
2026-06-04 15:00:00,54557.0,54570.0,54502.6,54532.4,19830
2026-06-04 15:05:00,54532.4,54612.0,54522.0,54575.0,5790
2026-06-04 15:10:00,54575.0,54595.0,54571.4,54590.0,4020
2026-06-04 15:15:00,54583.4,54620.0,54562.4,54609.0,11010
2026-06-04 15:20:00,54595.0,54666.0,54575.0,54651.4,28950
2026-06-04 15:25:00,54651.4,54685.0,54650.0,54651.2,37560
2026-06-05 09:15:00,54660.0,54797.6,54610.0,54615.0,52470
2026-06-05 09:20:00,54620.0,54700.8,54585.0,54641.6,42540
2026-06-05 09:25:00,54641.6,54720.0,54622.0,54705.2,16710
2026-06-05 09:30:00,54725.0,54797.0,54721.0,54779.0,28590
2026-06-05 09:35:00,54775.0,54834.0,54710.0,54729.2,17880
2026-06-05 09:40:00,54729.2,54789.0,54682.0,54767.4,12960
2026-06-05 09:45:00,54767.4,54790.0,54702.2,54771.0,11580
2026-06-05 09:50:00,54771.0,54850.0,54732.0,54814.2,31860
2026-06-05 09:55:00,54820.0,54877.4,54800.0,54834.8,44640
2026-06-05 10:00:00,54834.8,54944.0,54775.0,54903.8,79170
2026-06-05 10:05:00,54878.0,54969.8,54752.8,54940.0,78930
2026-06-05 10:10:00,54938.6,54967.6,54770.0,54800.0,57030
2026-06-05 10:15:00,54800.0,54960.0,54770.0,54900.0,51900
2026-06-05 10:20:00,54900.0,54976.6,54835.2,54976.6,26880
2026-06-05 10:25:00,54975.6,55049.8,54860.0,54885.0,58770
2026-06-05 10:30:00,54885.0,54921.8,54826.2,54826.2,13920
2026-06-05 10:35:00,54818.0,54835.0,54615.0,54640.0,59550
2026-06-05 10:40:00,54620.0,54676.4,54471.8,54525.0,94770
2026-06-05 10:45:00,54520.0,54600.0,54412.2,54600.0,42960
2026-06-05 10:50:00,54600.0,54685.0,54600.0,54661.8,27540
2026-06-05 10:55:00,54680.0,54738.0,54655.0,54730.0,16290
2026-06-05 11:00:00,54740.0,54958.0,54726.8,54958.0,47940
2026-06-05 11:05:00,54958.6,55166.2,54925.0,55069.8,105600
2026-06-05 11:10:00,55081.0,55120.2,55010.0,55023.2,34650
2026-06-05 11:15:00,55037.8,55077.4,54962.2,55015.0,35160
2026-06-05 11:20:00,55015.0,55015.0,54858.0,54900.8,20130
2026-06-05 11:25:00,54900.0,54934.6,54870.0,54896.6,8820
2026-06-05 11:30:00,54896.6,54979.6,54890.0,54908.8,13770
2026-06-05 11:35:00,54908.8,54922.0,54820.0,54856.0,14490
2026-06-05 11:40:00,54856.0,54945.0,54826.2,54865.4,7260
2026-06-05 11:45:00,54865.4,54960.6,54865.4,54920.2,11940
