date,open,high,low,close,volume
2026-04-06 11:45:00,121935,121997,121904,121985,9
2026-04-06 11:50:00,121985,122000,121790,121800,62
2026-04-06 11:55:00,121800,121800,121743,121777,41
2026-04-06 12:00:00,121777,121920,121777,121906,6
2026-04-06 12:05:00,121906,121920,121826,121826,13
2026-04-06 12:10:00,121826,121849,121826,121849,4
2026-04-06 12:15:00,121849,121849,121849,121849,0
2026-04-06 12:20:00,121849,122100,121849,121926,10
2026-04-06 12:25:00,121926,121931,121926,121931,1
2026-04-06 12:30:00,121931,122144,121931,122029,27
2026-04-06 12:35:00,122029,122029,122025,122025,1
2026-04-06 12:40:00,122025,122025,121771,121771,6
2026-04-06 12:45:00,121771,121771,121771,121771,0
2026-04-06 12:50:00,121771,121817,121771,121817,1
2026-04-06 12:55:00,121817,121817,121750,121815,6
2026-04-06 13:00:00,121815,122008,121815,122008,2
2026-04-06 13:05:00,122008,122008,122000,122000,2
2026-04-06 13:10:00,122000,122200,122000,122177,28
2026-04-06 13:15:00,122177,122215,122139,122195,19
2026-04-06 13:20:00,122195,122551,122195,122551,22
2026-04-06 13:25:00,122551,122616,122523,122616,2
2026-04-06 13:30:00,122616,122844,122528,122844,29
2026-04-06 13:35:00,122672,122689,122585,122626,10
2026-04-06 13:40:00,122626,122817,122626,122817,6
2026-04-06 13:45:00,122817,122817,122711,122711,5
2026-04-06 13:50:00,122711,122711,122600,122600,5
2026-04-06 13:55:00,122600,122760,122600,122760,1
2026-04-06 14:00:00,122760,122900,122760,122875,17
2026-04-06 14:05:00,122875,122900,122850,122865,13
2026-04-06 14:10:00,122865,123000,122865,122926,32
2026-04-06 14:15:00,122926,123099,122926,123065,16
2026-04-06 14:20:00,123065,123065,122970,122970,12
2026-04-06 14:25:00,122970,122970,122890,122900,10
2026-04-06 14:30:00,122900,123079,122900,122999,40
2026-04-06 14:35:00,122999,123057,122999,123000,7
2026-04-06 14:40:00,123000,123000,122900,122900,3
2026-04-06 14:45:00,122900,123079,122900,122981,12
2026-04-06 14:50:00,122981,122981,122969,122969,2
2026-04-06 14:55:00,122969,123040,122969,123040,13
2026-04-06 15:00:00,123040,123150,123040,123105,74
2026-04-06 15:05:00,123105,123105,123046,123046,7
2026-04-06 15:10:00,123046,123046,123014,123014,4
2026-04-06 15:15:00,123014,123095,122891,122891,12
2026-04-06 15:20:00,122891,122957,122641,122799,37
2026-04-06 15:25:00,122799,122882,122799,122822,24
2026-04-06 15:30:00,122822,123013,122822,122953,8
2026-04-06 15:35:00,122953,122964,122770,122770,30
2026-04-06 15:40:00,122770,122946,122770,122866,4
2026-04-06 15:45:00,122866,122866,122830,122845,2
2026-04-06 15:50:00,122845,122905,122845,122905,1
2026-04-06 15:55:00,122905,122944,122850,122868,5
2026-04-06 16:00:00,122868,122950,122868,122950,1
2026-04-06 16:05:00,122950,122950,122915,122915,4
2026-04-06 16:10:00,122915,123090,122915,123090,4
2026-04-06 16:15:00,123090,123090,122868,122868,6
2026-04-06 16:20:00,122868,122868,122868,122868,0
2026-04-06 16:25:00,122868,123045,122868,122977,5
2026-04-06 16:30:00,122977,122977,122954,122954,1
2026-04-06 16:35:00,122954,122956,122954,122956,2
2026-04-06 16:40:00,122956,123024,122956,123024,2
2026-04-06 16:45:00,123024,123045,122920,122920,4
2026-04-06 16:50:00,122920,123026,122920,122999,2
2026-04-06 16:55:00,122999,123000,122868,123000,8
2026-04-06 17:00:00,123000,123000,123000,123000,0
2026-04-06 17:05:00,123000,123001,122810,123001,15
2026-04-06 17:10:00,123001,123001,122865,122959,3
2026-04-06 17:15:00,122959,122959,122800,122800,1
2026-04-06 17:20:00,122800,122882,122800,122882,1
2026-04-06 17:25:00,122882,122949,122759,122759,7
2026-04-06 17:30:00,122759,122923,122745,122923,9
2026-04-06 17:35:00,122923,122923,122836,122868,4
2026-04-06 17:40:00,122868,122868,122417,122417,23
2026-04-06 17:45:00,122417,122611,122375,122611,2
2026-04-06 17:50:00,122611,122611,122360,122416,13
2026-04-06 17:55:00,122416,122457,122352,122457,3
2026-04-06 18:00:00,122457,122649,122457,122649,14
2026-04-06 18:05:00,122649,122760,122649,122760,2
2026-04-06 18:10:00,122760,122822,122689,122689,2
2026-04-06 18:15:00,122689,122764,122689,122760,5
2026-04-06 18:20:00,122760,122771,122760,122771,5
2026-04-06 18:25:00,122771,122780,122771,122780,5
2026-04-06 18:30:00,122780,122780,122560,122560,8
2026-04-06 18:35:00,122560,122560,122360,122551,20
2026-04-06 18:40:00,122551,122658,122476,122476,9
2026-04-06 18:45:00,122476,122476,122476,122476,0
2026-04-06 18:50:00,122476,122674,122326,122674,13
2026-04-06 18:55:00,122674,122674,122500,122500,5
2026-04-06 19:00:00,122500,122500,122500,122500,0
2026-04-06 19:05:00,122500,122508,122500,122500,3
2026-04-06 19:10:00,122500,122769,122500,122712,7
2026-04-06 19:15:00,122712,122712,122500,122500,12
2026-04-06 19:20:00,122500,122692,122500,122600,2
2026-04-06 19:25:00,122600,122700,122600,122700,1
2026-04-06 19:30:00,122700,122925,122570,122570,13
2026-04-06 19:35:00,122570,122570,122570,122570,0
2026-04-06 19:40:00,122570,122669,122500,122669,5
2026-04-06 19:45:00,122669,122786,122669,122786,1
2026-04-06 19:50:00,122786,122845,122671,122845,10
2026-04-06 19:55:00,122845,122869,122721,122740,8
2026-04-06 20:00:00,122740,122825,122740,122800,3
2026-04-06 20:05:00,122800,122900,122773,122773,2
2026-04-06 20:10:00,122773,122936,122772,122936,12
2026-04-06 20:15:00,122936,122936,122604,122616,6
2026-04-06 20:20:00,122616,122759,122616,122699,3
2026-04-06 20:25:00,122699,122699,122699,122699,0
2026-04-06 20:30:00,122699,122699,122566,122566,3
2026-04-06 20:35:00,122566,122566,122520,122520,3
2026-04-06 20:40:00,122520,122554,122401,122469,9
2026-04-06 20:45:00,122469,122513,122359,122392,9
2026-04-06 20:50:00,122392,122428,122392,122428,2
2026-04-06 20:55:00,122428,122513,122428,122513,1
2026-04-06 21:00:00,122513,122577,122513,122577,2
2026-04-06 21:05:00,122577,122577,122199,122272,9
2026-04-06 21:10:00,122272,122272,122228,122232,2
2026-04-06 21:15:00,122232,122232,122232,122232,0
2026-04-06 21:20:00,122232,122367,122232,122367,1
2026-04-06 21:25:00,122367,122436,122367,122436,2
2026-04-06 21:30:00,122436,122510,122436,122510,4
2026-04-06 21:35:00,122510,122573,122510,122538,4
2026-04-06 21:40:00,122538,122577,122538,122577,1
2026-04-06 21:45:00,122577,122577,122513,122513,14
2026-04-06 21:50:00,122513,122651,122504,122504,17
2026-04-06 21:55:00,122504,122505,122474,122474,3
2026-04-06 22:00:00,122474,122474,122393,122428,5
2026-04-06 22:05:00,122428,122428,122423,122423,3
2026-04-06 22:10:00,122423,122483,122423,122483,2
2026-04-06 22:15:00,122483,122483,122372,122372,7
2026-04-06 22:20:00,122372,122534,122372,122446,7
2026-04-06 22:25:00,122446,122446,122400,122443,3
2026-04-06 22:30:00,122443,122443,122270,122270,6
2026-04-06 22:35:00,122270,122330,122253,122253,6
2026-04-06 22:40:00,122253,122253,122095,122155,10
2026-04-06 22:45:00,122155,122242,122143,122200,8
2026-04-06 22:50:00,122200,122317,122200,122264,16
2026-04-06 22:55:00,122264,122269,122200,122200,9
2026-04-06 23:00:00,122200,122254,122051,122138,12
2026-04-06 23:05:00,122138,122368,122138,122160,21
2026-04-06 23:10:00,122160,122256,122160,122178,6
2026-04-06 23:15:00,122178,122241,122096,122099,10
2026-04-06 23:20:00,122099,122125,122000,122000,9
2026-04-06 23:25:00,122000,122326,122000,122269,26
2026-04-07 09:00:00,121927,122248,121778,122012,44
2026-04-07 09:05:00,122012,122012,121906,121906,4
2026-04-07 09:10:00,121906,122253,121906,122100,11
2026-04-07 09:15:00,122100,122260,122098,122160,13
2026-04-07 09:20:00,122160,122200,122160,122200,7
2026-04-07 09:25:00,122200,122223,122060,122115,40
2026-04-07 09:30:00,122114,122379,122114,122276,15
2026-04-07 09:35:00,122325,122325,122295,122304,4
2026-04-07 09:40:00,122304,122304,122073,122073,17
2026-04-07 09:45:00,122073,122165,122073,122162,14
2026-04-07 09:50:00,122162,122229,122152,122179,33
2026-04-07 09:55:00,122199,122364,122199,122301,11
2026-04-07 10:00:00,122301,122583,122301,122468,8
2026-04-07 10:05:00,122468,122468,122468,122468,0
2026-04-07 10:10:00,122468,122680,122468,122680,5
2026-04-07 10:15:00,122680,122680,122598,122616,4
2026-04-07 10:20:00,122616,122700,122607,122607,5
2026-04-07 10:25:00,122607,122607,122607,122607,0
2026-04-07 10:30:00,122607,122607,122551,122582,4
2026-04-07 10:35:00,122582,122582,122550,122550,2
2026-04-07 10:40:00,122550,122550,122535,122550,3
2026-04-07 10:45:00,122550,122562,122550,122562,1
2026-04-07 10:50:00,122562,122562,122500,122500,7
2026-04-07 10:55:00,122500,122500,122213,122213,6
2026-04-07 11:00:00,122213,122248,121912,122140,14
2026-04-07 11:05:00,122140,122308,122110,122308,8
2026-04-07 11:10:00,122308,122308,122020,122020,6
2026-04-07 11:15:00,122020,122212,122020,122092,6
2026-04-07 11:20:00,122092,122299,122092,122299,11
2026-04-07 11:25:00,122299,122362,122221,122221,6
2026-04-07 11:30:00,122221,122350,122221,122350,4
2026-04-07 11:35:00,122350,122350,122250,122300,5
2026-04-07 11:40:00,122300,122310,122300,122310,5
2026-04-07 11:45:00,122310,122310,122240,122240,6
2026-04-07 11:50:00,122240,122240,122020,122091,13
2026-04-07 11:55:00,122091,122091,122091,122091,0
2026-04-07 12:00:00,122091,122100,121910,122100,6
2026-04-07 12:05:00,122100,122219,122100,122219,5
2026-04-07 12:10:00,122219,122239,122161,122239,2
2026-04-07 12:15:00,122239,122318,122239,122318,3
2026-04-07 12:20:00,122318,122318,122318,122318,0
2026-04-07 12:25:00,122318,122318,122318,122318,0
2026-04-07 12:30:00,122318,122318,122220,122220,10
2026-04-07 12:35:00,122220,122220,122220,122220,0
2026-04-07 12:40:00,122220,122284,122214,122214,3
2026-04-07 12:45:00,122214,122249,122200,122200,2
2026-04-07 12:50:00,122200,122200,122000,122000,9
2026-04-07 12:55:00,122000,122005,121878,121878,15
2026-04-07 13:00:00,121878,121957,121800,121920,16
2026-04-07 13:05:00,121920,122000,121920,122000,3
2026-04-07 13:10:00,122000,122000,121945,121945,2
2026-04-07 13:15:00,121945,121945,121945,121945,1
2026-04-07 13:20:00,121945,121945,121828,121828,2
2026-04-07 13:25:00,121828,122065,121828,122065,1
2026-04-07 13:30:00,122065,122065,122065,122065,0
2026-04-07 13:35:00,122065,122086,122065,122086,2
2026-04-07 13:40:00,122086,122249,122086,122249,4
2026-04-07 13:45:00,122249,122249,122126,122221,8
2026-04-07 13:50:00,122221,122590,122221,122385,33
2026-04-07 13:55:00,122385,122549,122385,122448,17
2026-04-07 14:00:00,122448,122500,122269,122500,7
2026-04-07 14:05:00,122500,122598,122467,122467,12
2026-04-07 14:10:00,122467,122591,122467,122591,5
2026-04-07 14:15:00,122591,122601,122544,122544,4
2026-04-07 14:20:00,122544,122600,122512,122545,8
2026-04-07 14:25:00,122545,122571,122515,122518,66
2026-04-07 14:30:00,122518,122519,122494,122494,41
2026-04-07 14:35:00,122494,122562,122464,122562,24
2026-04-07 14:40:00,122562,122615,122540,122613,15
2026-04-07 14:45:00,122613,122624,122532,122624,6
2026-04-07 14:50:00,122688,122688,122655,122657,28
2026-04-07 14:55:00,122657,122657,122491,122491,11
2026-04-07 15:00:00,122491,122491,122340,122360,69
2026-04-07 15:05:00,122360,122415,122323,122323,48
2026-04-07 15:10:00,122323,122366,122314,122366,17
2026-04-07 15:15:00,122366,122510,122300,122510,39
2026-04-07 15:20:00,122510,122532,122346,122532,14
2026-04-07 15:25:00,122532,122590,122444,122520,5
2026-04-07 15:30:00,122520,122590,122520,122584,10
2026-04-07 15:35:00,122584,122670,122415,122415,4
2026-04-07 15:40:00,122415,122532,122415,122532,11
2026-04-07 15:45:00,122532,122670,122532,122579,7
2026-04-07 15:50:00,122579,122579,122545,122545,2
2026-04-07 15:55:00,122545,122545,122301,122364,4
2026-04-07 16:00:00,122364,122364,122364,122364,0
2026-04-07 16:05:00,122364,122489,122364,122489,2
2026-04-07 16:10:00,122489,122489,122489,122489,0
2026-04-07 16:15:00,122489,122489,122228,122228,4
2026-04-07 16:20:00,122228,122431,122228,122331,4
2026-04-07 16:25:00,122331,122331,122331,122331,0
2026-04-07 16:30:00,122331,122396,122255,122320,25
2026-04-07 16:35:00,122320,122320,122193,122193,15
2026-04-07 16:40:00,122193,122209,122000,122000,6
2026-04-07 16:45:00,122000,122099,122000,122099,2
2026-04-07 16:50:00,122099,122369,122099,122369,8
2026-04-07 16:55:00,122369,122369,122311,122311,1
2026-04-07 17:00:00,122311,122311,122311,122311,0
2026-04-07 17:05:00,122311,122368,122311,122368,4
2026-04-07 17:10:00,122368,122440,122279,122416,3
2026-04-07 17:15:00,122416,122417,122393,122417,4
2026-04-07 17:20:00,122417,122417,122417,122417,0
2026-04-07 17:25:00,122417,122417,122393,122393,1
2026-04-07 17:30:00,122393,122393,122350,122350,1
2026-04-07 17:35:00,122350,122350,122209,122209,3
2026-04-07 17:40:00,122209,122209,122099,122099,9
2026-04-07 17:45:00,122099,122200,122099,122200,1
2026-04-07 17:50:00,122200,122200,122200,122200,0
2026-04-07 17:55:00,122200,122420,122200,122367,4
2026-04-07 18:00:00,122367,122367,122332,122350,3
2026-04-07 18:05:00,122350,122350,122350,122350,1
2026-04-07 18:10:00,122350,122350,122300,122313,5
2026-04-07 18:15:00,122313,122313,122313,122313,0
2026-04-07 18:20:00,122313,122313,121980,121980,6
2026-04-07 18:25:00,121980,122273,121980,122273,2
2026-04-07 18:30:00,122273,122273,122169,122189,3
2026-04-07 18:35:00,122189,122216,122189,122216,1
2026-04-07 18:40:00,122216,122216,122199,122199,2
2026-04-07 18:45:00,122199,122199,122199,122199,0
2026-04-07 18:50:00,122199,122199,122170,122170,1
2026-04-07 18:55:00,122170,122216,122170,122216,1
2026-04-07 19:00:00,122216,122216,121958,121972,10
2026-04-07 19:05:00,121972,122090,121911,122090,8
2026-04-07 19:10:00,122090,122090,121750,121778,31
2026-04-07 19:15:00,121778,122029,121718,121860,20
2026-04-07 19:20:00,121860,122033,121860,122033,6
2026-04-07 19:25:00,122033,122048,122009,122009,3
2026-04-07 19:30:00,122009,122009,121571,121571,32
2026-04-07 19:35:00,121571,121571,121372,121388,20
2026-04-07 19:40:00,121388,121654,121388,121455,19
2026-04-07 19:45:00,121455,121526,121346,121347,22
2026-04-07 19:50:00,121347,121853,121347,121853,26
2026-04-07 19:55:00,121853,121853,121590,121844,12
2026-04-07 20:00:00,121844,121900,121817,121900,9
2026-04-07 20:05:00,121900,122205,121900,121997,19
2026-04-07 20:10:00,121997,121997,121870,121870,3
2026-04-07 20:15:00,121870,121994,121870,121994,1
2026-04-07 20:20:00,121994,121994,121903,121903,1
2026-04-07 20:25:00,121903,121903,121660,121660,7
2026-04-07 20:30:00,121600,121697,121600,121605,10
2026-04-07 20:35:00,121605,121626,121548,121600,6
2026-04-07 20:40:00,121650,121800,121650,121751,18
2026-04-07 20:45:00,121751,121822,121751,121770,4
2026-04-07 20:50:00,121770,121770,121770,121770,1
2026-04-07 20:55:00,121770,121770,121701,121701,1
2026-04-07 21:00:00,121701,121923,121701,121771,21
2026-04-07 21:05:00,121771,121819,121771,121800,9
2026-04-07 21:10:00,121800,121800,121750,121750,1
2026-04-07 21:15:00,121750,121750,121750,121750,0
2026-04-07 21:20:00,121750,121918,121750,121918,1
2026-04-07 21:25:00,121918,121966,121848,121966,5
2026-04-07 21:30:00,121966,122200,121966,122200,2
2026-04-07 21:35:00,122200,122200,122036,122039,4
2026-04-07 21:40:00,122039,122050,121988,122050,4
2026-04-07 21:45:00,122050,122050,122050,122050,1
2026-04-07 21:50:00,122050,122139,122050,122139,3
2026-04-07 21:55:00,122139,122139,122002,122002,3
2026-04-07 22:00:00,122002,122033,121948,122033,5
2026-04-07 22:05:00,122033,122033,122033,122033,0
2026-04-07 22:10:00,122033,122033,121969,121969,3
2026-04-07 22:15:00,121969,121969,121969,121969,0
2026-04-07 22:20:00,121969,121969,121969,121969,0
2026-04-07 22:25:00,121969,121988,121914,121914,3
2026-04-07 22:30:00,121914,121914,121914,121914,0
2026-04-07 22:35:00,121914,122184,121914,122184,3
2026-04-07 22:40:00,122097,122097,122097,122097,1
2026-04-07 22:45:00,122097,122137,122050,122086,4
2026-04-07 22:50:00,122086,122086,121949,121980,4
2026-04-07 22:55:00,121980,121980,121964,121964,1
2026-04-07 23:00:00,121964,122149,121964,122149,12
2026-04-07 23:05:00,122155,122295,122155,122260,16
2026-04-07 23:10:00,122260,122332,122250,122332,24
2026-04-07 23:15:00,122332,122332,122201,122250,16
2026-04-07 23:20:00,122250,122450,122250,122272,15
2026-04-07 23:25:00,122491,122491,122285,122345,12
2026-04-08 09:00:00,123668,125444,123668,124695,237
2026-04-08 09:05:00,124695,124999,124601,124731,115
2026-04-08 09:10:00,124731,124872,124717,124872,40
2026-04-08 09:15:00,124872,124872,124750,124789,18
2026-04-08 09:20:00,124789,124836,124720,124832,64
2026-04-08 09:25:00,124832,124837,124643,124643,36
2026-04-08 09:30:00,124643,124802,124643,124724,47
2026-04-08 09:35:00,124724,124749,124500,124500,35
2026-04-08 09:40:00,124500,124570,124467,124525,76
2026-04-08 09:45:00,124525,124594,124439,124550,74
2026-04-08 09:50:00,124550,124550,124456,124467,15
2026-04-08 09:55:00,124467,124734,124417,124734,16
2026-04-08 10:00:00,124734,124798,124734,124768,26
2026-04-08 10:05:00,124768,124800,124712,124800,17
2026-04-08 10:10:00,124800,124876,124800,124876,16
2026-04-08 10:15:00,124876,124882,124800,124800,3
2026-04-08 10:20:00,124800,124800,124644,124644,15
2026-04-08 10:25:00,124644,124750,124644,124736,22
2026-04-08 10:30:00,124736,124764,124717,124731,11
2026-04-08 10:35:00,124731,124929,124731,124929,20
2026-04-08 10:40:00,124929,125000,124927,124998,32
2026-04-08 10:45:00,124998,125063,124941,125063,22
2026-04-08 10:50:00,125063,125063,124985,125041,24
2026-04-08 10:55:00,125041,125244,125041,125244,16
2026-04-08 11:00:00,125244,125299,125215,125250,19
2026-04-08 11:05:00,125250,125382,125250,125337,23
2026-04-08 11:10:00,125337,125500,125337,125461,38
2026-04-08 11:15:00,125474,125758,125422,125758,38
2026-04-08 11:20:00,125772,125879,125745,125758,40
2026-04-08 11:25:00,125758,125758,125487,125582,73
2026-04-08 11:30:00,125582,125758,125582,125681,58
2026-04-08 11:35:00,125681,125681,125300,125500,34
2026-04-08 11:40:00,125500,125640,125500,125640,24
2026-04-08 11:45:00,125640,125700,125607,125700,24
2026-04-08 11:50:00,125700,125757,125659,125740,17
2026-04-08 11:55:00,125740,125740,125625,125625,6
2026-04-08 12:00:00,125625,125629,125594,125629,19
2026-04-08 12:05:00,125629,125742,125626,125626,21
2026-04-08 12:10:00,125626,125666,125553,125646,23
2026-04-08 12:15:00,125646,125758,125620,125684,40
2026-04-08 12:20:00,125684,125684,125430,125473,39
2026-04-08 12:25:00,125473,125526,125433,125526,55
2026-04-08 12:30:00,125526,125526,125310,125456,32
2026-04-08 12:35:00,125456,125456,125356,125395,17
2026-04-08 12:40:00,125395,125395,125335,125390,8
2026-04-08 12:45:00,125390,125400,125319,125319,15
2026-04-08 12:50:00,125310,125363,125310,125362,14
2026-04-08 12:55:00,125362,125508,125360,125508,14
2026-04-08 13:00:00,125508,125508,125360,125360,7
2026-04-08 13:05:00,125360,125403,125333,125403,6
2026-04-08 13:10:00,125403,125403,125310,125325,9
2026-04-08 13:15:00,125325,125370,125325,125370,10
2026-04-08 13:20:00,125370,125505,125370,125499,5
2026-04-08 13:25:00,125499,125517,125431,125459,6
2026-04-08 13:30:00,125459,125468,125359,125430,5
2026-04-08 13:35:00,125430,125491,125430,125491,1
2026-04-08 13:40:00,125491,125491,125491,125491,0
2026-04-08 13:45:00,125491,125500,125491,125500,4
2026-04-08 13:50:00,125500,125520,125351,125351,5
2026-04-08 13:55:00,125351,125387,125300,125387,15
2026-04-08 14:00:00,125387,125387,125320,125320,2
2026-04-08 14:05:00,125320,125339,125306,125315,5
2026-04-08 14:10:00,125315,125315,125118,125161,4
2026-04-08 14:15:00,125161,125188,125161,125188,6
2026-04-08 14:20:00,125188,125250,125114,125199,9
2026-04-08 14:25:00,125199,125199,125135,125135,10
2026-04-08 14:30:00,125121,125200,125121,125200,5
2026-04-08 14:35:00,125200,125200,125151,125190,3
2026-04-08 14:40:00,125190,125205,125167,125205,4
2026-04-08 14:45:00,125205,125209,125195,125196,4
2026-04-08 14:50:00,125196,125266,125160,125232,7
2026-04-08 14:55:00,125232,125290,125121,125121,10
2026-04-08 15:00:00,125121,125192,125121,125192,2
2026-04-08 15:05:00,125192,125192,125120,125120,22
2026-04-08 15:10:00,125120,125120,124750,124750,25
2026-04-08 15:15:00,124750,124931,124750,124931,17
2026-04-08 15:20:00,124931,125102,124931,124960,3
2026-04-08 15:25:00,124960,125004,124897,124897,9
2026-04-08 15:30:00,124897,125136,124897,125136,8
2026-04-08 15:35:00,125136,125158,125132,125132,13
2026-04-08 15:40:00,125132,125132,125000,125000,8
2026-04-08 15:45:00,125000,125000,124676,124793,8
2026-04-08 15:50:00,124793,124872,124787,124872,8
2026-04-08 15:55:00,124872,124999,124872,124953,3
2026-04-08 16:00:00,124953,125051,124947,125051,3
2026-04-08 16:05:00,125051,125100,124818,125100,35
2026-04-08 16:10:00,125100,125100,125049,125049,6
2026-04-08 16:15:00,125049,125140,125049,125096,10
2026-04-08 16:20:00,125096,125190,125096,125190,11
2026-04-08 16:25:00,125190,125190,124990,124990,2
2026-04-08 16:30:00,124990,125018,124963,125018,9
2026-04-08 16:35:00,125018,125018,124923,124997,6
2026-04-08 16:40:00,124997,125024,124997,125024,1
2026-04-08 16:45:00,125024,125024,124992,124992,1
2026-04-08 16:50:00,124992,125050,124992,125050,1
2026-04-08 16:55:00,125050,125190,125050,125190,14
2026-04-08 17:00:00,125190,125190,125100,125140,6
2026-04-08 17:05:00,125140,125182,125000,125007,8
2026-04-08 17:10:00,125007,125191,125007,125191,2
2026-04-08 17:15:00,125191,125208,125182,125208,17
2026-04-08 17:20:00,125208,125298,125208,125250,7
2026-04-08 17:25:00,125250,125349,125250,125349,5
2026-04-08 17:30:00,125349,125389,125325,125389,9
2026-04-08 17:35:00,125389,125389,125300,125300,1
2026-04-08 17:40:00,125300,125389,125200,125389,5
2026-04-08 17:45:00,125389,125389,125250,125250,3
2026-04-08 17:50:00,125250,125250,124850,125061,43
2026-04-08 17:55:00,125061,125111,125061,125111,1
2026-04-08 18:00:00,125111,125139,125087,125139,3
2026-04-08 18:05:00,125139,125200,125135,125200,5
2026-04-08 18:10:00,125200,125200,125168,125168,3
2026-04-08 18:15:00,125168,125300,125168,125285,14
2026-04-08 18:20:00,125285,125299,125241,125299,3
2026-04-08 18:25:00,125299,125299,125244,125244,1
2026-04-08 18:30:00,125244,125349,125244,125349,6
2026-04-08 18:35:00,125349,125349,125200,125200,10
2026-04-08 18:40:00,125200,125200,125103,125173,12
2026-04-08 18:45:00,125173,125173,125173,125173,0
2026-04-08 18:50:00,125173,125200,125103,125200,16
2026-04-08 18:55:00,125200,125200,125200,125200,0
2026-04-08 19:00:00,125200,125200,124917,125041,36
2026-04-08 19:05:00,125041,125136,124980,124980,5
2026-04-08 19:10:00,124980,125014,124980,125014,4
2026-04-08 19:15:00,125014,125183,125014,125180,8
2026-04-08 19:20:00,125180,125180,125038,125038,2
2026-04-08 19:25:00,125038,125038,124853,124972,5
2026-04-08 19:30:00,124972,125108,124972,125108,7
2026-04-08 19:35:00,125108,125150,124973,124973,7
2026-04-08 19:40:00,124973,125021,124957,125021,2
2026-04-08 19:45:00,125021,125021,124990,124990,5
2026-04-08 19:50:00,124990,124990,124850,124899,21
2026-04-08 19:55:00,124899,124899,124800,124871,16
2026-04-08 20:00:00,124871,124871,124301,124421,41
2026-04-08 20:05:00,124421,124702,124368,124702,21
2026-04-08 20:10:00,124702,124796,124594,124689,7
2026-04-08 20:15:00,124689,124689,124393,124505,15
2026-04-08 20:20:00,124505,124505,124201,124300,39
2026-04-08 20:25:00,124300,124300,124002,124200,21
2026-04-08 20:30:00,124200,124414,124200,124350,30
2026-04-08 20:35:00,124439,124439,124300,124300,14
2026-04-08 20:40:00,124300,124350,124107,124264,20
2026-04-08 20:45:00,124264,124431,124264,124431,5
2026-04-08 20:50:00,124431,124574,124431,124574,4
2026-04-08 20:55:00,124574,124580,124369,124369,21
2026-04-08 21:00:00,124369,124369,124360,124360,10
2026-04-08 21:05:00,124360,124600,124360,124600,20
2026-04-08 21:10:00,124600,124600,124572,124572,4
2026-04-08 21:15:00,124572,124572,124532,124532,1
2026-04-08 21:20:00,124532,124660,124512,124650,10
2026-04-08 21:25:00,124650,124661,124630,124630,9
2026-04-08 21:30:00,124630,124692,124630,124692,11
2026-04-08 21:35:00,124692,124692,124641,124641,5
2026-04-08 21:40:00,124684,124740,124650,124650,14
2026-04-08 21:45:00,124650,124650,124400,124480,15
2026-04-08 21:50:00,124480,124482,124405,124482,14
2026-04-08 21:55:00,124482,124548,124482,124548,6
2026-04-08 22:00:00,124548,124548,124450,124499,9
2026-04-08 22:05:00,124499,124541,124451,124451,2
2026-04-08 22:10:00,124451,124599,124451,124599,5
2026-04-08 22:15:00,124599,124599,124555,124555,8
2026-04-08 22:20:00,124555,124715,124555,124618,12
2026-04-08 22:25:00,124618,124745,124618,124725,18
2026-04-08 22:30:00,124725,124725,124623,124694,10
2026-04-08 22:35:00,124694,124694,124556,124682,17
2026-04-08 22:40:00,124682,124694,124682,124694,1
2026-04-08 22:45:00,124694,124694,124556,124556,11
2026-04-08 22:50:00,124556,124556,124463,124463,13
2026-04-08 22:55:00,124463,124635,124463,124598,21
2026-04-08 23:00:00,124598,124695,124500,124597,44
2026-04-08 23:05:00,124597,124597,124400,124466,38
2026-04-08 23:10:00,124466,124479,124400,124464,13
2026-04-08 23:15:00,124464,124464,124363,124393,15
2026-04-08 23:20:00,124393,124455,124351,124369,21
2026-04-08 23:25:00,124328,124447,124202,124447,19
2026-04-09 09:00:00,124089,124089,123690,123899,53
2026-04-09 09:05:00,123899,123899,123801,123873,25
2026-04-09 09:10:00,123873,123942,123821,123924,14
2026-04-09 09:15:00,123924,123950,123900,123900,14
2026-04-09 09:20:00,123900,123900,123800,123900,11
2026-04-09 09:25:00,123900,123900,123848,123871,4
2026-04-09 09:30:00,123871,123981,123871,123969,29
2026-04-09 09:35:00,123969,124097,123952,124050,12
2026-04-09 09:40:00,124050,124050,124050,124050,0
2026-04-09 09:45:00,124050,124131,124050,124079,4
2026-04-09 09:50:00,124079,124079,123932,123953,8
2026-04-09 09:55:00,123953,123953,123889,123922,6
2026-04-09 10:00:00,123922,123922,123562,123818,75
2026-04-09 10:05:00,123818,123832,123804,123832,9
2026-04-09 10:10:00,123832,123955,123832,123955,54
2026-04-09 10:15:00,123900,123930,123885,123900,15
2026-04-09 10:20:00,123900,123930,123848,123930,12
2026-04-09 10:25:00,123930,123930,123930,123930,12
2026-04-09 10:30:00,123930,123932,123930,123932,1
2026-04-09 10:35:00,123892,123892,123800,123865,11
2026-04-09 10:40:00,123865,123865,123800,123805,7
2026-04-09 10:45:00,123805,123875,123801,123875,4
2026-04-09 10:50:00,123875,123903,123875,123903,6
2026-04-09 10:55:00,123903,124000,123903,124000,2
2026-04-09 11:00:00,124000,124000,123985,123985,4
2026-04-09 11:05:00,123985,123985,123900,123910,2
2026-04-09 11:10:00,123910,123950,123910,123950,1
2026-04-09 11:15:00,123950,123950,123950,123950,0
2026-04-09 11:20:00,123950,123950,123877,123895,3
2026-04-09 11:25:00,123895,123895,123895,123895,0
2026-04-09 11:30:00,123895,124000,123895,124000,5
2026-04-09 11:35:00,124000,124054,124000,124036,11
2026-04-09 11:40:00,124036,124083,124000,124001,3
2026-04-09 11:45:00,124001,124014,124001,124014,1
2026-04-09 11:50:00,124014,124014,123973,123973,5
2026-04-09 11:55:00,123973,123973,123904,123913,2
2026-04-09 12:00:00,123913,123913,123913,123913,0
2026-04-09 12:05:00,123913,123913,123913,123913,0
2026-04-09 12:10:00,123913,123913,123913,123913,0
2026-04-09 12:15:00,123913,123922,123913,123922,1
2026-04-09 12:20:00,123922,123922,123800,123800,3
2026-04-09 12:25:00,123800,123800,123800,123800,0
2026-04-09 12:30:00,123800,123951,123800,123941,3
2026-04-09 12:35:00,123941,124034,123941,124034,1
2026-04-09 12:40:00,124034,124060,124034,124039,2
2026-04-09 12:45:00,124039,124039,123931,123931,16
2026-04-09 12:50:00,123931,123941,123898,123941,4
2026-04-09 12:55:00,123941,123941,123866,123866,2
2026-04-09 13:00:00,123866,123866,123866,123866,3
2026-04-09 13:05:00,123866,123866,123866,123866,0
2026-04-09 13:10:00,123866,124025,123866,124025,9
2026-04-09 13:15:00,124025,124055,123923,123923,2
2026-04-09 13:20:00,123923,123952,123923,123950,3
2026-04-09 13:25:00,123950,123950,123950,123950,0
2026-04-09 13:30:00,123950,124040,123950,124040,1
2026-04-09 13:35:00,124040,124077,124024,124072,3
2026-04-09 13:40:00,124072,124250,124072,124237,14
2026-04-09 13:45:00,124237,124256,124237,124256,4
2026-04-09 13:50:00,124256,124260,124208,124260,7
2026-04-09 13:55:00,124260,124352,124260,124286,12
2026-04-09 14:00:00,124286,124451,124286,124451,8
2026-04-09 14:05:00,124473,124473,124409,124409,4
2026-04-09 14:10:00,124409,124423,124364,124364,4
2026-04-09 14:15:00,124364,124473,124364,124473,14
2026-04-09 14:20:00,124473,124473,124285,124285,12
2026-04-09 14:25:00,124285,124285,124281,124281,1
2026-04-09 14:30:00,124281,124331,124254,124331,5
2026-04-09 14:35:00,124331,124331,124178,124331,18
2026-04-09 14:40:00,124331,124448,124331,124338,5
2026-04-09 14:45:00,124338,124338,124338,124338,0
2026-04-09 14:50:00,124338,124351,124338,124351,2
2026-04-09 14:55:00,124351,124410,124351,124410,1
2026-04-09 15:00:00,124410,124410,124410,124410,0
2026-04-09 15:05:00,124410,124410,124410,124410,0
2026-04-09 15:10:00,124410,124410,124334,124334,4
2026-04-09 15:15:00,124334,124334,124211,124211,4
2026-04-09 15:20:00,124211,124211,124211,124211,0
2026-04-09 15:25:00,124211,124211,124211,124211,0
2026-04-09 15:30:00,124211,124211,124211,124211,0
2026-04-09 15:35:00,124228,124228,124188,124188,2
2026-04-09 15:40:00,124188,124204,124167,124167,2
2026-04-09 15:45:00,124167,124167,124135,124140,2
2026-04-09 15:50:00,124140,124350,124140,124350,2
2026-04-09 15:55:00,124350,124370,124350,124370,1
2026-04-09 16:00:00,124370,124450,124370,124450,4
2026-04-09 16:05:00,124450,124450,124314,124413,3
2026-04-09 16:10:00,124413,124413,124314,124400,4
2026-04-09 16:15:00,124400,124449,124400,124439,4
2026-04-09 16:20:00,124439,124500,124439,124500,4
2026-04-09 16:25:00,124500,124520,124439,124439,4
2026-04-09 16:30:00,124439,124480,124439,124480,3
2026-04-09 16:35:00,124480,124480,124480,124480,0
2026-04-09 16:40:00,124480,124481,124456,124481,3
2026-04-09 16:45:00,124481,124481,124421,124443,3
2026-04-09 16:50:00,124443,124500,124443,124500,2
2026-04-09 16:55:00,124500,124500,124500,124500,0
2026-04-09 17:00:00,124500,124634,124500,124580,10
2026-04-09 17:05:00,124580,124646,124572,124644,5
2026-04-09 17:10:00,124644,124683,124613,124683,3
2026-04-09 17:15:00,124683,124849,124683,124786,10
2026-04-09 17:20:00,124705,124745,124694,124745,9
2026-04-09 17:25:00,124745,124745,124630,124688,16
2026-04-09 17:30:00,124688,124688,124676,124676,2
2026-04-09 17:35:00,124676,124676,124461,124461,5
2026-04-09 17:40:00,124461,124519,124461,124519,2
2026-04-09 17:45:00,124519,124519,124430,124474,7
2026-04-09 17:50:00,124474,124474,124342,124342,1
2026-04-09 17:55:00,124342,124342,124342,124342,0
2026-04-09 18:00:00,124342,124595,124342,124444,4
2026-04-09 18:05:00,124444,124468,124444,124468,4
2026-04-09 18:10:00,124468,124490,124451,124490,2
2026-04-09 18:15:00,124490,124491,124374,124491,3
2026-04-09 18:20:00,124491,124491,124489,124491,2
2026-04-09 18:25:00,124491,124491,124491,124491,0
2026-04-09 18:30:00,124491,124504,124491,124491,2
2026-04-09 18:35:00,124491,124540,124491,124540,1
2026-04-09 18:40:00,124540,124540,124540,124540,0
2026-04-09 18:45:00,124540,124779,124540,124587,4
2026-04-09 18:50:00,124587,124761,124587,124761,2
2026-04-09 18:55:00,124761,124761,124599,124599,1
2026-04-09 19:00:00,124599,124651,124599,124651,1
2026-04-09 19:05:00,124651,124910,124651,124910,15
2026-04-09 19:10:00,124910,125000,124910,124937,27
2026-04-09 19:15:00,124937,124998,124889,124889,13
2026-04-09 19:20:00,124889,124899,124781,124899,8
2026-04-09 19:25:00,124899,124926,124755,124822,42
2026-04-09 19:30:00,124822,124950,124822,124950,11
2026-04-09 19:35:00,124950,124990,124850,124850,6
2026-04-09 19:40:00,124850,124929,124774,124839,19
2026-04-09 19:45:00,124839,124891,124624,124624,12
2026-04-09 19:50:00,124624,124796,124624,124796,4
2026-04-09 19:55:00,124796,124796,124796,124796,0
2026-04-09 20:00:00,124796,124796,124721,124721,2
2026-04-09 20:05:00,124721,124721,124432,124624,25
2026-04-09 20:10:00,124624,124749,124624,124749,1
2026-04-09 20:15:00,124749,124790,124622,124790,25
2026-04-09 20:20:00,124790,124790,124790,124790,0
2026-04-09 20:25:00,124790,124840,124752,124840,4
2026-04-09 20:30:00,124840,124840,124737,124772,4
2026-04-09 20:35:00,124772,124788,124771,124771,4
2026-04-09 20:40:00,124771,124771,124761,124761,2
2026-04-09 20:45:00,124761,124909,124761,124909,34
2026-04-09 20:50:00,124909,124990,124905,124905,21
2026-04-09 20:55:00,124905,124905,124804,124804,3
2026-04-09 21:00:00,124804,124980,124728,124980,37
2026-04-09 21:05:00,124980,125000,124910,124999,9
2026-04-09 21:10:00,124999,124999,124896,124965,12
2026-04-09 21:15:00,125000,125020,124928,125020,15
2026-04-09 21:20:00,125020,125020,124913,125019,8
2026-04-09 21:25:00,125019,125019,124881,124987,13
2026-04-09 21:30:00,124987,125020,124950,124950,5
2026-04-09 21:35:00,124950,125020,124950,124986,15
2026-04-09 21:40:00,124986,124986,124901,124901,2
2026-04-09 21:45:00,124901,124927,124901,124927,1
2026-04-09 21:50:00,124927,125050,124927,125050,7
2026-04-09 21:55:00,125050,125060,124987,125060,6
2026-04-09 22:00:00,125060,125060,124988,124988,1
2026-04-09 22:05:00,124988,125052,124988,125052,4
2026-04-09 22:10:00,125052,125052,124987,124987,8
2026-04-09 22:15:00,124987,125013,124865,124873,13
2026-04-09 22:20:00,124873,124896,124873,124896,4
2026-04-09 22:25:00,124896,124950,124896,124950,1
2026-04-09 22:30:00,124950,125020,124895,125019,13
2026-04-09 22:35:00,124873,124873,124873,124873,1
2026-04-09 22:40:00,124873,125015,124873,125015,1
2026-04-09 22:45:00,125015,125021,125015,125021,5
2026-04-09 22:50:00,125021,125024,124952,124952,5
2026-04-09 22:55:00,124952,125048,124941,125048,9
2026-04-09 23:00:00,125048,125048,124864,124864,18
2026-04-09 23:05:00,124864,125000,124863,124986,15
2026-04-09 23:10:00,124986,125059,124800,124936,38
2026-04-09 23:15:00,124936,125064,124800,124800,27
2026-04-09 23:20:00,124800,124973,124800,124832,15
2026-04-09 23:25:00,124851,125050,124844,124911,26
2026-04-10 09:00:00,124639,124788,124478,124700,19
2026-04-10 09:05:00,124700,124948,124700,124917,12
2026-04-10 09:10:00,124917,124917,124837,124891,7
2026-04-10 09:15:00,124870,124942,124870,124910,13
2026-04-10 09:20:00,124910,124921,124850,124900,18
2026-04-10 09:25:00,124900,124900,124849,124849,1
2026-04-10 09:30:00,124849,124850,124809,124850,4
2026-04-10 09:35:00,124850,124850,124740,124751,12
2026-04-10 09:40:00,124751,124818,124652,124818,29
2026-04-10 09:45:00,124818,124818,124702,124761,8
2026-04-10 09:50:00,124761,124874,124761,124874,14
2026-04-10 09:55:00,124874,124874,124801,124801,5
2026-04-10 10:00:00,124801,124801,124719,124719,9
2026-04-10 10:05:00,124719,124719,124700,124700,1
2026-04-10 10:10:00,124700,124733,124690,124733,5
2026-04-10 10:15:00,124733,124733,124702,124702,2
2026-04-10 10:20:00,124702,124713,124702,124708,16
2026-04-10 10:25:00,124708,124708,124680,124680,1
2026-04-10 10:30:00,124680,124690,124680,124690,1
2026-04-10 10:35:00,124690,124713,124664,124664,5
2026-04-10 10:40:00,124664,124664,124664,124664,0
2026-04-10 10:45:00,124664,124713,124664,124713,1
2026-04-10 10:50:00,124713,124713,124713,124713,0
2026-04-10 10:55:00,124713,124857,124713,124857,1
2026-04-10 11:00:00,124857,124870,124831,124831,4
2026-04-10 11:05:00,124831,124898,124831,124898,1
2026-04-10 11:10:00,124898,124951,124898,124900,3
2026-04-10 11:15:00,124900,125005,124900,125005,23
2026-04-10 11:20:00,125005,125027,125000,125000,7
2026-04-10 11:25:00,125000,125000,124831,124831,9
2026-04-10 11:30:00,124831,124834,124750,124821,5
2026-04-10 11:35:00,124821,124821,124821,124821,0
2026-04-10 11:40:00,124821,124821,124729,124729,1
2026-04-10 11:45:00,124729,124729,124667,124667,6
2026-04-10 11:50:00,124667,124667,124648,124655,4
2026-04-10 11:55:00,124655,124655,124616,124616,2
2026-04-10 12:00:00,124616,124723,124616,124723,1
2026-04-10 12:05:00,124723,124723,124600,124600,6
2026-04-10 12:10:00,124600,124611,124504,124504,16
2026-04-10 12:15:00,124504,124696,124500,124500,4
2026-04-10 12:20:00,124500,124561,124500,124510,6
2026-04-10 12:25:00,124510,124527,124475,124500,22
2026-04-10 12:30:00,124500,124517,124400,124498,20
2026-04-10 12:35:00,124498,124585,124487,124583,7
2026-04-10 12:40:00,124583,124600,124570,124570,18
2026-04-10 12:45:00,124570,124626,124550,124600,13
2026-04-10 12:50:00,124600,124600,124563,124563,12
2026-04-10 12:55:00,124563,124610,124542,124600,6
2026-04-10 13:00:00,124600,124600,124532,124586,3
2026-04-10 13:05:00,124586,124737,124586,124737,28
2026-04-10 13:10:00,124737,124737,124635,124635,14
2026-04-10 13:15:00,124635,124635,124635,124635,0
2026-04-10 13:20:00,124635,124635,124433,124433,8
2026-04-10 13:25:00,124433,124433,124400,124400,14
2026-04-10 13:30:00,124400,124400,124400,124400,7
2026-04-10 13:35:00,124400,124400,124400,124400,0
2026-04-10 13:40:00,124400,124417,124400,124406,2
2026-04-10 13:45:00,124406,124406,124294,124294,18
2026-04-10 13:50:00,124294,124369,124286,124286,5
2026-04-10 13:55:00,124286,124458,124286,124458,15
2026-04-10 14:00:00,124458,124458,124433,124433,2
2026-04-10 14:05:00,124433,124433,124433,124433,2
2026-04-10 14:10:00,124433,124433,124239,124239,10
2026-04-10 14:15:00,124239,124239,124100,124150,41
2026-04-10 14:20:00,124150,124204,124060,124204,17
2026-04-10 14:25:00,124204,124237,124204,124237,4
2026-04-10 14:30:00,124237,124446,124219,124321,5
2026-04-10 14:35:00,124321,124497,124294,124294,5
2026-04-10 14:40:00,124294,124315,124256,124315,2
2026-04-10 14:45:00,124315,124315,124315,124315,11
2026-04-10 14:50:00,124315,124499,124315,124499,10
2026-04-10 14:55:00,124499,124499,124417,124417,2
2026-04-10 15:00:00,124417,124417,124350,124377,10
2026-04-10 15:05:00,124377,124405,124377,124405,9
2026-04-10 15:10:00,124405,124405,124400,124400,6
2026-04-10 15:15:00,124400,124400,124333,124333,1
2026-04-10 15:20:00,124333,124375,124333,124375,7
2026-04-10 15:25:00,124375,124525,124375,124525,7
2026-04-10 15:30:00,124525,124525,124525,124525,3
2026-04-10 15:35:00,124525,124525,124416,124416,4
2026-04-10 15:40:00,124416,124416,124317,124317,8
2026-04-10 15:45:00,124317,124391,124306,124391,3
2026-04-10 15:50:00,124391,124475,124391,124475,6
2026-04-10 15:55:00,124475,124600,124475,124600,12
2026-04-10 16:00:00,124600,124600,124515,124575,3
2026-04-10 16:05:00,124575,124575,124575,124575,0
2026-04-10 16:10:00,124575,124575,124575,124575,1
2026-04-10 16:15:00,124575,124575,124500,124500,10
2026-04-10 16:20:00,124500,124596,124500,124596,13
2026-04-10 16:25:00,124596,124596,124596,124596,0
2026-04-10 16:30:00,124596,124596,124576,124576,1
2026-04-10 16:35:00,124576,124576,124576,124576,0
2026-04-10 16:40:00,124576,124576,124576,124576,0
2026-04-10 16:45:00,124576,124581,124576,124581,2
2026-04-10 16:50:00,124581,124581,124581,124581,0
2026-04-10 16:55:00,124581,124581,124581,124581,4
2026-04-10 17:00:00,124581,124630,124536,124545,12
2026-04-10 17:05:00,124545,124707,124545,124701,5
2026-04-10 17:10:00,124701,124800,124614,124743,12
2026-04-10 17:15:00,124743,124743,124638,124638,5
2026-04-10 17:20:00,124638,124767,124638,124767,3
2026-04-10 17:25:00,124767,124770,124724,124770,4
2026-04-10 17:30:00,124770,124770,124743,124743,12
2026-04-10 17:35:00,124743,124743,124708,124708,4
2026-04-10 17:40:00,124708,124708,124679,124679,1
2026-04-10 17:45:00,124679,124749,124647,124749,4
2026-04-10 17:50:00,124749,124779,124583,124583,4
2026-04-10 17:55:00,124583,124583,124532,124532,15
2026-04-10 18:00:00,124532,124800,124532,124800,4
2026-04-10 18:05:00,124800,124834,124730,124834,6
2026-04-10 18:10:00,124834,124834,124759,124759,4
2026-04-10 18:15:00,124759,124759,124644,124644,1
2026-04-10 18:20:00,124644,124644,124644,124644,0
2026-04-10 18:25:00,124644,124812,124644,124812,10
2026-04-10 18:30:00,124812,124812,124786,124805,2
2026-04-10 18:35:00,124805,124844,124805,124844,6
2026-04-10 18:40:00,124844,124844,124844,124844,0
2026-04-10 18:45:00,124844,124844,124844,124844,0
2026-04-10 18:50:00,124844,124910,124797,124910,6
2026-04-10 18:55:00,124910,124910,124844,124844,1
2026-04-10 19:00:00,124844,124929,124818,124818,10
2026-04-10 19:05:00,124818,124818,124773,124811,2
2026-04-10 19:10:00,124811,124876,124756,124876,10
2026-04-10 19:15:00,124876,124876,124781,124816,4
2026-04-10 19:20:00,124816,124858,124816,124858,1
2026-04-10 19:25:00,124858,124858,124852,124852,1
2026-04-10 19:30:00,124852,124852,124852,124852,0
2026-04-10 19:35:00,124852,124852,124852,124852,1
2026-04-10 19:40:00,124852,124910,124852,124910,8
2026-04-10 19:45:00,124910,124930,124910,124930,2
2026-04-10 19:50:00,124930,124950,124907,124950,3
2026-04-10 19:55:00,124950,124950,124845,124845,7
2026-04-10 20:00:00,124845,125000,124845,124846,14
2026-04-10 20:05:00,124846,124934,124846,124934,1
2026-04-10 20:10:00,124934,124934,124934,124934,0
2026-04-10 20:15:00,124934,124934,124805,124825,6
2026-04-10 20:20:00,124825,124911,124775,124775,8
2026-04-10 20:25:00,124775,124775,124750,124750,9
2026-04-10 20:30:00,124750,124750,124720,124720,1
2026-04-10 20:35:00,124720,124720,124650,124650,6
2026-04-10 20:40:00,124650,124898,124650,124776,13
2026-04-10 20:45:00,124776,124776,124776,124776,0
2026-04-10 20:50:00,124776,124864,124776,124864,1
2026-04-10 20:55:00,124864,124864,124864,124864,0
2026-04-10 21:00:00,124864,124864,124704,124704,4
2026-04-10 21:05:00,124704,124718,124486,124486,20
2026-04-10 21:10:00,124486,124486,124486,124486,0
2026-04-10 21:15:00,124486,124635,124486,124634,3
2026-04-10 21:20:00,124634,124647,124634,124647,1
2026-04-10 21:25:00,124647,124647,124526,124526,2
2026-04-10 21:30:00,124526,124526,124440,124440,9
2026-04-10 21:35:00,124440,124458,124381,124399,7
2026-04-10 21:40:00,124399,124696,124399,124696,8
2026-04-10 21:45:00,124696,124698,124652,124652,2
2026-04-10 21:50:00,124652,124652,124471,124471,1
2026-04-10 21:55:00,124471,124471,124471,124471,0
2026-04-10 22:00:00,124471,124471,124471,124471,0
2026-04-10 22:05:00,124471,124650,124471,124650,2
2026-04-10 22:10:00,124650,124650,124552,124649,3
2026-04-10 22:15:00,124649,124649,124472,124472,4
2026-04-10 22:20:00,124472,124619,124472,124619,2
2026-04-10 22:25:00,124619,124619,124619,124619,0
2026-04-10 22:30:00,124619,124619,124619,124619,0
2026-04-10 22:35:00,124619,124619,124619,124619,0
2026-04-10 22:40:00,124619,124619,124619,124619,0
2026-04-10 22:45:00,124619,124619,124560,124600,4
2026-04-10 22:50:00,124600,124600,124599,124599,1
2026-04-10 22:55:00,124599,124599,124570,124570,4
2026-04-10 23:00:00,124570,124599,124560,124599,8
2026-04-10 23:05:00,124553,124553,124553,124553,4
2026-04-10 23:10:00,124553,124600,124529,124600,10
2026-04-10 23:15:00,124600,124642,124530,124530,11
2026-04-10 23:20:00,124530,124642,124530,124600,8
2026-04-10 23:25:00,124654,124684,124500,124500,10
2026-04-13 09:00:00,123188,123950,121525,123600,78
2026-04-13 09:05:00,123600,123650,123521,123549,38
2026-04-13 09:10:00,123549,123799,123549,123718,19
2026-04-13 09:15:00,123718,123735,123676,123691,16
2026-04-13 09:20:00,123691,123799,123679,123679,7
2026-04-13 09:25:00,123679,123793,123676,123793,7
2026-04-13 09:30:00,123793,123793,123622,123650,9
2026-04-13 09:35:00,123650,123650,123527,123527,4
2026-04-13 09:40:00,123527,123640,123527,123640,3
2026-04-13 09:45:00,123640,123640,123627,123627,1
2026-04-13 09:50:00,123627,123652,123534,123534,41
2026-04-13 09:55:00,123534,123799,123534,123682,52
2026-04-13 10:00:00,123682,123788,123631,123717,36
2026-04-13 10:05:00,123717,123717,123631,123631,7
2026-04-13 10:10:00,123631,123800,123631,123800,8
2026-04-13 10:15:00,123800,123800,123769,123769,3
2026-04-13 10:20:00,123769,123942,123769,123942,2
2026-04-13 10:25:00,123942,123942,123870,123870,4
2026-04-13 10:30:00,123870,123887,123816,123816,6
2026-04-13 10:35:00,123816,123821,123816,123821,1
2026-04-13 10:40:00,123821,123821,123749,123749,3
2026-04-13 10:45:00,123749,123749,123705,123705,2
2026-04-13 10:50:00,123705,123746,123705,123711,3
2026-04-13 10:55:00,123711,123750,123711,123728,7
2026-04-13 11:00:00,123728,123728,123728,123728,0
2026-04-13 11:05:00,123728,123782,123728,123782,2
2026-04-13 11:10:00,123782,123782,123750,123750,1
2026-04-13 11:15:00,123750,123791,123726,123790,3
2026-04-13 11:20:00,123790,123790,123786,123788,2
2026-04-13 11:25:00,123788,123936,123788,123925,9
2026-04-13 11:30:00,123925,123992,123836,123933,38
2026-04-13 11:35:00,123933,124124,123933,123978,32
2026-04-13 11:40:00,123978,124051,123903,123903,13
2026-04-13 11:45:00,123903,124050,123903,124050,2
2026-04-13 11:50:00,124050,124050,123979,124004,4
2026-04-13 11:55:00,124004,124004,123961,123970,12
2026-04-13 12:00:00,123970,124000,123946,123970,22
2026-04-13 12:05:00,123970,123970,123960,123970,8
2026-04-13 12:10:00,123970,123970,123930,123930,3
2026-04-13 12:15:00,123930,123930,123900,123900,6
2026-04-13 12:20:00,123900,123900,123840,123840,29
2026-04-13 12:25:00,123840,123840,123840,123840,4
2026-04-13 12:30:00,123840,123957,123840,123957,38
2026-04-13 12:35:00,123957,123957,123748,123748,4
2026-04-13 12:40:00,123748,123777,123725,123725,20
2026-04-13 12:45:00,123725,123725,123707,123707,55
2026-04-13 12:50:00,123707,123720,123700,123700,8
2026-04-13 12:55:00,123700,123700,123690,123690,12
2026-04-13 13:00:00,123690,123725,123690,123725,13
2026-04-13 13:05:00,123725,123725,123725,123725,1
2026-04-13 13:10:00,123725,123725,123674,123674,3
2026-04-13 13:15:00,123674,123837,123674,123837,11
2026-04-13 13:20:00,123837,123837,123819,123819,2
2026-04-13 13:25:00,123819,123819,123819,123819,0
2026-04-13 13:30:00,123819,123821,123819,123819,13
2026-04-13 13:35:00,123819,123819,123818,123819,6
2026-04-13 13:40:00,123819,123819,123818,123818,2
2026-04-13 13:45:00,123818,123818,123763,123800,2
2026-04-13 13:50:00,123800,123818,123734,123818,3
2026-04-13 13:55:00,123818,123818,123818,123818,0
2026-04-13 14:00:00,123818,123819,123818,123819,6
2026-04-13 14:05:00,123819,123819,123717,123719,12
2026-04-13 14:10:00,123719,123719,123670,123670,12
2026-04-13 14:15:00,123670,123852,123670,123852,3
2026-04-13 14:20:00,123852,123852,123852,123852,0
2026-04-13 14:25:00,123852,123852,123753,123753,4
2026-04-13 14:30:00,123753,123802,123753,123796,4
2026-04-13 14:35:00,123796,123796,123796,123796,0
2026-04-13 14:40:00,123796,123796,123681,123696,6
2026-04-13 14:45:00,123696,123742,123680,123681,6
2026-04-13 14:50:00,123681,123749,123681,123749,1
2026-04-13 14:55:00,123749,123749,123680,123680,9
2026-04-13 15:00:00,123680,123680,123680,123680,5
2026-04-13 15:05:00,123680,123708,123680,123708,6
2026-04-13 15:10:00,123708,123708,123694,123694,2
2026-04-13 15:15:00,123694,123722,123694,123695,2
2026-04-13 15:20:00,123695,123777,123695,123777,3
2026-04-13 15:25:00,123777,123777,123777,123777,0
2026-04-13 15:30:00,123777,123777,123777,123777,0
2026-04-13 15:35:00,123777,123777,123777,123777,0
2026-04-13 15:40:00,123777,123777,123776,123776,3
2026-04-13 15:45:00,123776,123776,123776,123776,0
2026-04-13 15:50:00,123776,123776,123776,123776,0
2026-04-13 15:55:00,123776,123776,123695,123695,1
2026-04-13 16:00:00,123695,123696,123695,123696,1
2026-04-13 16:05:00,123696,123777,123696,123777,2
2026-04-13 16:10:00,123777,123777,123700,123700,8
2026-04-13 16:15:00,123700,123765,123700,123765,6
2026-04-13 16:20:00,123765,123770,123765,123770,3
2026-04-13 16:25:00,123770,123770,123770,123770,0
2026-04-13 16:30:00,123770,123780,123760,123760,6
2026-04-13 16:35:00,123760,123785,123760,123785,12
2026-04-13 16:40:00,123785,123785,123707,123774,11
2026-04-13 16:45:00,123774,123774,123774,123774,0
2026-04-13 16:50:00,123774,123774,123702,123702,1
2026-04-13 16:55:00,123702,123702,123702,123702,0
2026-04-13 17:00:00,123702,123702,123702,123702,0
2026-04-13 17:05:00,123702,123814,123702,123814,23
2026-04-13 17:10:00,123814,123814,123814,123814,0
2026-04-13 17:15:00,123814,123814,123786,123793,3
2026-04-13 17:20:00,123793,123793,123744,123744,1
2026-04-13 17:25:00,123744,123744,123703,123703,1
2026-04-13 17:30:00,123703,123703,123650,123650,31
2026-04-13 17:35:00,123650,123650,123650,123650,0
2026-04-13 17:40:00,123650,123724,123650,123685,6
2026-04-13 17:45:00,123685,123712,123685,123712,1
2026-04-13 17:50:00,123712,123712,123650,123668,3
2026-04-13 17:55:00,123668,123696,123668,123696,4
2026-04-13 18:00:00,123696,123696,123696,123696,0
2026-04-13 18:05:00,123696,123696,123696,123696,0
2026-04-13 18:10:00,123696,123696,123626,123626,5
2026-04-13 18:15:00,123626,123780,123626,123780,6
2026-04-13 18:20:00,123780,123780,123779,123779,1
2026-04-13 18:25:00,123779,123780,123748,123748,3
2026-04-13 18:30:00,123748,123828,123748,123828,12
2026-04-13 18:35:00,123828,123899,123805,123899,4
2026-04-13 18:40:00,123899,123899,123778,123874,8
2026-04-13 18:45:00,123874,123874,123835,123835,4
2026-04-13 18:50:00,123835,123850,123835,123850,1
2026-04-13 18:55:00,123850,123850,123850,123850,3
2026-04-13 19:00:00,123850,123899,123829,123829,5
2026-04-13 19:05:00,123829,123846,123829,123846,2
2026-04-13 19:10:00,123846,123846,123846,123846,0
2026-04-13 19:15:00,123846,123846,123845,123845,1
2026-04-13 19:20:00,123900,123968,123899,123942,13
2026-04-13 19:25:00,123942,123942,123900,123900,3
2026-04-13 19:30:00,123900,123900,123843,123843,4
2026-04-13 19:35:00,123843,123843,123843,123843,0
2026-04-13 19:40:00,123843,123900,123843,123895,4
2026-04-13 19:45:00,123895,123909,123812,123817,12
2026-04-13 19:50:00,123817,123817,123780,123805,12
2026-04-13 19:55:00,123805,123805,123751,123751,8
2026-04-13 20:00:00,123751,123751,123750,123750,1
2026-04-13 20:05:00,123750,123836,123750,123836,2
2026-04-13 20:10:00,123836,123836,123836,123836,0
2026-04-13 20:15:00,123836,123836,123836,123836,0
2026-04-13 20:20:00,123836,123836,123836,123836,0
2026-04-13 20:25:00,123836,123836,123836,123836,0
2026-04-13 20:30:00,123836,123836,123780,123780,1
2026-04-13 20:35:00,123780,123780,123670,123727,19
2026-04-13 20:40:00,123727,123754,123709,123754,11
2026-04-13 20:45:00,123754,123754,123688,123688,3
2026-04-13 20:50:00,123688,123688,123688,123688,0
2026-04-13 20:55:00,123688,123688,123648,123648,2
2026-04-13 21:00:00,123648,123650,123607,123650,3
2026-04-13 21:05:00,123650,123760,123650,123760,11
2026-04-13 21:10:00,123760,123760,123759,123759,1
2026-04-13 21:15:00,123759,123759,123759,123759,0
2026-04-13 21:20:00,123759,123759,123716,123716,3
2026-04-13 21:25:00,123716,123760,123716,123757,5
2026-04-13 21:30:00,123757,123760,123754,123754,2
2026-04-13 21:35:00,123754,123754,123754,123754,0
2026-04-13 21:40:00,123754,123760,123751,123751,3
2026-04-13 21:45:00,123751,123760,123751,123760,4
2026-04-13 21:50:00,123760,123850,123760,123850,1
2026-04-13 21:55:00,123850,123876,123850,123876,4
2026-04-13 22:00:00,123876,123913,123809,123913,4
2026-04-13 22:05:00,123913,123943,123825,123849,6
2026-04-13 22:10:00,123849,123929,123849,123929,6
2026-04-13 22:15:00,123929,123930,123929,123930,3
2026-04-13 22:20:00,123930,123950,123881,123939,5
2026-04-13 22:25:00,123939,123939,123905,123905,1
2026-04-13 22:30:00,123905,123905,123905,123905,0
2026-04-13 22:35:00,123905,123937,123849,123849,3
2026-04-13 22:40:00,123849,123899,123842,123899,4
2026-04-13 22:45:00,123899,123905,123816,123905,5
2026-04-13 22:50:00,123905,123949,123878,123933,18
2026-04-13 22:55:00,123928,124000,123928,124000,13
2026-04-13 23:00:00,124000,124000,123909,123909,2
2026-04-13 23:05:00,123907,123998,123907,123936,16
2026-04-13 23:10:00,123936,123985,123912,123985,4
2026-04-13 23:15:00,123985,123985,123906,123906,5
2026-04-13 23:20:00,123906,123983,123906,123983,5
2026-04-13 23:25:00,124000,124000,123812,123988,12
2026-04-14 17:00:00,123188,125800,123188,124800,62
2026-04-14 17:05:00,124800,124800,124410,124597,19
2026-04-14 17:10:00,124597,124597,124451,124597,12
2026-04-14 17:15:00,124597,124597,124596,124596,5
2026-04-14 17:20:00,124596,124596,124500,124521,16
2026-04-14 17:25:00,124521,124550,124471,124475,23
2026-04-14 17:30:00,124475,124500,124475,124500,15
2026-04-14 17:35:00,124500,124580,124500,124580,12
2026-04-14 17:40:00,124580,124580,124530,124549,7
2026-04-14 17:45:00,124549,124550,124549,124550,5
2026-04-14 17:50:00,124550,124550,124475,124475,8
2026-04-14 17:55:00,124475,124550,124475,124550,11
2026-04-14 18:00:00,124550,124598,124410,124598,22
2026-04-14 18:05:00,124598,124598,124596,124596,3
2026-04-14 18:10:00,124596,124596,124596,124596,0
2026-04-14 18:15:00,124596,124596,124549,124557,3
2026-04-14 18:20:00,124557,124557,124455,124482,6
2026-04-14 18:25:00,124482,124534,124455,124534,4
2026-04-14 18:30:00,124534,124534,124515,124533,5
2026-04-14 18:35:00,124533,124534,124533,124534,19
2026-04-14 18:40:00,124534,124599,124533,124599,32
2026-04-14 18:45:00,124599,124723,124579,124698,25
2026-04-14 18:50:00,124698,124756,124685,124756,10
2026-04-14 18:55:00,124756,124756,124700,124700,11
2026-04-14 19:00:00,124700,124756,124661,124756,3
2026-04-14 19:05:00,124756,124936,124756,124936,27
2026-04-14 19:10:00,124936,124936,124797,124802,21
2026-04-14 19:15:00,124802,124889,124802,124880,14
2026-04-14 19:20:00,124880,124950,124880,124907,10
2026-04-14 19:25:00,124907,124949,124884,124949,12
2026-04-14 19:30:00,124949,125050,124949,125000,41
2026-04-14 19:35:00,125000,125000,124996,124996,2
2026-04-14 19:40:00,124996,125050,124874,124997,30
2026-04-14 19:45:00,124997,124997,124889,124994,7
2026-04-14 19:50:00,124994,124994,124952,124952,11
2026-04-14 19:55:00,124952,125150,124952,125080,10
2026-04-14 20:00:00,125080,125267,125080,125267,27
2026-04-14 20:05:00,125267,125270,125006,125006,20
2026-04-14 20:10:00,125012,125179,125001,125085,10
2026-04-14 20:15:00,125085,125085,124944,124944,20
2026-04-14 20:20:00,124944,125076,124944,125049,3
2026-04-14 20:25:00,125049,125092,125008,125080,19
2026-04-14 20:30:00,125080,125080,124909,124909,3
2026-04-14 20:35:00,124909,125064,124873,125064,17
2026-04-14 20:40:00,125064,125064,124949,124951,4
2026-04-14 20:45:00,124951,124951,124951,124951,1
2026-04-14 20:50:00,124951,124980,124951,124980,1
2026-04-14 20:55:00,124980,125000,124883,124886,7
2026-04-14 21:00:00,124886,125030,124886,125025,9
2026-04-14 21:05:00,125025,125139,125025,125088,6
2026-04-14 21:10:00,125088,125121,125088,125114,5
2026-04-14 21:15:00,125114,125114,125114,125114,1
2026-04-14 21:20:00,125114,125199,125110,125179,30
2026-04-14 21:25:00,125179,125179,125069,125069,9
2026-04-14 21:30:00,125069,125204,125069,125204,13
2026-04-14 21:35:00,125204,125205,125200,125205,4
2026-04-14 21:40:00,125205,125205,125205,125205,0
2026-04-14 21:45:00,125205,125209,125102,125209,12
2026-04-14 21:50:00,125209,125249,125124,125200,6
2026-04-14 21:55:00,125200,125245,125200,125213,8
2026-04-14 22:00:00,125213,125288,125213,125241,19
2026-04-14 22:05:00,125241,125241,125217,125217,6
2026-04-14 22:10:00,125217,125250,125217,125250,3
2026-04-14 22:15:00,125250,125250,125200,125203,8
2026-04-14 22:20:00,125203,125315,125203,125314,16
2026-04-14 22:25:00,125314,125314,125201,125201,6
2026-04-14 22:30:00,125200,125312,125200,125278,8
2026-04-14 22:35:00,125278,125499,125278,125410,27
2026-04-14 22:40:00,125410,125500,125410,125410,29
2026-04-14 22:45:00,125410,125495,125410,125430,7
2026-04-14 22:50:00,125430,125550,125430,125550,18
2026-04-14 22:55:00,125550,125561,125434,125561,20
2026-04-14 23:00:00,125561,125561,125434,125539,16
2026-04-14 23:05:00,125539,125675,125419,125675,37
2026-04-14 23:10:00,125675,125675,125571,125664,57
2026-04-14 23:15:00,125664,125668,125571,125602,30
2026-04-14 23:20:00,125602,125729,125602,125622,34
2026-04-14 23:25:00,125716,125728,125600,125728,30
2026-04-15 09:00:00,125561,125816,125452,125711,52
2026-04-15 09:05:00,125711,125773,125705,125733,25
2026-04-15 09:10:00,125733,125788,125702,125787,16
2026-04-15 09:15:00,125700,125788,125700,125723,48
2026-04-15 09:20:00,125723,125723,125506,125506,38
2026-04-15 09:25:00,125506,125570,125477,125477,8
2026-04-15 09:30:00,125477,125553,125452,125452,25
2026-04-15 09:35:00,125452,125492,125422,125492,7
2026-04-15 09:40:00,125492,125570,125492,125570,7
2026-04-15 09:45:00,125570,125649,125570,125607,5
2026-04-15 09:50:00,125607,125607,125451,125607,9
2026-04-15 09:55:00,125607,125650,125585,125643,21
2026-04-15 10:00:00,125643,125799,125625,125751,36
2026-04-15 10:05:00,125751,125799,125707,125711,17
2026-04-15 10:10:00,125711,125740,125641,125725,16
2026-04-15 10:15:00,125725,125760,125700,125760,9
2026-04-15 10:20:00,125760,125800,125652,125752,45
2026-04-15 10:25:00,125752,125752,125665,125665,7
2026-04-15 10:30:00,125665,125800,125665,125800,6
2026-04-15 10:35:00,125800,125849,125725,125750,8
2026-04-15 10:40:00,125750,125750,125750,125750,5
2026-04-15 10:45:00,125750,125750,125704,125749,20
2026-04-15 10:50:00,125749,125750,125703,125735,24
2026-04-15 10:55:00,125735,125750,125704,125750,18
2026-04-15 11:00:00,125750,125766,125703,125766,6
2026-04-15 11:05:00,125766,125790,125605,125729,51
2026-04-15 11:10:00,125729,125729,125550,125550,3
2026-04-15 11:15:00,125550,125633,125500,125633,10
2026-04-15 11:20:00,125633,125735,125633,125735,10
2026-04-15 11:25:00,125735,125735,125712,125712,1
2026-04-15 11:30:00,125712,125712,125632,125674,2
2026-04-15 11:35:00,125674,125674,125639,125640,5
2026-04-15 11:40:00,125640,125640,125601,125640,3
2026-04-15 11:45:00,125640,125640,125600,125600,6
2026-04-15 11:50:00,125600,125640,125580,125580,4
2026-04-15 11:55:00,125580,125580,125580,125580,2
2026-04-15 12:00:00,125580,125640,125580,125640,2
2026-04-15 12:05:00,125640,125640,125587,125591,3
2026-04-15 12:10:00,125591,125591,125580,125580,5
2026-04-15 12:15:00,125580,125640,125580,125640,2
2026-04-15 12:20:00,125640,125640,125581,125634,4
2026-04-15 12:25:00,125634,125634,125581,125607,5
2026-04-15 12:30:00,125607,125607,125500,125500,25
2026-04-15 12:35:00,125500,125578,125500,125537,11
2026-04-15 12:40:00,125537,125630,125500,125630,6
2026-04-15 12:45:00,125630,125630,125563,125563,1
2026-04-15 12:50:00,125563,125563,125563,125563,0
2026-04-15 12:55:00,125563,125563,125518,125518,1
2026-04-15 13:00:00,125518,125596,125518,125596,2
2026-04-15 13:05:00,125596,125602,125510,125526,12
2026-04-15 13:10:00,125526,125562,125526,125527,5
2026-04-15 13:15:00,125527,125559,125527,125527,9
2026-04-15 13:20:00,125527,125527,125527,125527,9
2026-04-15 13:25:00,125527,125624,125521,125622,6
2026-04-15 13:30:00,125622,125622,125600,125611,3
2026-04-15 13:35:00,125611,125627,125611,125627,1
2026-04-15 13:40:00,125627,125627,125540,125540,3
2026-04-15 13:45:00,125540,125585,125540,125555,3
2026-04-15 13:50:00,125555,125555,125521,125532,5
2026-04-15 13:55:00,125532,125532,125532,125532,0
2026-04-15 14:00:00,125532,125579,125500,125500,3
2026-04-15 14:05:00,125500,125501,125495,125495,3
2026-04-15 14:10:00,125495,125583,125495,125583,8
2026-04-15 14:15:00,125583,125601,125550,125600,14
2026-04-15 14:20:00,125600,125680,125600,125680,39
2026-04-15 14:25:00,125680,125700,125670,125700,29
2026-04-15 14:30:00,125700,125829,125700,125739,52
2026-04-15 14:35:00,125739,125772,125575,125696,45
2026-04-15 14:40:00,125696,125696,125427,125531,9
2026-04-15 14:45:00,125531,125531,125405,125450,43
2026-04-15 14:50:00,125450,125582,125450,125552,18
2026-04-15 14:55:00,125552,125563,125399,125399,26
2026-04-15 15:00:00,125399,125428,125363,125363,25
2026-04-15 15:05:00,125363,125363,125300,125300,7
2026-04-15 15:10:00,125300,125346,125300,125346,3
2026-04-15 15:15:00,125346,125346,125120,125147,14
2026-04-15 15:20:00,125147,125268,125131,125246,11
2026-04-15 15:25:00,125246,125339,125246,125289,5
2026-04-15 15:30:00,125289,125360,125278,125360,7
2026-04-15 15:35:00,125360,125360,125360,125360,16
2026-04-15 15:40:00,125360,125384,125360,125384,1
2026-04-15 15:45:00,125384,125384,125300,125344,7
2026-04-15 15:50:00,125344,125344,125344,125344,0
2026-04-15 15:55:00,125344,125344,125313,125313,4
2026-04-15 16:00:00,125313,125374,125274,125374,2
2026-04-15 16:05:00,125374,125374,125238,125238,6
2026-04-15 16:10:00,125238,125330,125238,125330,7
2026-04-15 16:15:00,125330,125400,125330,125400,7
2026-04-15 16:20:00,125400,125423,125400,125423,2
2026-04-15 16:25:00,125423,125500,125423,125500,10
2026-04-15 16:30:00,125500,125500,125500,125500,0
2026-04-15 16:35:00,125500,125500,125323,125323,2
2026-04-15 16:40:00,125323,125323,125323,125323,0
2026-04-15 16:45:00,125323,125323,125323,125323,0
2026-04-15 16:50:00,125323,125500,125323,125500,4
2026-04-15 16:55:00,125500,125560,125500,125560,3
2026-04-15 17:00:00,125560,125650,125560,125650,10
2026-04-15 17:05:00,125650,125653,125650,125653,1
2026-04-15 17:10:00,125653,125653,125604,125653,2
2026-04-15 17:15:00,125653,125654,125653,125654,1
2026-04-15 17:20:00,125654,125722,125654,125722,4
2026-04-15 17:25:00,125722,125780,125722,125780,10
2026-04-15 17:30:00,125780,125800,125719,125734,5
2026-04-15 17:35:00,125734,125734,125734,125734,0
2026-04-15 17:40:00,125734,125734,125711,125711,2
2026-04-15 17:45:00,125711,125711,125649,125649,2
2026-04-15 17:50:00,125649,125649,125619,125619,2
2026-04-15 17:55:00,125619,125619,125619,125619,0
2026-04-15 18:00:00,125619,125619,125619,125619,0
2026-04-15 18:05:00,125619,125619,125619,125619,0
2026-04-15 18:10:00,125619,125694,125616,125694,2
2026-04-15 18:15:00,125694,125694,125619,125619,4
2026-04-15 18:20:00,125619,125619,125619,125619,0
2026-04-15 18:25:00,125619,125619,125618,125618,1
2026-04-15 18:30:00,125672,125687,125636,125636,4
2026-04-15 18:35:00,125636,125650,125636,125650,1
2026-04-15 18:40:00,125650,125690,125650,125652,4
2026-04-15 18:45:00,125652,125693,125641,125693,3
2026-04-15 18:50:00,125693,125783,125693,125783,8
2026-04-15 18:55:00,125783,125873,125783,125873,13
2026-04-15 19:00:00,125873,125900,125783,125783,16
2026-04-15 19:05:00,125783,125863,125783,125812,2
2026-04-15 19:10:00,125812,125871,125812,125871,1
2026-04-15 19:15:00,125871,125881,125850,125881,4
2026-04-15 19:20:00,125881,125881,125825,125876,4
2026-04-15 19:25:00,125876,125950,125876,125950,10
2026-04-15 19:30:00,125950,125950,125813,125813,7
2026-04-15 19:35:00,125813,125911,125813,125862,7
2026-04-15 19:40:00,125862,125896,125862,125896,1
2026-04-15 19:45:00,125896,125896,125896,125896,0
2026-04-15 19:50:00,125896,125896,125847,125893,10
2026-04-15 19:55:00,125893,125893,125834,125834,3
2026-04-15 20:00:00,125834,125834,125680,125680,7
2026-04-15 20:05:00,125680,125707,125636,125636,9
2026-04-15 20:10:00,125636,125696,125636,125696,1
2026-04-15 20:15:00,125696,125696,125636,125636,2
2026-04-15 20:20:00,125636,125636,125571,125588,2
2026-04-15 20:25:00,125588,125689,125588,125689,1
2026-04-15 20:30:00,125689,125689,125558,125618,4
2026-04-15 20:35:00,125618,125618,125405,125432,19
2026-04-15 20:40:00,125432,125528,125432,125528,3
2026-04-15 20:45:00,125528,125543,125432,125543,5
2026-04-15 20:50:00,125543,125543,125451,125473,4
2026-04-15 20:55:00,125473,125473,125405,125405,3
2026-04-15 21:00:00,125405,125405,125200,125262,23
2026-04-15 21:05:00,125342,125569,125342,125499,14
2026-04-15 21:10:00,125499,125499,125499,125499,1
2026-04-15 21:15:00,125499,125499,125491,125491,10
2026-04-15 21:20:00,125491,125544,125403,125544,3
2026-04-15 21:25:00,125544,125569,125500,125569,3
2026-04-15 21:30:00,125569,125591,125530,125530,4
2026-04-15 21:35:00,125530,125530,125530,125530,0
2026-04-15 21:40:00,125530,125599,125530,125599,1
2026-04-15 21:45:00,125599,125599,125599,125599,0
2026-04-15 21:50:00,125599,125599,125543,125543,2
2026-04-15 21:55:00,125543,125599,125543,125599,1
2026-04-15 22:00:00,125599,125599,125599,125599,0
2026-04-15 22:05:00,125599,125599,125583,125583,1
2026-04-15 22:10:00,125583,125583,125500,125500,5
2026-04-15 22:15:00,125500,125514,125445,125502,5
2026-04-15 22:20:00,125502,125502,125480,125480,1
2026-04-15 22:25:00,125480,125480,125438,125466,3
2026-04-15 22:30:00,125466,125466,125466,125466,0
2026-04-15 22:35:00,125466,125466,125351,125351,7
2026-04-15 22:40:00,125351,125411,125351,125407,3
2026-04-15 22:45:00,125407,125425,125352,125424,3
2026-04-15 22:50:00,125424,125500,125356,125500,18
2026-04-15 22:55:00,125500,125600,125432,125437,13
2026-04-15 23:00:00,125437,125470,125352,125352,10
2026-04-15 23:05:00,125352,125636,125352,125619,22
2026-04-15 23:10:00,125619,125619,125392,125500,14
2026-04-15 23:15:00,125549,125554,125459,125483,9
2026-04-15 23:20:00,125570,125570,125487,125487,4
2026-04-15 23:25:00,125550,125600,125304,125600,35
2026-04-16 09:00:00,125943,125972,125726,125826,28
2026-04-16 09:05:00,125826,125826,125658,125681,14
2026-04-16 09:10:00,125681,125681,125651,125651,4
2026-04-16 09:15:00,125651,125766,125650,125735,17
2026-04-16 09:20:00,125735,125773,125700,125759,8
2026-04-16 09:25:00,125759,125810,125759,125775,18
2026-04-16 09:30:00,125775,125797,125750,125790,6
2026-04-16 09:35:00,125750,125795,125750,125776,10
2026-04-16 09:40:00,125776,125824,125746,125824,11
2026-04-16 09:45:00,125824,125878,125824,125860,12
2026-04-16 09:50:00,125860,125860,125840,125840,3
2026-04-16 09:55:00,125840,125840,125820,125820,11
2026-04-16 10:00:00,125820,125836,125776,125790,15
2026-04-16 10:05:00,125790,125899,125772,125831,47
2026-04-16 10:10:00,125831,125870,125801,125820,22
2026-04-16 10:15:00,125820,125865,125781,125781,23
2026-04-16 10:20:00,125781,125825,125781,125825,4
2026-04-16 10:25:00,125825,125830,125825,125830,2
2026-04-16 10:30:00,125830,125900,125830,125900,29
2026-04-16 10:35:00,125900,125908,125870,125880,10
2026-04-16 10:40:00,125880,125899,125854,125860,18
2026-04-16 10:45:00,125860,125860,125858,125858,3
2026-04-16 10:50:00,125858,125899,125843,125899,8
2026-04-16 10:55:00,125899,125899,125830,125830,33
2026-04-16 11:00:00,125830,125842,125750,125750,9
2026-04-16 11:05:00,125750,125750,125720,125720,3
2026-04-16 11:10:00,125720,125721,125720,125721,1
2026-04-16 11:15:00,125721,125790,125721,125790,6
2026-04-16 11:20:00,125790,125790,125790,125790,0
2026-04-16 11:25:00,125790,125790,125785,125785,6
2026-04-16 11:30:00,125785,125785,125785,125785,0
2026-04-16 11:35:00,125785,125785,125700,125700,5
2026-04-16 11:40:00,125700,125700,125700,125700,0
2026-04-16 11:45:00,125700,125700,125658,125658,3
2026-04-16 11:50:00,125658,125669,125600,125669,9
2026-04-16 11:55:00,125669,125669,125600,125600,6
2026-04-16 12:00:00,125600,125600,125582,125590,10
2026-04-16 12:05:00,125590,125660,125590,125660,6
2026-04-16 12:10:00,125660,125670,125660,125670,3
2026-04-16 12:15:00,125670,125750,125670,125750,5
2026-04-16 12:20:00,125750,125750,125724,125724,2
2026-04-16 12:25:00,125724,125750,125724,125750,6
2026-04-16 12:30:00,125750,125761,125750,125761,3
2026-04-16 12:35:00,125761,125761,125761,125761,2
2026-04-16 12:40:00,125761,125761,125650,125650,5
2026-04-16 12:45:00,125650,125650,125650,125650,0
2026-04-16 12:50:00,125650,125650,125610,125610,13
2026-04-16 12:55:00,125610,125612,125610,125612,3
2026-04-16 13:00:00,125612,125612,125612,125612,0
2026-04-16 13:05:00,125612,125718,125612,125718,6
2026-04-16 13:10:00,125718,125718,125718,125718,3
2026-04-16 13:15:00,125718,125718,125718,125718,0
2026-04-16 13:20:00,125718,125718,125718,125718,0
2026-04-16 13:25:00,125718,125718,125718,125718,0
2026-04-16 13:30:00,125718,125718,125600,125600,10
2026-04-16 13:35:00,125600,125600,125500,125500,14
2026-04-16 13:40:00,125500,125618,125500,125618,4
2026-04-16 13:45:00,125618,125618,125618,125618,0
2026-04-16 13:50:00,125618,125618,125618,125618,0
2026-04-16 13:55:00,125618,125618,125518,125518,4
2026-04-16 14:00:00,125518,125520,125518,125520,2
2026-04-16 14:05:00,125520,125520,125520,125520,4
2026-04-16 14:10:00,125520,125520,125520,125520,0
2026-04-16 14:15:00,125520,125620,125520,125615,13
2026-04-16 14:20:00,125615,125615,125525,125529,7
2026-04-16 14:25:00,125529,125529,125529,125529,1
2026-04-16 14:30:00,125529,125533,125529,125530,3
2026-04-16 14:35:00,125530,125530,125530,125530,0
2026-04-16 14:40:00,125530,125645,125530,125645,8
2026-04-16 14:45:00,125645,125645,125623,125625,2
2026-04-16 14:50:00,125625,125625,125592,125597,23
2026-04-16 14:55:00,125597,125613,125570,125613,6
2026-04-16 15:00:00,125613,125627,125507,125507,10
2026-04-16 15:05:00,125507,125507,125507,125507,0
2026-04-16 15:10:00,125507,125649,125507,125647,6
2026-04-16 15:15:00,125647,125647,125647,125647,0
2026-04-16 15:20:00,125647,125647,125647,125647,0
2026-04-16 15:25:00,125647,125647,125599,125599,1
2026-04-16 15:30:00,125599,125649,125599,125649,1
2026-04-16 15:35:00,125649,125649,125533,125533,6
2026-04-16 15:40:00,125533,125709,125533,125599,22
2026-04-16 15:45:00,125599,125599,125530,125530,5
2026-04-16 15:50:00,125530,125533,125530,125533,1
2026-04-16 15:55:00,125533,125610,125533,125600,3
2026-04-16 16:00:00,125600,125611,125542,125542,6
2026-04-16 16:05:00,125542,125601,125542,125601,2
2026-04-16 16:10:00,125655,125655,125586,125600,11
2026-04-16 16:15:00,125600,125600,125533,125534,10
2026-04-16 16:20:00,125534,125561,125534,125561,1
2026-04-16 16:25:00,125561,125602,125561,125602,2
2026-04-16 16:30:00,125602,125602,125602,125602,0
2026-04-16 16:35:00,125602,125707,125602,125665,9
2026-04-16 16:40:00,125665,125745,125653,125653,9
2026-04-16 16:45:00,125733,125755,125731,125755,10
2026-04-16 16:50:00,125755,125755,125670,125746,3
2026-04-16 16:55:00,125746,125746,125669,125669,4
2026-04-16 17:00:00,125669,125746,125667,125667,6
2026-04-16 17:05:00,125667,125745,125667,125745,1
2026-04-16 17:10:00,125745,125745,125745,125745,0
2026-04-16 17:15:00,125745,125745,125745,125745,0
2026-04-16 17:20:00,125745,125745,125745,125745,2
2026-04-16 17:25:00,125745,125777,125745,125777,3
2026-04-16 17:30:00,125777,125800,125777,125800,1
2026-04-16 17:35:00,125800,125800,125704,125725,3
2026-04-16 17:40:00,125725,125725,125725,125725,0
2026-04-16 17:45:00,125725,125737,125725,125737,1
2026-04-16 17:50:00,125737,125737,125737,125737,0
2026-04-16 17:55:00,125737,125737,125737,125737,0
2026-04-16 18:00:00,125737,125737,125590,125590,3
2026-04-16 18:05:00,125590,125590,125550,125550,1
2026-04-16 18:10:00,125550,125595,125550,125595,3
2026-04-16 18:15:00,125595,125595,125595,125595,0
2026-04-16 18:20:00,125595,125595,125550,125550,2
2026-04-16 18:25:00,125550,125644,125550,125595,11
2026-04-16 18:30:00,125595,125595,125595,125595,0
2026-04-16 18:35:00,125595,125600,125595,125600,1
2026-04-16 18:40:00,125600,125671,125600,125671,2
2026-04-16 18:45:00,125671,125671,125671,125671,0
2026-04-16 18:50:00,125671,125671,125671,125671,0
2026-04-16 18:55:00,125671,125671,125671,125671,0
2026-04-16 19:00:00,125671,125671,125671,125671,0
2026-04-16 19:05:00,125671,125674,125671,125674,1
2026-04-16 19:10:00,125674,125680,125602,125602,2
2026-04-16 19:15:00,125602,125602,125602,125602,0
2026-04-16 19:20:00,125602,125602,125222,125315,52
2026-04-16 19:25:00,125315,125315,125100,125246,20
2026-04-16 19:30:00,125246,125338,125127,125127,13
2026-04-16 19:35:00,125127,125377,125076,125377,26
2026-04-16 19:40:00,125377,125377,125287,125325,4
2026-04-16 19:45:00,125325,125325,125143,125143,8
2026-04-16 19:50:00,125143,125284,125143,125258,5
2026-04-16 19:55:00,125258,125295,125230,125295,6
2026-04-16 20:00:00,125295,125295,125273,125273,1
2026-04-16 20:05:00,125273,125273,125177,125177,9
2026-04-16 20:10:00,125177,125177,124800,124974,57
2026-04-16 20:15:00,124974,125050,124974,125035,13
2026-04-16 20:20:00,125035,125094,124960,125089,17
2026-04-16 20:25:00,125089,125089,125012,125029,14
2026-04-16 20:30:00,125029,125241,125029,125241,3
2026-04-16 20:35:00,125241,125357,125226,125357,19
2026-04-16 20:40:00,125357,125357,125234,125259,22
2026-04-16 20:45:00,125259,125356,125259,125265,2
2026-04-16 20:50:00,125265,125265,125262,125262,1
2026-04-16 20:55:00,125262,125262,125170,125170,2
2026-04-16 21:00:00,125170,125170,125140,125140,1
2026-04-16 21:05:00,125140,125216,125091,125209,5
2026-04-16 21:10:00,125209,125209,125200,125200,2
2026-04-16 21:15:00,125200,125273,125200,125273,4
2026-04-16 21:20:00,125273,125331,125273,125331,10
2026-04-16 21:25:00,125331,125348,125313,125348,6
2026-04-16 21:30:00,125348,125348,125312,125340,4
2026-04-16 21:35:00,125340,125340,125322,125325,4
2026-04-16 21:40:00,125325,125325,125195,125233,2
2026-04-16 21:45:00,125233,125250,125233,125250,5
2026-04-16 21:50:00,125250,125250,125173,125207,4
2026-04-16 21:55:00,125207,125207,125151,125197,5
2026-04-16 22:00:00,125205,125205,125021,125021,7
2026-04-16 22:05:00,125021,125089,125021,125089,1
2026-04-16 22:10:00,125089,125095,125021,125021,3
2026-04-16 22:15:00,125021,125042,125000,125000,13
2026-04-16 22:20:00,125000,125050,124950,124950,18
2026-04-16 22:25:00,124950,125015,124950,124971,7
2026-04-16 22:30:00,124971,124974,124937,124945,8
2026-04-16 22:35:00,124945,124957,124900,124957,12
2026-04-16 22:40:00,124962,124962,124900,124900,20
2026-04-16 22:45:00,124900,124900,124887,124895,15
2026-04-16 22:50:00,124895,124991,124895,124991,7
2026-04-16 22:55:00,124991,124991,124857,124857,14
2026-04-16 23:00:00,124857,124936,124855,124911,9
2026-04-16 23:05:00,124911,124933,124855,124896,11
2026-04-16 23:10:00,124896,124989,124855,124989,25
2026-04-16 23:15:00,124989,124989,124855,124933,12
2026-04-16 23:20:00,124933,124966,124933,124960,8
2026-04-16 23:25:00,124925,125007,124772,124950,20
2026-04-17 09:00:00,125005,125085,125000,125020,11
2026-04-17 09:05:00,125020,125074,125006,125006,6
2026-04-17 09:10:00,125006,125042,124987,124987,14
2026-04-17 09:15:00,124987,125048,124987,125048,5
2026-04-17 09:20:00,125048,125088,124982,125000,10
2026-04-17 09:25:00,125000,125027,124952,124952,12
2026-04-17 09:30:00,124952,124952,124944,124944,2
2026-04-17 09:35:00,124944,124944,124944,124944,0
2026-04-17 09:40:00,124944,124951,124944,124951,1
2026-04-17 09:45:00,124951,125014,124950,125014,3
2026-04-17 09:50:00,125014,125014,124901,124906,4
2026-04-17 09:55:00,124906,124975,124906,124975,2
2026-04-17 10:00:00,124975,125009,124945,124945,8
2026-04-17 10:05:00,124945,125009,124942,124980,19
2026-04-17 10:10:00,124980,124980,124980,124980,0
2026-04-17 10:15:00,124980,124980,124980,124980,0
2026-04-17 10:20:00,124980,124980,124945,124945,2
2026-04-17 10:25:00,124945,124998,124945,124998,1
2026-04-17 10:30:00,124998,125033,124998,125002,9
2026-04-17 10:35:00,125002,125018,125001,125018,3
2026-04-17 10:40:00,125018,125018,125018,125018,0
2026-04-17 10:45:00,125018,125079,125018,125070,5
2026-04-17 10:50:00,125070,125093,125070,125088,11
2026-04-17 10:55:00,125025,125064,124987,124987,27
2026-04-17 11:00:00,124987,125022,124930,124995,16
2026-04-17 11:05:00,124995,125048,124976,124976,15
2026-04-17 11:10:00,124976,124976,124756,124756,13
2026-04-17 11:15:00,124756,124778,124701,124778,21
2026-04-17 11:20:00,124778,124778,124725,124755,12
2026-04-17 11:25:00,124775,124844,124701,124701,24
2026-04-17 11:30:00,124701,124701,124457,124457,32
2026-04-17 11:35:00,124457,124573,124457,124573,2
2026-04-17 11:40:00,124513,124592,124500,124592,4
2026-04-17 11:45:00,124592,124592,124515,124520,4
2026-04-17 11:50:00,124520,124577,124464,124577,15
2026-04-17 11:55:00,124577,124649,124555,124649,8
2026-04-17 12:00:00,124649,124649,124555,124567,5
2026-04-17 12:05:00,124567,124629,124522,124629,9
2026-04-17 12:10:00,124629,124629,124628,124628,1
2026-04-17 12:15:00,124628,124734,124628,124734,10
2026-04-17 12:20:00,124734,124734,124734,124734,0
2026-04-17 12:25:00,124734,124767,124734,124736,5
2026-04-17 12:30:00,124736,124736,124736,124736,0
2026-04-17 12:35:00,124736,124736,124668,124668,1
2026-04-17 12:40:00,124668,124722,124668,124717,2
2026-04-17 12:45:00,124717,124717,124717,124717,0
2026-04-17 12:50:00,124717,124717,124638,124638,1
2026-04-17 12:55:00,124638,124733,124638,124733,3
2026-04-17 13:00:00,124733,124733,124657,124733,7
2026-04-17 13:05:00,124812,124812,124725,124792,5
2026-04-17 13:10:00,124792,124792,124680,124702,6
2026-04-17 13:15:00,124702,124702,124640,124640,5
2026-04-17 13:20:00,124636,124660,124587,124660,5
2026-04-17 13:25:00,124660,124660,124660,124660,1
2026-04-17 13:30:00,124660,124660,124660,124660,0
2026-04-17 13:35:00,124660,124815,124660,124755,7
2026-04-17 13:40:00,124755,124755,124753,124753,4
2026-04-17 13:45:00,124753,124753,124753,124753,0
2026-04-17 13:50:00,124753,124835,124753,124835,1
2026-04-17 13:55:00,124835,124835,124786,124786,1
2026-04-17 14:00:00,124786,124835,124786,124835,1
2026-04-17 14:05:00,124788,124834,124788,124834,4
2026-04-17 14:10:00,124834,124974,124834,124974,2
2026-04-17 14:15:00,124974,124974,124847,124847,10
2026-04-17 14:20:00,124847,124847,124847,124847,0
2026-04-17 14:25:00,124847,124941,124847,124941,2
2026-04-17 14:30:00,124941,124990,124900,124939,18
2026-04-17 14:35:00,124939,124964,124899,124964,20
2026-04-17 14:40:00,124964,124964,124927,124931,4
2026-04-17 14:45:00,124931,124931,124931,124931,0
2026-04-17 14:50:00,124931,124990,124931,124984,6
2026-04-17 14:55:00,124984,124984,124978,124978,6
2026-04-17 15:00:00,124978,124990,124900,124990,4
2026-04-17 15:05:00,124990,124990,124959,124959,5
2026-04-17 15:10:00,124959,124970,124959,124969,2
2026-04-17 15:15:00,124969,124969,124937,124937,1
2026-04-17 15:20:00,124937,124937,124844,124844,1
2026-04-17 15:25:00,124844,124926,124844,124926,5
2026-04-17 15:30:00,124926,124926,124849,124850,4
2026-04-17 15:35:00,124850,124850,124794,124794,7
2026-04-17 15:40:00,124794,124803,124794,124803,1
2026-04-17 15:45:00,124803,124807,124803,124807,1
2026-04-17 15:50:00,124807,124945,124807,124945,6
2026-04-17 15:55:00,124945,124945,124945,124945,0
2026-04-17 16:00:00,124945,124945,124945,124945,0
2026-04-17 16:05:00,124945,124945,124945,124945,0
2026-04-17 16:10:00,124945,124945,124851,124851,5
2026-04-17 16:15:00,124851,124851,124851,124851,0
2026-04-17 16:20:00,124851,124851,124851,124851,0
2026-04-17 16:25:00,124851,124938,124851,124938,1
2026-04-17 16:30:00,124938,124938,124938,124938,0
2026-04-17 16:35:00,124938,124938,124938,124938,0
2026-04-17 16:40:00,124938,124938,124938,124938,0
2026-04-17 16:45:00,124938,124938,124938,124938,0
2026-04-17 16:50:00,124938,124938,124938,124938,0
2026-04-17 16:55:00,124938,124945,124938,124945,2
2026-04-17 17:00:00,124945,124945,124945,124945,0
2026-04-17 17:05:00,124945,125061,124945,125045,5
2026-04-17 17:10:00,124984,124984,124984,124984,1
2026-04-17 17:15:00,124984,125100,124984,125100,17
2026-04-17 17:20:00,125100,125170,125100,125170,8
2026-04-17 17:25:00,125170,125195,125100,125100,13
2026-04-17 17:30:00,125100,125165,125100,125165,6
2026-04-17 17:35:00,125165,125222,125163,125163,6
2026-04-17 17:40:00,125163,125163,125163,125163,0
2026-04-17 17:45:00,125163,125163,125163,125163,2
2026-04-17 17:50:00,125163,125260,125163,125218,8
2026-04-17 17:55:00,125218,125284,125218,125252,9
2026-04-17 18:00:00,125252,125388,125252,125322,7
2026-04-17 18:05:00,125322,125345,125314,125345,7
2026-04-17 18:10:00,125345,125346,125344,125344,6
2026-04-17 18:15:00,125344,125493,125344,125408,13
2026-04-17 18:20:00,125408,125642,125408,125635,56
2026-04-17 18:25:00,125625,125763,125625,125667,38
2026-04-17 18:30:00,125667,125738,125575,125639,28
2026-04-17 18:35:00,125639,125800,125553,125720,117
2026-04-17 18:40:00,125800,126332,125800,126300,213
2026-04-17 18:45:00,126300,126302,125879,125950,147
2026-04-17 18:50:00,125950,126014,125760,126014,77
2026-04-17 18:55:00,126014,126089,125968,125968,26
2026-04-17 19:00:00,125968,126027,125850,126006,45
2026-04-17 19:05:00,126006,126209,126006,126147,49
2026-04-17 19:10:00,126147,126235,126036,126235,46
2026-04-17 19:15:00,126235,126240,125789,125789,61
2026-04-17 19:20:00,125789,126100,125789,126100,20
2026-04-17 19:25:00,126100,126150,126053,126117,33
2026-04-17 19:30:00,126117,126200,126096,126199,37
2026-04-17 19:35:00,126199,126199,126116,126116,17
2026-04-17 19:40:00,126116,126178,125918,125918,26
2026-04-17 19:45:00,126079,126157,126011,126100,34
2026-04-17 19:50:00,126100,126164,126100,126114,13
2026-04-17 19:55:00,126114,126250,126114,126250,26
2026-04-17 20:00:00,126250,126259,126200,126250,15
2026-04-17 20:05:00,126250,126335,126232,126326,28
2026-04-17 20:10:00,126326,126340,126260,126260,27
2026-04-17 20:15:00,126260,126337,126217,126219,19
2026-04-17 20:20:00,126219,126282,126200,126200,29
2026-04-17 20:25:00,126200,126200,126200,126200,16
2026-04-17 20:30:00,126200,126200,126045,126086,32
2026-04-17 20:35:00,126086,126122,126034,126122,4
2026-04-17 20:40:00,126122,126122,126069,126069,4
2026-04-17 20:45:00,126069,126100,126060,126100,8
2026-04-17 20:50:00,126100,126100,126001,126001,6
2026-04-17 20:55:00,126001,126097,126000,126097,5
2026-04-17 21:00:00,126097,126097,125959,126077,16
2026-04-17 21:05:00,126077,126077,126038,126055,6
2026-04-17 21:10:00,126055,126055,125979,125979,4
2026-04-17 21:15:00,125979,125991,125940,125963,13
2026-04-17 21:20:00,125963,126050,125910,125911,78
2026-04-17 21:25:00,125911,126022,125911,125939,7
2026-04-17 21:30:00,125939,125991,125939,125991,7
2026-04-17 21:35:00,125991,125991,125950,125950,2
2026-04-17 21:40:00,125950,126010,125950,125961,14
2026-04-17 21:45:00,125961,126010,125951,126010,18
2026-04-17 21:50:00,126010,126049,126010,126049,3
2026-04-17 21:55:00,126049,126049,126010,126010,2
2026-04-17 22:00:00,126010,126010,126000,126000,1
2026-04-17 22:05:00,126000,126058,126000,126058,6
2026-04-17 22:10:00,126058,126058,125975,125975,1
2026-04-17 22:15:00,125975,126059,125975,126004,5
2026-04-17 22:20:00,126004,126047,125956,125956,11
2026-04-17 22:25:00,125956,125964,125933,125933,13
2026-04-17 22:30:00,125933,125933,125933,125933,0
2026-04-17 22:35:00,125933,125933,125900,125900,2
2026-04-17 22:40:00,125900,125937,125900,125900,6
2026-04-17 22:45:00,125900,125900,125865,125865,2
2026-04-17 22:50:00,125856,125900,125850,125851,12
2026-04-17 22:55:00,125851,125875,125800,125801,18
2026-04-17 23:00:00,125801,125899,125801,125801,30
2026-04-17 23:05:00,125801,125899,125791,125812,12
2026-04-17 23:10:00,125812,125830,125686,125750,26
2026-04-17 23:15:00,125750,125849,125673,125849,22
2026-04-17 23:20:00,125849,125891,125711,125852,9
2026-04-17 23:25:00,125852,125999,125753,125826,42
2026-04-20 09:00:00,123349,125820,123348,124870,88
2026-04-20 09:05:00,124870,124973,124780,124880,54
2026-04-20 09:10:00,124880,124965,124871,124900,44
2026-04-20 09:15:00,124900,124900,124730,124730,132
2026-04-20 09:20:00,124730,124862,124730,124803,19
2026-04-20 09:25:00,124819,124882,124800,124882,12
2026-04-20 09:30:00,124882,124882,124847,124852,9
2026-04-20 09:35:00,124852,124915,124852,124915,14
2026-04-20 09:40:00,124915,124969,124847,124937,14
2026-04-20 09:45:00,124937,124937,124837,124894,21
2026-04-20 09:50:00,124894,124900,124827,124900,3
2026-04-20 09:55:00,124900,124900,124846,124846,5
2026-04-20 10:00:00,124846,124846,124740,124740,18
2026-04-20 10:05:00,124740,124754,124698,124698,6
2026-04-20 10:10:00,124698,124770,124698,124720,5
2026-04-20 10:15:00,124720,124720,124684,124684,4
2026-04-20 10:20:00,124684,124828,124684,124828,6
2026-04-20 10:25:00,124828,124830,124761,124830,6
2026-04-20 10:30:00,124830,124830,124752,124759,6
2026-04-20 10:35:00,124718,124790,124718,124790,5
2026-04-20 10:40:00,124775,124776,124736,124764,8
2026-04-20 10:45:00,124764,124834,124740,124740,6
2026-04-20 10:50:00,124740,124740,124734,124734,1
2026-04-20 10:55:00,124734,124798,124734,124798,1
2026-04-20 11:00:00,124798,124830,124734,124830,3
2026-04-20 11:05:00,124830,125063,124830,125054,17
2026-04-20 11:10:00,125054,125054,124730,124776,22
2026-04-20 11:15:00,124776,124894,124776,124894,3
2026-04-20 11:20:00,124894,124930,124822,124930,5
2026-04-20 11:25:00,124930,124930,124911,124911,3
2026-04-20 11:30:00,124911,124931,124911,124931,1
2026-04-20 11:35:00,124931,124932,124931,124932,2
2026-04-20 11:40:00,124932,124984,124932,124984,1
2026-04-20 11:45:00,124984,124984,124984,124984,3
2026-04-20 11:50:00,124984,124984,124956,124956,2
2026-04-20 11:55:00,124956,125089,124956,125088,4
2026-04-20 12:00:00,125088,125150,124915,124980,13
2026-04-20 12:05:00,124980,124980,124980,124980,1
2026-04-20 12:10:00,124980,124980,124980,124980,0
2026-04-20 12:15:00,124980,125010,124976,125010,11
2026-04-20 12:20:00,125010,125010,124995,124995,2
2026-04-20 12:25:00,124995,124995,124995,124995,0
2026-04-20 12:30:00,124995,125200,124995,125200,7
2026-04-20 12:35:00,125200,125230,125200,125230,3
2026-04-20 12:40:00,125230,125230,125230,125230,0
2026-04-20 12:45:00,125230,125230,125038,125178,12
2026-04-20 12:50:00,125178,125228,125178,125200,5
2026-04-20 12:55:00,125200,125221,125163,125221,18
2026-04-20 13:00:00,125221,125221,125098,125098,2
2026-04-20 13:05:00,125098,125098,125098,125098,1
2026-04-20 13:10:00,125098,125098,125098,125098,0
2026-04-20 13:15:00,125098,125145,125080,125080,4
2026-04-20 13:20:00,125080,125080,124915,124915,1
2026-04-20 13:25:00,124915,125061,124915,125061,1
2026-04-20 13:35:00,125021,125021,124988,125010,6
2026-04-20 13:40:00,125010,125040,125005,125040,3
2026-04-20 13:45:00,125040,125040,125040,125040,0
2026-04-20 13:50:00,125040,125040,125040,125040,0
2026-04-20 13:55:00,125040,125040,125000,125000,1
2026-04-20 14:00:00,125000,125000,124958,124958,13
2026-04-20 14:05:00,124958,124975,124950,124954,4
2026-04-20 14:10:00,124996,124996,124996,124996,1
2026-04-20 14:15:00,124996,125135,124996,125135,19
2026-04-20 14:20:00,125135,125160,125106,125106,5
2026-04-20 14:25:00,125106,125125,125106,125118,3
2026-04-20 14:30:00,125118,125167,125118,125167,2
2026-04-20 14:35:00,125167,125229,125103,125103,20
2026-04-20 14:40:00,125103,125103,125103,125103,0
2026-04-20 14:45:00,125103,125189,125103,125189,4
2026-04-20 14:50:00,125189,125189,125189,125189,1
2026-04-20 14:55:00,125189,125189,125126,125126,3
2026-04-20 15:00:00,125100,125100,124915,124915,11
2026-04-20 15:05:00,124915,125052,124842,124982,14
2026-04-20 15:10:00,124982,125011,124982,125010,9
2026-04-20 15:15:00,125010,125075,125010,125050,6
2026-04-20 15:20:00,125050,125050,125050,125050,0
2026-04-20 15:25:00,125050,125050,125030,125030,1
2026-04-20 15:30:00,125030,125030,125030,125030,0
2026-04-20 15:35:00,125030,125125,125030,125125,11
2026-04-20 15:40:00,125125,125125,125080,125080,13
2026-04-20 15:45:00,125080,125144,125080,125080,4
2026-04-20 15:50:00,125155,125155,125020,125020,13
2026-04-20 15:55:00,125020,125100,125020,125098,12
2026-04-20 16:00:00,125098,125098,125090,125090,3
2026-04-20 16:05:00,125111,125111,125111,125111,1
2026-04-20 16:10:00,125111,125111,125111,125111,0
2026-04-20 16:15:00,125111,125111,125111,125111,1
2026-04-20 16:20:00,125111,125130,125100,125100,2
2026-04-20 16:25:00,125100,125153,125100,125153,1
2026-04-20 16:30:00,125153,125153,125095,125095,9
2026-04-20 16:35:00,125095,125096,125095,125096,3
2026-04-20 16:40:00,125107,125149,125107,125149,14
2026-04-20 16:45:00,125149,125149,125095,125095,3
2026-04-20 16:50:00,125095,125095,125024,125028,14
2026-04-20 16:55:00,125028,125030,125023,125030,3
2026-04-20 17:00:00,125030,125030,125000,125017,9
2026-04-20 17:05:00,125017,125061,125017,125061,3
2026-04-20 17:10:00,125061,125103,125060,125103,7
2026-04-20 17:15:00,125105,125143,125105,125143,7
2026-04-20 17:20:00,125143,125327,125143,125327,12
2026-04-20 17:25:00,125327,125340,125327,125340,4
2026-04-20 17:30:00,125340,125350,125006,125006,7
2026-04-20 17:35:00,125006,125006,125006,125006,0
2026-04-20 17:40:00,125006,125399,125006,125399,7
2026-04-20 17:45:00,125399,125458,125389,125458,7
2026-04-20 17:50:00,125458,125585,125442,125515,34
2026-04-20 17:55:00,125515,125515,125032,125036,11
2026-04-20 18:00:00,125036,125036,125036,125036,0
2026-04-20 18:05:00,125036,125405,125036,125405,12
2026-04-20 18:10:00,125405,125405,125313,125358,3
2026-04-20 18:15:00,125358,125387,125358,125387,3
2026-04-20 18:20:00,125387,125387,125358,125358,3
2026-04-20 18:25:00,125358,125358,125287,125287,4
2026-04-20 18:30:00,125287,125328,125286,125288,6
2026-04-20 18:35:00,125288,125400,125285,125400,14
2026-04-20 18:40:00,125400,125497,125400,125426,21
2026-04-20 18:45:00,125426,125486,125426,125486,13
2026-04-20 18:50:00,125486,125526,125450,125526,8
2026-04-20 18:55:00,125116,125499,125116,125499,11
2026-04-20 19:00:00,125499,125526,125429,125526,11
2026-04-20 19:05:00,125526,125526,125430,125430,12
2026-04-20 19:10:00,125430,125536,125429,125536,2
2026-04-20 19:15:00,125536,125536,125490,125490,1
2026-04-20 19:20:00,125490,125490,125372,125475,23
2026-04-20 19:25:00,125477,125485,125477,125485,3
2026-04-20 19:30:00,125485,125485,125339,125356,4
2026-04-20 19:35:00,125377,125488,125301,125384,11
2026-04-20 19:40:00,125384,125384,125301,125307,2
2026-04-20 19:45:00,125307,125307,125307,125307,0
2026-04-20 19:50:00,125307,125500,125307,125500,5
2026-04-20 19:55:00,125500,125550,125443,125443,10
2026-04-20 20:00:00,125443,125489,125443,125489,1
2026-04-20 20:05:00,125489,125489,125444,125444,1
2026-04-20 20:10:00,125444,125444,125407,125407,1
2026-04-20 20:15:00,125407,125427,125407,125427,1
2026-04-20 20:20:00,125427,125452,125316,125316,9
2026-04-20 20:25:00,125316,125316,125250,125250,13
2026-04-20 20:30:00,125250,125250,125211,125211,1
2026-04-20 20:35:00,125211,125288,125211,125217,2
2026-04-20 20:40:00,125217,125220,125217,125220,1
2026-04-20 20:45:00,125208,125208,125172,125172,2
2026-04-20 20:50:00,125172,125172,125172,125172,0
2026-04-20 20:55:00,125172,125486,125172,125346,41
2026-04-20 21:00:00,125346,125550,125346,125448,6
2026-04-20 21:05:00,125431,125450,125431,125442,4
2026-04-20 21:10:00,125442,125442,125438,125438,1
2026-04-20 21:15:00,125452,125452,125452,125452,15
2026-04-20 21:20:00,125452,125452,125339,125339,1
2026-04-20 21:25:00,125339,125339,125339,125339,0
2026-04-20 21:30:00,125339,125382,125269,125269,4
2026-04-20 21:35:00,125269,125269,125269,125269,0
2026-04-20 21:40:00,125269,125377,125269,125377,2
2026-04-20 21:45:00,125377,125377,125269,125361,7
2026-04-20 21:50:00,125361,125361,125269,125269,4
2026-04-20 21:55:00,125269,125304,125269,125270,2
2026-04-20 22:00:00,125270,125352,125270,125352,3
2026-04-20 22:05:00,125352,125352,125283,125283,1
2026-04-20 22:10:00,125283,125333,125283,125333,6
2026-04-20 22:15:00,125333,125374,125333,125365,6
2026-04-20 22:20:00,125365,125447,125333,125447,5
2026-04-20 22:25:00,125447,125457,125447,125457,8
2026-04-20 22:30:00,125456,125456,125400,125400,15
2026-04-20 22:35:00,125400,125422,125400,125422,3
2026-04-20 22:40:00,125422,125422,125422,125422,0
2026-04-20 22:45:00,125422,125455,125400,125455,6
2026-04-20 22:50:00,125481,125481,125472,125472,14
2026-04-20 22:55:00,125468,125470,125358,125358,14
2026-04-20 23:00:00,125358,125405,125341,125341,6
2026-04-20 23:05:00,125341,125479,125341,125346,15
2026-04-20 23:10:00,125346,125481,125346,125346,32
2026-04-20 23:15:00,125346,125487,125346,125481,46
2026-04-20 23:20:00,125481,125493,125430,125449,16
2026-04-20 23:25:00,125503,125503,125435,125495,25
2026-04-21 09:00:00,124900,125500,124900,125387,33
2026-04-21 09:05:00,125387,125405,125345,125345,4
2026-04-21 09:10:00,125330,125350,125300,125300,11
2026-04-21 09:15:00,125300,125510,125300,125510,8
2026-04-21 09:20:00,125455,125455,125408,125408,13
2026-04-21 09:25:00,125408,125408,125364,125364,1
2026-04-21 09:30:00,125364,125364,125364,125364,0
2026-04-21 09:35:00,125364,125435,125364,125413,2
2026-04-21 09:40:00,125431,125454,125405,125405,9
2026-04-21 09:45:00,125407,125407,125378,125401,6
2026-04-21 09:50:00,125401,125410,125372,125372,6
2026-04-21 09:55:00,125372,125410,125372,125410,2
2026-04-21 10:00:00,125410,125410,125372,125372,7
2026-04-21 10:05:00,125372,125386,125372,125385,3
2026-04-21 10:10:00,125385,125416,125377,125380,7
2026-04-21 10:15:00,125418,125439,125418,125439,4
2026-04-21 10:20:00,125439,125439,125345,125345,7
2026-04-21 10:25:00,125345,125409,125345,125345,13
2026-04-21 10:30:00,125345,125345,125345,125345,5
2026-04-21 10:35:00,125345,125355,125345,125355,2
2026-04-21 10:40:00,125355,125355,125312,125318,2
2026-04-21 10:45:00,125318,125318,125318,125318,0
2026-04-21 10:50:00,125318,125318,125318,125318,0
2026-04-21 10:55:00,125318,125318,125318,125318,0
2026-04-21 11:00:00,125318,125399,125318,125399,2
2026-04-21 11:05:00,125399,125487,125399,125487,5
2026-04-21 11:10:00,125487,125487,125450,125450,2
2026-04-21 11:15:00,125450,125482,125450,125482,2
2026-04-21 11:20:00,125482,125482,125361,125361,2
2026-04-21 11:25:00,125361,125361,125350,125350,1
2026-04-21 11:30:00,125350,125350,125221,125221,12
2026-04-21 11:35:00,125221,125231,125221,125231,5
2026-04-21 11:40:00,125231,125346,125225,125225,4
2026-04-21 11:45:00,125225,125315,125225,125315,3
2026-04-21 11:50:00,125315,125315,125225,125225,5
2026-04-21 11:55:00,125221,125222,125221,125222,3
2026-04-21 12:00:00,125222,125222,125162,125162,15
2026-04-21 12:05:00,125162,125180,125155,125180,2
2026-04-21 12:10:00,125180,125200,125151,125200,3
2026-04-21 12:15:00,125200,125259,125200,125259,1
2026-04-21 12:20:00,125259,125259,125150,125150,4
2026-04-21 12:25:00,125123,125169,125087,125125,11
2026-04-21 12:30:00,125125,125125,125043,125043,18
2026-04-21 12:35:00,125043,125139,125043,125129,5
2026-04-21 12:40:00,125129,125223,125129,125223,3
2026-04-21 12:45:00,125260,125260,125251,125251,3
2026-04-21 12:50:00,125251,125251,125154,125190,9
2026-04-21 12:55:00,125200,125200,125200,125200,1
2026-04-21 13:00:00,125200,125225,125180,125225,2
2026-04-21 13:05:00,125225,125225,125225,125225,0
2026-04-21 13:10:00,125225,125289,125198,125289,20
2026-04-21 13:15:00,125289,125300,125289,125300,5
2026-04-21 13:20:00,125337,125344,125300,125300,6
2026-04-21 13:25:00,125300,125300,125236,125250,7
2026-04-21 13:30:00,125250,125267,125250,125267,3
2026-04-21 13:35:00,125267,125267,125226,125226,2
2026-04-21 13:40:00,125226,125226,125161,125161,7
2026-04-21 13:50:00,125285,125285,125285,125285,1
2026-04-21 13:55:00,125289,125289,125289,125289,1
2026-04-21 14:00:00,125289,125289,125252,125252,1
2026-04-21 14:05:00,125252,125319,125252,125319,1
2026-04-21 14:10:00,125319,125329,125319,125329,1
2026-04-21 14:15:00,125329,125330,125302,125330,6
2026-04-21 14:20:00,125330,125330,125330,125330,0
2026-04-21 14:25:00,125330,125380,125330,125380,1
2026-04-21 14:30:00,125380,125380,125300,125301,5
2026-04-21 14:35:00,125301,125342,125301,125342,1
2026-04-21 14:40:00,125342,125342,125342,125342,0
2026-04-21 14:45:00,125342,125342,125342,125342,1
2026-04-21 14:50:00,125342,125342,125342,125342,0
2026-04-21 14:55:00,125342,125342,125307,125307,4
2026-04-21 15:00:00,125307,125341,125307,125341,1
2026-04-21 15:05:00,125341,125341,125300,125300,2
2026-04-21 15:10:00,125300,125300,125300,125300,0
2026-04-21 15:15:00,125300,125320,125291,125320,3
2026-04-21 15:20:00,125332,125332,125300,125300,4
2026-04-21 15:25:00,125300,125300,125300,125300,0
2026-04-21 15:30:00,125300,125350,125300,125350,1
2026-04-21 15:35:00,125350,125350,125350,125350,0
2026-04-21 15:40:00,125350,125350,125327,125327,4
2026-04-21 15:45:00,125327,125327,125327,125327,1
2026-04-21 15:50:00,125327,125344,125327,125344,1
2026-04-21 15:55:00,125344,125344,125305,125305,1
2026-04-21 16:00:00,125305,125305,125300,125300,14
2026-04-21 16:05:00,125360,125360,125360,125360,1
2026-04-21 16:10:00,125360,125360,125360,125360,0
2026-04-21 16:15:00,125360,125392,125360,125392,2
2026-04-21 16:20:00,125392,125392,125392,125392,0
2026-04-21 16:25:00,125392,125393,125392,125392,5
2026-04-21 16:30:00,125392,125396,125392,125396,1
2026-04-21 16:35:00,125396,125396,125346,125346,7
2026-04-21 16:40:00,125346,125346,125300,125300,2
2026-04-21 16:45:00,125300,125300,125300,125300,0
2026-04-21 16:50:00,125300,125300,125300,125300,0
2026-04-21 16:55:00,125300,125300,125270,125270,1
2026-04-21 17:00:00,125270,125385,125270,125343,2
2026-04-21 17:05:00,125343,125343,125343,125343,0
2026-04-21 17:10:00,125343,125393,125343,125380,2
2026-04-21 17:15:00,125380,125440,125380,125440,6
2026-04-21 17:20:00,125440,125440,125440,125440,5
2026-04-21 17:25:00,125440,125450,125440,125450,10
2026-04-21 17:30:00,125450,125450,125450,125450,1
2026-04-21 17:35:00,125450,125473,125358,125358,38
2026-04-21 17:40:00,125358,125358,125358,125358,0
2026-04-21 17:45:00,125358,125358,125358,125358,0
2026-04-21 17:50:00,125358,125358,125358,125358,0
2026-04-21 17:55:00,125358,125360,125358,125360,1
2026-04-21 18:00:00,125360,125360,125200,125263,15
2026-04-21 18:05:00,125368,125368,125368,125368,1
2026-04-21 18:10:00,125368,125368,125184,125184,7
2026-04-21 18:15:00,125143,125143,125143,125143,9
2026-04-21 18:20:00,125143,125238,125143,125238,5
2026-04-21 18:25:00,125238,125238,125238,125238,0
2026-04-21 18:30:00,125238,125238,125229,125229,1
2026-04-21 18:35:00,125229,125250,125114,125114,13
2026-04-21 18:40:00,125109,125109,125104,125104,6
2026-04-21 18:45:00,125100,125100,125010,125074,23
2026-04-21 18:50:00,125074,125104,125074,125076,22
2026-04-21 18:55:00,125076,125109,125023,125093,12
2026-04-21 19:00:00,125093,125189,125091,125141,20
2026-04-21 19:05:00,125141,125224,125031,125224,9
2026-04-21 19:10:00,125224,125224,125224,125224,3
2026-04-21 19:15:00,125224,125266,125224,125266,4
2026-04-21 19:20:00,125266,125309,125245,125309,10
2026-04-21 19:25:00,125309,125309,125123,125123,2
2026-04-21 19:30:00,125125,125126,125082,125092,13
2026-04-21 19:35:00,125092,125157,125092,125157,2
2026-04-21 19:40:00,125157,125157,125104,125104,3
2026-04-21 19:45:00,125104,125104,125104,125104,0
2026-04-21 19:50:00,125092,125092,125071,125071,14
2026-04-21 19:55:00,125071,125095,125051,125051,6
2026-04-21 20:00:00,125051,125053,125050,125050,4
2026-04-21 20:05:00,125050,125050,125035,125035,4
2026-04-21 20:10:00,125035,125035,124819,124899,34
2026-04-21 20:15:00,124832,124832,124412,124593,68
2026-04-21 20:20:00,124600,124712,124450,124700,30
2026-04-21 20:25:00,124700,124700,124640,124640,4
2026-04-21 20:30:00,124640,124739,124571,124640,30
2026-04-21 20:35:00,124640,124640,124565,124610,6
2026-04-21 20:40:00,124677,124814,124677,124796,8
2026-04-21 20:45:00,124796,124796,124736,124736,4
2026-04-21 20:50:00,124736,124850,124736,124815,4
2026-04-21 20:55:00,124815,124885,124646,124750,18
2026-04-21 21:00:00,124750,124761,124644,124761,3
2026-04-21 21:05:00,124761,124761,124725,124725,1
2026-04-21 21:10:00,124725,124731,124660,124660,3
2026-04-21 21:15:00,124660,124660,124660,124660,0
2026-04-21 21:20:00,124660,124887,124660,124887,2
2026-04-21 21:25:00,124803,124803,124761,124761,3
2026-04-21 21:30:00,124761,124761,124761,124761,1
2026-04-21 21:35:00,124761,124761,124700,124700,2
2026-04-21 21:40:00,124700,124700,124621,124625,12
2026-04-21 21:45:00,124601,124645,124601,124645,12
2026-04-21 21:50:00,124645,124661,124600,124600,3
2026-04-21 21:55:00,124600,124600,124400,124400,51
2026-04-21 22:00:00,124376,124576,124376,124576,22
2026-04-21 22:05:00,124576,124576,124400,124400,16
2026-04-21 22:10:00,124400,124400,124344,124344,10
2026-04-21 22:15:00,124344,124372,124300,124300,13
2026-04-21 22:20:00,124300,124300,124080,124080,13
2026-04-21 22:25:00,124080,124250,124050,124199,16
2026-04-21 22:30:00,124199,124299,124050,124247,34
2026-04-21 22:35:00,124247,124300,124169,124299,6
2026-04-21 22:40:00,124299,124299,124067,124067,11
2026-04-21 22:45:00,124067,124139,124025,124069,23
2026-04-21 22:50:00,124069,124200,124069,124200,6
2026-04-21 22:55:00,124200,124300,124163,124294,23
2026-04-21 23:00:00,124294,124300,124085,124134,13
2026-04-21 23:05:00,124134,124480,124134,124310,27
2026-04-21 23:10:00,124310,124500,124310,124459,17
2026-04-21 23:15:00,124459,124563,124413,124563,3
2026-04-21 23:20:00,124563,124563,124207,124350,14
2026-04-21 23:25:00,124454,124455,124236,124395,31
2026-04-22 09:00:00,125197,125245,125001,125026,29
2026-04-22 09:05:00,125065,125065,124904,124904,5
2026-04-22 09:10:00,124904,125154,124904,125033,35
2026-04-22 09:15:00,125109,125125,125099,125099,0
2026-04-22 09:20:00,125099,125099,125034,125048,3
2026-04-22 09:25:00,125048,125048,125034,125043,3
2026-04-22 09:30:00,125043,125043,125030,125030,5
2026-04-22 09:35:00,125030,125030,124973,124973,3
2026-04-22 09:40:00,124973,125019,124973,125019,2
2026-04-22 09:45:00,125019,125019,124898,124898,7
2026-04-22 09:50:00,124898,125073,124898,124995,22
2026-04-22 09:55:00,124995,124995,124844,124844,13
2026-04-22 10:00:00,124955,124955,124955,124955,6
2026-04-22 10:05:00,124955,124976,124955,124976,1
2026-04-22 10:10:00,124976,124976,124910,124974,21
2026-04-22 10:15:00,124974,124974,124920,124936,25
2026-04-22 10:20:00,124936,124950,124925,124925,4
2026-04-22 10:25:00,124925,124926,124800,124800,20
2026-04-22 10:30:00,124800,124866,124663,124827,34
2026-04-22 10:35:00,124827,124885,124827,124832,14
2026-04-22 10:40:00,124832,124904,124832,124904,2
2026-04-22 10:45:00,124904,125089,124904,125088,12
2026-04-22 10:50:00,125088,125109,125088,125108,24
2026-04-22 10:55:00,125108,125187,125100,125130,18
2026-04-22 11:00:00,125130,125186,125130,125186,3
2026-04-22 11:05:00,125186,125186,125160,125160,6
2026-04-22 11:10:00,125160,125160,125160,125160,1
2026-04-22 11:15:00,125160,125167,125137,125167,3
2026-04-22 11:20:00,125167,125175,125079,125081,37
2026-04-22 11:25:00,125082,125082,125025,125025,63
2026-04-22 11:30:00,125000,125000,125000,125000,1
2026-04-22 11:35:00,125000,125000,124913,124919,8
2026-04-22 11:40:00,124919,124945,124919,124944,2
2026-04-22 11:45:00,124944,124945,124944,124945,7
2026-04-22 11:50:00,124945,124987,124945,124987,26
2026-04-22 11:55:00,125003,125045,124964,124964,17
2026-04-22 12:00:00,124964,125090,124964,125090,13
2026-04-22 12:05:00,125090,125090,125034,125034,7
2026-04-22 12:10:00,125034,125034,125034,125034,0
2026-04-22 12:15:00,125034,125090,125034,125090,19
2026-04-22 12:20:00,125090,125090,125064,125064,3
2026-04-22 12:25:00,125064,125064,125064,125064,0
2026-04-22 12:30:00,125064,125090,125064,125090,1
2026-04-22 12:35:00,125090,125090,125090,125090,0
2026-04-22 12:40:00,125090,125090,125002,125004,4
2026-04-22 12:45:00,125004,125004,125004,125004,0
2026-04-22 12:50:00,125004,125004,125004,125004,0
2026-04-22 12:55:00,125004,125004,125003,125003,4
2026-04-22 13:00:00,125003,125003,125003,125003,0
2026-04-22 13:05:00,125003,125069,125003,125069,1
2026-04-22 13:10:00,125069,125069,125037,125037,4
2026-04-22 13:15:00,125037,125037,125037,125037,0
2026-04-22 13:20:00,125037,125037,125003,125003,4
2026-04-22 13:25:00,125003,125021,125001,125001,19
2026-04-22 13:30:00,125001,125001,124950,124950,10
2026-04-22 13:35:00,124950,124991,124918,124918,12
2026-04-22 13:40:00,124918,124918,124918,124918,0
2026-04-22 13:45:00,124918,124918,124860,124880,5
2026-04-22 13:50:00,124880,124880,124821,124850,15
2026-04-22 13:55:00,124850,124850,124821,124822,2
2026-04-22 14:00:00,124822,124831,124811,124811,10
2026-04-22 14:05:00,124811,124811,124800,124800,13
2026-04-22 14:10:00,124800,124864,124800,124850,14
2026-04-22 14:15:00,124850,124850,124850,124850,10
2026-04-22 14:20:00,124850,124850,124850,124850,21
2026-04-22 14:25:00,124850,124988,124850,124988,5
2026-04-22 14:30:00,124988,124988,124988,124988,0
2026-04-22 14:35:00,124988,124988,124988,124988,0
2026-04-22 14:40:00,124988,124988,124988,124988,0
2026-04-22 14:45:00,124988,124988,124900,124901,5
2026-04-22 14:50:00,124901,124901,124860,124860,6
2026-04-22 14:55:00,124860,124903,124860,124903,2
2026-04-22 15:00:00,124903,124903,124903,124903,0
2026-04-22 15:05:00,124903,124903,124800,124800,1
2026-04-22 15:10:00,124800,124948,124800,124948,6
2026-04-22 15:15:00,124948,124968,124899,124946,32
2026-04-22 15:20:00,124946,124976,124895,124895,39
2026-04-22 15:25:00,124895,124922,124895,124915,10
2026-04-22 15:30:00,124915,124945,124857,124857,11
2026-04-22 15:35:00,124857,124933,124833,124932,20
2026-04-22 15:40:00,124932,124932,124800,124831,7
2026-04-22 15:45:00,124831,124831,124732,124780,27
2026-04-22 15:50:00,124780,124825,124780,124790,13
2026-04-22 15:55:00,124790,124814,124729,124814,4
2026-04-22 16:00:00,124814,124913,124700,124847,102
2026-04-22 16:05:00,124847,124847,124840,124840,6
2026-04-22 16:25:00,124844,124844,124844,124844,2
2026-04-22 16:30:00,124844,124865,124836,124865,2
2026-04-22 16:35:00,124865,124865,124865,124865,0
2026-04-22 16:40:00,124865,124865,124865,124865,0
2026-04-22 16:45:00,124865,124900,124865,124900,4
2026-04-22 16:50:00,124900,124900,124873,124873,7
2026-04-22 16:55:00,124873,124873,124873,124873,1
2026-04-22 17:00:00,124873,124873,124873,124873,0
2026-04-22 17:05:00,124873,124873,124757,124757,19
2026-04-22 17:10:00,124700,124700,124700,124700,6
2026-04-22 17:15:00,124700,124750,124700,124700,10
2026-04-22 17:20:00,124799,124799,124799,124799,1
2026-04-22 17:25:00,124799,124799,124700,124700,12
2026-04-22 17:30:00,124700,124800,124700,124800,1
2026-04-22 17:40:00,124800,124800,124800,124800,1
2026-04-22 17:50:00,124692,124760,124692,124760,5
2026-04-22 17:55:00,124840,124840,124751,124787,28
2026-04-22 18:00:00,124787,124787,124787,124787,0
2026-04-22 18:05:00,124787,124787,124680,124680,2
2026-04-22 18:10:00,124700,124700,124680,124680,13
2026-04-22 18:15:00,124680,124680,124650,124650,3
2026-04-22 18:20:00,124650,124650,124569,124600,6
2026-04-22 18:25:00,124600,124600,124567,124567,1
2026-04-22 18:30:00,124567,124567,124567,124567,1
2026-04-22 18:35:00,124567,124567,124513,124567,12
2026-04-22 18:40:00,124567,124624,124505,124624,8
2026-04-22 18:45:00,124624,124624,124505,124505,2
2026-04-22 18:50:00,124505,124517,124505,124513,3
2026-04-22 18:55:00,124627,124668,124627,124668,2
2026-04-22 19:00:00,124668,124668,124668,124668,0
2026-04-22 19:05:00,124668,124668,124668,124668,2
2026-04-22 19:10:00,124668,124700,124668,124700,9
2026-04-22 19:15:00,124700,124800,124700,124800,2
2026-04-22 19:20:00,124800,124800,124719,124785,3
2026-04-22 19:25:00,124785,124785,124785,124785,0
2026-04-22 19:30:00,124785,124785,124785,124785,0
2026-04-22 19:35:00,124700,124700,124700,124700,2
2026-04-22 19:40:00,124700,124724,124700,124724,1
2026-04-22 19:45:00,124724,124760,124724,124760,3
2026-04-22 19:50:00,124760,124760,124760,124760,5
2026-04-22 19:55:00,124760,124760,124687,124687,2
2026-04-22 20:00:00,124687,124687,124600,124600,4
2026-04-22 20:05:00,124600,124662,123553,124555,124
2026-04-22 20:10:00,124555,124555,124555,124555,11
2026-04-22 20:15:00,124555,124605,124555,124605,5
2026-04-22 20:20:00,124605,124605,124605,124605,0
2026-04-22 20:25:00,124605,124605,124585,124585,1
2026-04-22 20:30:00,124585,124585,124585,124585,0
2026-04-22 20:35:00,124585,124587,124585,124587,2
2026-04-22 20:40:00,124587,124605,124503,124600,10
2026-04-22 20:45:00,124600,124600,124500,124500,6
2026-04-22 20:50:00,124500,124600,124500,124517,12
2026-04-22 20:55:00,124517,124605,124509,124605,3
2026-04-22 21:00:00,124605,124615,124542,124552,10
2026-04-22 21:05:00,124552,124552,124411,124518,19
2026-04-22 21:10:00,124518,124518,124399,124399,9
2026-04-22 21:15:00,124399,124418,124399,124418,2
2026-04-22 21:20:00,124418,124457,124340,124340,2
2026-04-22 21:25:00,124340,124444,124340,124444,4
2026-04-22 21:30:00,124444,124444,124444,124444,0
2026-04-22 21:35:00,124444,124500,124444,124500,2
2026-04-22 21:40:00,124500,124547,124467,124467,3
2026-04-22 21:45:00,124467,124467,124356,124356,3
2026-04-22 21:50:00,124356,124370,124356,124370,1
2026-04-22 21:55:00,124370,124370,124370,124370,0
2026-04-22 22:00:00,124370,124409,124370,124409,2
2026-04-22 22:05:00,124497,124557,124487,124487,60
2026-04-22 22:10:00,124487,124700,124474,124474,28
2026-04-22 22:20:00,124547,124547,124509,124509,2
2026-04-22 22:25:00,124509,124566,124490,124497,6
2026-04-22 22:30:00,124485,124485,124485,124485,1
2026-04-22 22:35:00,124485,124557,124485,124540,7
2026-04-22 22:40:00,124658,124714,124570,124570,21
2026-04-22 22:45:00,124570,124577,124570,124577,1
2026-04-22 22:50:00,124577,124662,124541,124622,5
2026-04-22 22:55:00,124622,124622,124540,124540,5
2026-04-22 23:00:00,124542,124599,124507,124599,7
2026-04-22 23:05:00,124599,124599,124478,124478,28
2026-04-22 23:10:00,124478,124574,124478,124574,12
2026-04-22 23:15:00,124574,124574,124458,124570,20
2026-04-22 23:20:00,124570,124600,124444,124600,8
2026-04-22 23:25:00,124600,124741,124516,124710,21
2026-04-23 09:00:00,124112,124157,123912,124119,32
2026-04-23 09:05:00,124119,124193,124119,124192,10
2026-04-23 09:10:00,124192,124275,124192,124275,5
2026-04-23 09:15:00,124275,124275,124250,124250,5
2026-04-23 09:20:00,124250,124250,124119,124239,26
2026-04-23 09:25:00,124235,124235,124199,124205,6
2026-04-23 09:30:00,124205,124205,124177,124177,2
2026-04-23 09:35:00,124177,124214,124100,124214,8
2026-04-23 09:40:00,124214,124237,124214,124237,2
2026-04-23 09:45:00,124237,124237,124120,124120,16
2026-04-23 09:50:00,124120,124208,124120,124125,14
2026-04-23 09:55:00,124125,124212,124125,124212,10
2026-04-23 10:00:00,124212,124269,124200,124269,2
2026-04-23 10:05:00,124269,124269,124266,124266,2
2026-04-23 10:15:00,124146,124146,124146,124146,2
2026-04-23 10:20:00,124146,124180,124146,124180,1
2026-04-23 10:25:00,124180,124243,124150,124243,6
2026-04-23 10:30:00,124243,124243,124192,124192,1
2026-04-23 10:35:00,124266,124266,124266,124266,1
2026-04-23 10:40:00,124266,124266,124246,124266,2
2026-04-23 10:45:00,124266,124266,124205,124205,2
2026-04-23 10:50:00,124205,124268,124193,124268,4
2026-04-23 10:55:00,124268,124268,124200,124200,3
2026-04-23 11:00:00,124200,124209,124141,124200,42
2026-04-23 11:05:00,124200,124207,124200,124207,1
2026-04-23 11:10:00,124207,124207,124141,124199,5
2026-04-23 11:15:00,124199,124245,124199,124245,12
2026-04-23 11:20:00,124245,124279,124245,124268,5
2026-04-23 11:25:00,124268,124292,124268,124292,9
2026-04-23 11:30:00,124292,124355,124292,124329,6
2026-04-23 11:35:00,124329,124348,124329,124329,6
2026-04-23 11:40:00,124300,124300,124300,124300,1
2026-04-23 11:45:00,124300,124300,124273,124273,1
2026-04-23 11:50:00,124273,124319,124273,124319,2
2026-04-23 11:55:00,124319,124319,124289,124289,2
2026-04-23 12:00:00,124289,124289,124289,124289,0
2026-04-23 12:05:00,124289,124319,124289,124315,9
2026-04-23 12:10:00,124315,124390,124315,124353,12
2026-04-23 12:15:00,124353,124444,124350,124375,9
2026-04-23 12:20:00,124442,124442,124348,124348,6
2026-04-23 12:25:00,124348,124348,124335,124335,1
2026-04-23 12:30:00,124335,124335,124328,124328,2
2026-04-23 12:35:00,124328,124351,124328,124351,1
2026-04-23 12:40:00,124351,124351,124307,124307,3
2026-04-23 12:45:00,124307,124307,124307,124307,1
2026-04-23 12:50:00,124307,124307,124307,124307,0
2026-04-23 12:55:00,124307,124307,124248,124294,3
2026-04-23 13:00:00,124294,124294,124237,124237,2
2026-04-23 13:05:00,124309,124317,124309,124317,6
2026-04-23 13:10:00,124317,124317,124300,124300,1
2026-04-23 13:15:00,124300,124421,124300,124339,20
2026-04-23 13:20:00,124410,124443,124321,124394,23
2026-04-23 13:25:00,124394,124394,124394,124394,0
2026-04-23 13:30:00,124394,124441,124360,124441,4
2026-04-23 13:35:00,124441,124441,124374,124385,2
2026-04-23 13:40:00,124385,124385,124385,124385,0
2026-04-23 13:45:00,124385,124385,124357,124379,2
2026-04-23 13:50:00,124379,124379,124379,124379,0
2026-04-23 13:55:00,124379,124379,124371,124371,1
2026-04-23 14:00:00,124300,124300,124279,124279,3
2026-04-23 14:05:00,124279,124281,124279,124279,6
2026-04-23 14:10:00,124279,124279,124232,124233,2
2026-04-23 14:15:00,124233,124262,124231,124262,4
2026-04-23 14:20:00,124262,124306,124262,124306,1
2026-04-23 14:25:00,124306,124306,124306,124306,0
2026-04-23 14:30:00,124306,124306,124230,124230,16
2026-04-23 14:35:00,124181,124181,124151,124151,5
2026-04-23 14:40:00,124151,124248,124140,124140,17
2026-04-23 14:45:00,124140,124140,124000,124050,50
2026-04-23 14:50:00,124050,124094,124042,124054,5
2026-04-23 14:55:00,124031,124031,124031,124031,1
2026-04-23 15:00:00,124031,124052,124006,124052,15
2026-04-23 15:05:00,124052,124072,124010,124016,32
2026-04-23 15:10:00,124016,124061,124012,124039,7
2026-04-23 15:15:00,124039,124045,124011,124011,13
2026-04-23 15:20:00,124000,124000,123978,123978,24
2026-04-23 15:25:00,123978,123990,123969,123969,2
2026-04-23 15:30:00,123969,124083,123969,124013,2
2026-04-23 15:35:00,124013,124013,124013,124013,0
2026-04-23 15:40:00,124013,124013,123912,123912,18
2026-04-23 15:45:00,123912,123912,123850,123855,7
2026-04-23 15:50:00,123855,123855,123800,123850,15
2026-04-23 15:55:00,123850,123930,123850,123866,2
2026-04-23 16:00:00,123866,123888,123809,123888,8
2026-04-23 16:05:00,123888,123888,123888,123888,0
2026-04-23 16:10:00,123888,123959,123888,123944,24
2026-04-23 16:15:00,123944,123944,123845,123889,13
2026-04-23 16:20:00,123889,123940,123889,123940,27
2026-04-23 16:25:00,123940,123999,123887,123999,7
2026-04-23 16:30:00,123999,124048,123998,124030,7
2026-04-23 16:35:00,124030,124030,124030,124030,4
2026-04-23 16:40:00,124030,124030,123945,123945,4
2026-04-23 16:45:00,123945,123945,123945,123945,0
2026-04-23 16:50:00,123945,123945,123945,123945,0
2026-04-23 16:55:00,123945,123945,123945,123945,0
2026-04-23 17:00:00,123945,123945,123945,123945,0
2026-04-23 17:05:00,123945,124000,123945,124000,2
2026-04-23 17:10:00,124000,124001,124000,124001,1
2026-04-23 17:15:00,124001,124104,124001,124100,9
2026-04-23 17:20:00,124100,124173,124100,124173,17
2026-04-23 17:25:00,124188,124188,124188,124188,1
2026-04-23 17:30:00,124188,124411,124188,124411,20
2026-04-23 17:35:00,124411,124411,124306,124306,22
2026-04-23 17:40:00,124344,124405,124303,124303,13
2026-04-23 17:45:00,124372,124572,124354,124511,12
2026-04-23 17:50:00,124511,124511,124485,124499,5
2026-04-23 17:55:00,124499,124519,124469,124505,9
2026-04-23 18:00:00,124505,124610,124505,124610,18
2026-04-23 18:05:00,124649,124707,124620,124621,26
2026-04-23 18:10:00,124673,124687,124606,124634,7
2026-04-23 18:15:00,124634,124634,124428,124450,7
2026-04-23 18:20:00,124450,124460,124450,124460,2
2026-04-23 18:25:00,124460,124571,124460,124571,4
2026-04-23 18:30:00,124571,124602,124490,124497,5
2026-04-23 18:35:00,124497,124554,124413,124417,18
2026-04-23 18:40:00,124417,124417,124417,124417,0
2026-04-23 18:45:00,124417,124417,124383,124383,2
2026-04-23 18:50:00,124383,124383,124383,124383,0
2026-04-23 18:55:00,124383,124485,124383,124485,10
2026-04-23 19:00:00,124485,124485,124392,124398,14
2026-04-23 19:05:00,124398,124398,124398,124398,3
2026-04-23 19:10:00,124398,124549,124398,124547,4
2026-04-23 19:15:00,124496,124500,124415,124500,23
2026-04-23 19:20:00,124567,124624,124567,124624,15
2026-04-23 19:25:00,124624,124624,124378,124378,9
2026-04-23 19:30:00,124378,124387,124190,124298,10
2026-04-23 19:35:00,124298,124298,124260,124260,1
2026-04-23 19:40:00,124260,124388,124260,124375,4
2026-04-23 19:45:00,124375,124450,124352,124379,3
2026-04-23 19:50:00,124379,124379,124379,124379,0
2026-04-23 19:55:00,124379,124460,124379,124460,6
2026-04-23 20:00:00,124460,124470,124352,124352,3
2026-04-23 20:05:00,124352,124352,124352,124352,0
2026-04-23 20:10:00,124352,124352,124352,124352,0
2026-04-23 20:15:00,124352,124446,124352,124446,1
2026-04-23 20:20:00,124446,124450,124380,124450,3
2026-04-23 20:25:00,124450,124500,124450,124500,2
2026-04-23 20:30:00,124520,124520,124494,124494,5
2026-04-23 20:35:00,124494,124494,124494,124494,0
2026-04-23 20:40:00,124494,124494,124494,124494,0
2026-04-23 20:45:00,124494,124520,124443,124520,4
2026-04-23 20:50:00,124520,124556,124520,124556,2
2026-04-23 20:55:00,124556,124556,124556,124556,0
2026-04-23 21:00:00,124556,124556,124407,124442,7
2026-04-23 21:05:00,124442,124442,124442,124442,0
2026-04-23 21:10:00,124442,124442,124442,124442,0
2026-04-23 21:15:00,124442,124442,124442,124442,0
2026-04-23 21:20:00,124442,124442,124442,124442,0
2026-04-23 21:25:00,124442,124442,124388,124388,1
2026-04-23 21:30:00,124388,124388,124388,124388,0
2026-04-23 21:35:00,124388,124388,124388,124388,0
2026-04-23 21:40:00,124388,124388,124388,124388,0
2026-04-23 21:45:00,124388,124388,124373,124373,1
2026-04-23 21:50:00,124373,124381,124373,124381,1
2026-04-23 21:55:00,124381,124468,124381,124448,14
2026-04-23 22:00:00,124448,124448,124375,124400,2
2026-04-23 22:05:00,124400,124448,124400,124448,1
2026-04-23 22:10:00,124448,124448,124448,124448,0
2026-04-23 22:15:00,124448,124496,124448,124496,1
2026-04-23 22:20:00,124496,124500,124448,124500,3
2026-04-23 22:25:00,124500,124500,124500,124500,0
2026-04-23 22:30:00,124500,124500,124361,124396,7
2026-04-23 22:35:00,124396,124396,124330,124330,3
2026-04-23 22:40:00,124330,124350,124300,124350,4
2026-04-23 22:45:00,124350,124350,124256,124256,24
2026-04-23 22:50:00,124270,124270,124232,124258,10
2026-04-23 22:55:00,124258,124350,124258,124339,5
2026-04-23 23:00:00,124212,124315,124201,124315,9
2026-04-23 23:05:00,124251,124251,124124,124124,14
2026-04-23 23:10:00,124124,124196,123948,123948,43
2026-04-23 23:15:00,123948,124163,123935,124000,21
2026-04-23 23:20:00,124000,124043,124000,124043,13
2026-04-23 23:25:00,124224,124399,124224,124293,21
2026-04-24 09:00:00,123674,123940,123674,123940,39
2026-04-24 09:05:00,123940,123954,123850,123850,17
2026-04-24 09:10:00,123850,123851,123850,123851,3
2026-04-24 09:15:00,123851,123888,123851,123865,14
2026-04-24 09:20:00,123851,123897,123851,123897,11
2026-04-24 09:25:00,123852,123916,123850,123850,37
2026-04-24 09:30:00,123850,123850,123741,123741,19
2026-04-24 09:35:00,123741,123744,123651,123700,32
2026-04-24 09:40:00,123700,123715,123650,123715,7
2026-04-24 09:45:00,123715,123715,123650,123659,10
2026-04-24 09:50:00,123678,123678,123528,123528,22
2026-04-24 09:55:00,123528,123545,123452,123452,17
2026-04-24 10:00:00,123452,123500,123452,123500,11
2026-04-24 10:05:00,123500,123653,123500,123653,9
2026-04-24 10:10:00,123653,123701,123653,123701,1
2026-04-24 10:15:00,123701,123789,123701,123789,38
2026-04-24 10:20:00,123789,123789,123710,123729,7
2026-04-24 10:25:00,123729,123729,123670,123670,26
2026-04-24 10:30:00,123670,123714,123670,123700,5
2026-04-24 10:35:00,123700,123700,123650,123650,7
2026-04-24 10:40:00,123650,123690,123650,123662,20
2026-04-24 10:45:00,123682,123682,123652,123652,2
2026-04-24 10:50:00,123731,123740,123731,123740,2
2026-04-24 10:55:00,123740,123781,123740,123781,11
2026-04-24 11:00:00,123781,123910,123781,123910,20
2026-04-24 11:05:00,123910,123910,123837,123870,4
2026-04-24 11:10:00,123870,123870,123759,123800,3
2026-04-24 11:15:00,123800,123800,123800,123800,0
2026-04-24 11:20:00,123800,123800,123750,123750,2
2026-04-24 11:25:00,123750,123910,123750,123900,12
2026-04-24 11:30:00,123870,123870,123870,123870,1
2026-04-24 11:35:00,123870,123870,123850,123850,1
2026-04-24 11:40:00,123850,123850,123756,123790,22
2026-04-24 11:45:00,123790,123790,123656,123656,23
2026-04-24 11:50:00,123656,123680,123650,123650,7
2026-04-24 11:55:00,123650,123650,123600,123600,9
2026-04-24 12:00:00,123600,123600,123595,123599,2
2026-04-24 12:05:00,123599,123650,123599,123650,6
2026-04-24 12:10:00,123650,123650,123597,123597,5
2026-04-24 12:15:00,123597,123630,123563,123563,4
2026-04-24 12:20:00,123563,123580,123500,123500,28
2026-04-24 12:25:00,123500,123633,123500,123633,1
2026-04-24 12:35:00,123633,123633,123633,123633,1
2026-04-24 12:40:00,123633,123633,123633,123633,0
2026-04-24 12:45:00,123633,123723,123633,123723,2
2026-04-24 12:50:00,123723,123735,123678,123678,4
2026-04-24 12:55:00,123732,123774,123671,123671,18
2026-04-24 13:00:00,123671,123750,123671,123750,7
2026-04-24 13:05:00,123750,123770,123749,123749,2
2026-04-24 13:10:00,123749,123749,123714,123714,6
2026-04-24 13:15:00,123871,123871,123865,123865,2
2026-04-24 13:20:00,123865,123865,123780,123812,5
2026-04-24 13:25:00,123812,123909,123812,123909,11
2026-04-24 13:30:00,123909,123909,123802,123802,3
2026-04-24 13:35:00,123802,123802,123787,123787,1
2026-04-24 13:40:00,123721,123832,123721,123832,7
2026-04-24 13:45:00,123832,123832,123832,123832,0
2026-04-24 13:50:00,123832,123895,123780,123835,18
2026-04-24 13:55:00,123835,123835,123751,123803,12
2026-04-24 14:00:00,123803,123843,123803,123843,6
2026-04-24 14:05:00,123805,123806,123793,123806,22
2026-04-24 14:10:00,123806,123806,123806,123806,0
2026-04-24 14:15:00,123806,123806,123806,123806,0
2026-04-24 14:20:00,123806,123842,123748,123748,5
2026-04-24 14:25:00,123747,123803,123725,123726,9
2026-04-24 14:30:00,123726,123843,123726,123843,29
2026-04-24 14:35:00,123843,123893,123839,123839,7
2026-04-24 14:40:00,123839,123860,123839,123859,3
2026-04-24 14:45:00,123859,123881,123787,123881,21
2026-04-24 14:50:00,123804,123804,123804,123804,1
2026-04-24 14:55:00,123804,123804,123701,123701,1
2026-04-24 15:00:00,123709,123709,123646,123646,14
2026-04-24 15:05:00,123656,123656,123656,123656,1
2026-04-24 15:10:00,123720,123769,123688,123708,7
2026-04-24 15:15:00,123708,123748,123708,123748,2
2026-04-24 15:20:00,123748,123748,123717,123747,6
2026-04-24 15:25:00,123747,123747,123714,123714,1
2026-04-24 15:30:00,123714,123726,123714,123724,3
2026-04-24 15:40:00,123770,123780,123725,123780,5
2026-04-24 15:45:00,123780,123800,123780,123800,2
2026-04-24 15:50:00,123800,123850,123800,123850,4
2026-04-24 15:55:00,123850,123850,123850,123850,0
2026-04-24 16:00:00,123850,123850,123700,123700,4
2026-04-24 16:05:00,123700,123751,123700,123751,2
2026-04-24 16:10:00,123751,123751,123751,123751,0
2026-04-24 16:15:00,123751,123751,123707,123707,1
2026-04-24 16:20:00,123707,123707,123707,123707,0
2026-04-24 16:25:00,123707,123736,123707,123736,1
2026-04-24 16:30:00,123736,123870,123736,123870,1
2026-04-24 16:35:00,123870,124000,123844,123944,34
2026-04-24 16:40:00,123944,124000,123901,123901,13
2026-04-24 16:45:00,123901,124099,123901,124014,23
2026-04-24 16:50:00,124014,124218,124000,124206,29
2026-04-24 16:55:00,124206,124358,124176,124262,38
2026-04-24 17:00:00,124262,124389,124241,124285,30
2026-04-24 17:05:00,124285,124333,124196,124333,16
2026-04-24 17:10:00,124333,124333,124200,124204,4
2026-04-24 17:15:00,124121,124197,124121,124197,5
2026-04-24 17:20:00,124197,124235,124111,124235,11
2026-04-24 17:25:00,124235,124258,124172,124199,4
2026-04-24 17:30:00,124199,124275,124180,124180,10
2026-04-24 17:35:00,124180,124180,124180,124180,1
2026-04-24 17:40:00,124180,124202,124180,124202,3
2026-04-24 17:45:00,124202,124305,124202,124305,3
2026-04-24 17:50:00,124305,124305,124294,124294,3
2026-04-24 17:55:00,124294,124294,124294,124294,0
2026-04-24 18:00:00,124294,124294,124217,124217,2
2026-04-24 18:05:00,124217,124217,124202,124202,2
2026-04-24 18:10:00,124202,124202,124100,124100,23
2026-04-24 18:15:00,124100,124100,124100,124100,1
2026-04-24 18:20:00,124100,124100,124026,124099,6
2026-04-24 18:25:00,124099,124100,124099,124100,1
2026-04-24 18:30:00,124136,124214,124136,124148,8
2026-04-24 18:35:00,124148,124148,124144,124144,1
2026-04-24 18:40:00,124144,124185,124144,124185,1
2026-04-24 18:45:00,124200,124228,124200,124228,2
2026-04-24 18:50:00,124228,124254,124156,124228,5
2026-04-24 18:55:00,124228,124228,124100,124100,1
2026-04-24 19:00:00,124100,124177,124049,124112,3
2026-04-24 19:05:00,124112,124115,124112,124115,1
2026-04-24 19:10:00,124115,124210,124115,124210,2
2026-04-24 19:15:00,124210,124310,124210,124263,6
2026-04-24 19:20:00,124263,124263,124165,124165,5
2026-04-24 19:25:00,124165,124165,124165,124165,0
2026-04-24 19:30:00,124165,124263,124165,124263,7
2026-04-24 19:35:00,124390,124587,124370,124587,50
2026-04-24 19:40:00,124588,124645,124486,124555,45
2026-04-24 19:45:00,124555,124649,124520,124649,15
2026-04-24 19:50:00,124649,124696,124622,124622,6
2026-04-24 19:55:00,124622,124622,124504,124504,9
2026-04-24 20:00:00,124504,124504,124504,124504,0
2026-04-24 20:05:00,124504,124555,124504,124544,11
2026-04-24 20:10:00,124544,124560,124527,124560,4
2026-04-24 20:15:00,124560,124560,124560,124560,2
2026-04-24 20:20:00,124560,124560,124438,124446,10
2026-04-24 20:25:00,124446,124446,124400,124400,3
2026-04-24 20:30:00,124400,124458,124400,124402,4
2026-04-24 20:35:00,124402,124420,124402,124420,6
2026-04-24 20:45:00,124400,124400,124399,124399,3
2026-04-24 20:50:00,124399,124399,124399,124399,0
2026-04-24 20:55:00,124399,124399,124367,124367,4
2026-04-24 21:00:00,124367,124478,124367,124478,3
2026-04-24 21:05:00,124478,124478,124387,124438,7
2026-04-24 21:10:00,124438,124549,124414,124549,15
2026-04-24 21:15:00,124549,124577,124513,124577,28
2026-04-24 21:20:00,124577,124577,124553,124562,6
2026-04-24 21:25:00,124562,124567,124562,124567,1
2026-04-24 21:30:00,124567,124567,124567,124567,0
2026-04-24 21:35:00,124567,124567,124490,124490,11
2026-04-24 21:40:00,124490,124490,124450,124450,1
2026-04-24 21:45:00,124450,124489,124422,124454,5
2026-04-24 21:50:00,124454,124454,124454,124454,1
2026-04-24 21:55:00,124454,124454,124454,124454,0
2026-04-24 22:00:00,124454,124510,124454,124474,4
2026-04-24 22:05:00,124474,124566,124474,124496,10
2026-04-24 22:10:00,124496,124509,124422,124509,8
2026-04-24 22:15:00,124509,124519,124455,124519,2
2026-04-24 22:20:00,124519,124519,124460,124460,1
2026-04-24 22:25:00,124460,124511,124460,124511,2
2026-04-24 22:30:00,124511,124531,124437,124481,10
2026-04-24 22:35:00,124481,124481,124481,124481,0
2026-04-24 22:40:00,124481,124490,124434,124436,6
2026-04-24 22:45:00,124436,124549,124436,124457,11
2026-04-24 22:50:00,124457,124457,124450,124453,6
2026-04-24 22:55:00,124453,124453,124453,124453,0
2026-04-24 23:00:00,124453,124453,124355,124433,16
2026-04-24 23:05:00,124433,124532,124355,124363,21
2026-04-24 23:10:00,124363,124363,124355,124355,2
2026-04-24 23:15:00,124355,124355,124355,124355,4
2026-04-24 23:20:00,124355,124414,124266,124300,24
2026-04-24 23:25:00,124240,124494,124240,124431,15
2026-04-27 09:00:00,124284,124445,124233,124401,55
2026-04-27 09:05:00,124401,124601,124401,124601,5
2026-04-27 09:10:00,124601,124688,124596,124688,21
2026-04-27 09:15:00,124688,124688,124502,124502,24
2026-04-27 09:20:00,124502,124511,124500,124504,22
2026-04-27 09:25:00,124504,124584,124504,124584,2
2026-04-27 09:30:00,124584,124599,124534,124534,6
2026-04-27 09:35:00,124534,124550,124522,124522,5
2026-04-27 09:40:00,124522,124522,124522,124522,0
2026-04-27 09:45:00,124522,124550,124522,124533,4
2026-04-27 09:50:00,124533,124546,124521,124521,2
2026-04-27 09:55:00,124521,124521,124495,124521,5
2026-04-27 10:00:00,124521,124591,124505,124591,3
2026-04-27 10:05:00,124591,124591,124537,124537,5
2026-04-27 10:10:00,124540,124546,124523,124523,9
2026-04-27 10:15:00,124523,124523,124523,124523,1
2026-04-27 10:20:00,124500,124500,124416,124416,5
2026-04-27 10:25:00,124416,124416,124416,124416,18
2026-04-27 10:30:00,124416,124426,124400,124400,7
2026-04-27 10:35:00,124400,124442,124354,124442,5
2026-04-27 10:40:00,124442,124442,124424,124424,1
2026-04-27 10:45:00,124395,124395,124390,124395,7
2026-04-27 10:50:00,124395,124395,124374,124376,6
2026-04-27 10:55:00,124376,124377,124376,124376,8
2026-04-27 11:00:00,124376,124376,124316,124316,2
2026-04-27 11:05:00,124316,124316,124260,124260,6
2026-04-27 11:10:00,124260,124334,124260,124334,5
2026-04-27 11:15:00,124334,124350,124325,124350,12
2026-04-27 11:20:00,124350,124350,124261,124280,3
2026-04-27 11:25:00,124280,124280,124275,124275,4
2026-04-27 11:30:00,124275,124275,124262,124262,13
2026-04-27 11:35:00,124262,124300,124262,124262,5
2026-04-27 11:40:00,124305,124308,124290,124299,6
2026-04-27 11:45:00,124313,124313,124274,124274,2
2026-04-27 11:50:00,124274,124331,124274,124331,2
2026-04-27 11:55:00,124410,124410,124378,124378,2
2026-04-27 12:00:00,124378,124378,124275,124275,11
2026-04-27 12:05:00,124275,124305,124275,124305,1
2026-04-27 12:25:00,124308,124308,124308,124308,4
2026-04-27 12:30:00,124308,124329,124308,124329,2
2026-04-27 12:35:00,124329,124350,124329,124350,1
2026-04-27 12:40:00,124350,124400,124350,124400,4
2026-04-27 12:45:00,124350,124370,124350,124350,10
2026-04-27 12:55:00,124333,124333,124333,124333,2
2026-04-27 13:00:00,124333,124369,124333,124369,4
2026-04-27 13:05:00,124369,124369,124369,124369,0
2026-04-27 13:10:00,124369,124369,124368,124368,1
2026-04-27 13:15:00,124368,124370,124368,124370,1
2026-04-27 13:20:00,124370,124370,124370,124370,0
2026-04-27 13:25:00,124370,124370,124370,124370,0
2026-04-27 13:30:00,124370,124370,124333,124333,1
2026-04-27 13:35:00,124333,124333,124307,124314,4
2026-04-27 13:40:00,124314,124314,124314,124314,2
2026-04-27 13:45:00,124285,124285,124285,124285,4
2026-04-27 13:50:00,124285,124316,124285,124288,7
2026-04-27 13:55:00,124288,124288,124262,124262,13
2026-04-27 14:00:00,124262,124262,124200,124200,17
2026-04-27 14:05:00,124200,125500,124200,124334,170
2026-04-27 14:10:00,124334,124334,124151,124211,40
2026-04-27 14:15:00,124211,124382,124211,124315,20
2026-04-27 14:20:00,124315,124315,124299,124299,4
2026-04-27 14:25:00,124299,124299,124175,124245,2
2026-04-27 14:30:00,124232,124232,124213,124213,4
2026-04-27 14:35:00,124193,124193,124097,124097,67
2026-04-27 14:40:00,124163,124208,124030,124208,119
2026-04-27 14:45:00,124208,124225,124175,124224,7
2026-04-27 14:50:00,124224,124242,124135,124209,24
2026-04-27 14:55:00,124209,124213,124143,124179,21
2026-04-27 15:00:00,124179,124179,124027,124027,28
2026-04-27 15:05:00,124027,124064,124013,124058,18
2026-04-27 15:10:00,124123,124201,124123,124164,11
2026-04-27 15:15:00,124164,124200,124150,124150,4
2026-04-27 15:20:00,124000,124125,124000,124125,65
2026-04-27 15:25:00,124125,124125,124070,124070,1
2026-04-27 15:30:00,124070,124145,124070,124145,3
2026-04-27 15:35:00,124145,124234,124129,124129,19
2026-04-27 15:40:00,124117,124117,124116,124116,4
2026-04-27 15:45:00,124116,124116,124083,124083,1
2026-04-27 15:50:00,124117,124164,124104,124164,12
2026-04-27 15:55:00,124164,124166,124043,124124,41
2026-04-27 16:00:00,124124,124200,124124,124200,6
2026-04-27 16:05:00,124200,124357,124200,124271,19
2026-04-27 16:10:00,124271,124350,124271,124350,11
2026-04-27 16:15:00,124350,124364,124317,124364,16
2026-04-27 16:20:00,124364,124364,124288,124324,22
2026-04-27 16:25:00,124324,124367,124324,124367,1
2026-04-27 16:30:00,124367,124367,124250,124250,3
2026-04-27 16:35:00,124250,124282,124250,124282,1
2026-04-27 16:40:00,124288,124307,124250,124307,11
2026-04-27 16:45:00,124307,124307,124229,124229,17
2026-04-27 16:50:00,124229,124255,124200,124252,10
2026-04-27 16:55:00,124252,124252,124207,124243,2
2026-04-27 17:00:00,124291,124291,124291,124291,1
2026-04-27 17:05:00,124291,124291,124257,124257,1
2026-04-27 17:10:00,124216,124271,124193,124193,7
2026-04-27 17:15:00,124284,124284,124284,124284,2
2026-04-27 17:20:00,124284,124284,124200,124200,2
2026-04-27 17:25:00,124200,124228,124200,124228,1
2026-04-27 17:30:00,124228,124228,124228,124228,0
2026-04-27 17:35:00,124228,124228,124228,124228,0
2026-04-27 17:40:00,124228,124262,124225,124262,3
2026-04-27 17:45:00,124262,124262,124262,124262,2
2026-04-27 17:50:00,124262,124262,124262,124262,0
2026-04-27 17:55:00,124262,124262,124230,124230,5
2026-04-27 18:00:00,124230,124230,124230,124230,0
2026-04-27 18:05:00,124230,124237,124100,124100,6
2026-04-27 18:10:00,124100,124100,124050,124050,7
2026-04-27 18:15:00,124050,124050,124022,124050,5
2026-04-27 18:20:00,124198,124198,124198,124198,1
2026-04-27 18:25:00,124140,124147,124138,124138,5
2026-04-27 18:30:00,124138,124138,124067,124067,7
2026-04-27 18:35:00,124067,124099,124033,124099,20
2026-04-27 18:40:00,124099,124149,124090,124095,5
2026-04-27 18:45:00,124095,124095,124095,124095,0
2026-04-27 18:50:00,124095,124199,124095,124199,5
2026-04-27 18:55:00,124199,124199,124113,124141,11
2026-04-27 19:00:00,124141,124141,124090,124090,7
2026-04-27 19:05:00,124090,124090,124030,124030,11
2026-04-27 19:10:00,124030,124030,124030,124030,1
2026-04-27 19:15:00,124030,124065,124030,124065,2
2026-04-27 19:20:00,124065,124065,124028,124028,8
2026-04-27 19:25:00,124028,124116,124028,124116,1
2026-04-27 19:30:00,124151,124196,124103,124136,14
2026-04-27 19:35:00,124136,124149,124010,124010,26
2026-04-27 19:40:00,124010,124075,124010,124075,2
2026-04-27 19:45:00,124075,124107,124075,124106,12
2026-04-27 19:50:00,124110,124112,124108,124112,7
2026-04-27 19:55:00,124112,124112,124036,124036,13
2026-04-27 20:00:00,124026,124026,123998,123998,37
2026-04-27 20:05:00,124009,124087,124009,124075,31
2026-04-27 20:10:00,124075,124096,124075,124080,13
2026-04-27 20:15:00,124080,124084,124046,124084,8
2026-04-27 20:20:00,124076,124076,123969,123969,19
2026-04-27 20:25:00,123968,123969,123948,123958,17
2026-04-27 20:30:00,123936,123936,123717,123759,70
2026-04-27 20:35:00,123753,123872,123745,123846,34
2026-04-27 20:40:00,123806,123870,123750,123761,12
2026-04-27 20:45:00,123796,123890,123793,123812,34
2026-04-27 20:50:00,123810,123889,123772,123832,12
2026-04-27 20:55:00,123830,123888,123830,123888,2
2026-04-27 21:00:00,123888,123927,123875,123875,5
2026-04-27 21:05:00,123875,123898,123850,123891,13
2026-04-27 21:10:00,123891,123950,123891,123895,5
2026-04-27 21:15:00,123891,123891,123881,123887,5
2026-04-27 21:20:00,123887,124023,123831,123831,25
2026-04-27 21:25:00,123831,123848,123819,123819,12
2026-04-27 21:30:00,123839,123839,123819,123819,2
2026-04-27 21:35:00,123819,123871,123819,123861,6
2026-04-27 21:40:00,123861,123861,123861,123861,0
2026-04-27 21:45:00,123861,123937,123861,123937,1
2026-04-27 21:50:00,123937,123939,123912,123939,3
2026-04-27 21:55:00,123942,123942,123873,123897,12
2026-04-27 22:00:00,123897,123904,123885,123904,3
2026-04-27 22:05:00,123904,123919,123864,123919,40
2026-04-27 22:10:00,123919,123919,123837,123850,7
2026-04-27 22:15:00,123872,123878,123835,123835,5
2026-04-27 22:20:00,123840,123840,123835,123835,2
2026-04-27 22:25:00,123835,123910,123835,123910,3
2026-04-27 22:30:00,123910,123910,123848,123886,5
2026-04-27 22:35:00,123886,123886,123645,123693,47
2026-04-27 22:40:00,123693,123773,123555,123578,61
2026-04-27 22:45:00,123578,123643,123551,123576,38
2026-04-27 22:50:00,123576,123616,123567,123604,17
2026-04-27 22:55:00,123582,123656,123582,123612,27
2026-04-27 23:00:00,123612,123700,123473,123515,131
2026-04-27 23:05:00,123515,123737,123450,123617,59
2026-04-27 23:10:00,123666,123700,123636,123668,32
2026-04-27 23:15:00,123668,123698,123650,123650,26
2026-04-27 23:20:00,123650,123700,123573,123700,20
2026-04-27 23:25:00,123674,123800,123600,123627,80
2026-04-28 09:00:00,123628,123689,123499,123529,49
2026-04-28 09:05:00,123529,123604,123502,123502,30
2026-04-28 09:10:00,123502,123518,123458,123518,30
2026-04-28 09:15:00,123518,123518,123449,123449,19
2026-04-28 09:20:00,123560,123604,123482,123497,35
2026-04-28 09:25:00,123482,123482,123458,123460,6
2026-04-28 09:30:00,123477,123477,123442,123442,4
2026-04-28 09:35:00,123442,123486,123400,123400,48
2026-04-28 09:40:00,123400,123469,123370,123469,20
2026-04-28 09:45:00,123469,123506,123428,123506,3
2026-04-28 09:50:00,123524,123524,123450,123468,15
2026-04-28 09:55:00,123468,123511,123468,123510,6
2026-04-28 10:00:00,123510,123617,123510,123573,14
2026-04-28 10:05:00,123573,123573,123573,123573,2
2026-04-28 10:10:00,123573,123584,123543,123545,8
2026-04-28 10:15:00,123545,123545,123540,123540,1
2026-04-28 10:20:00,123540,123540,123511,123511,3
2026-04-28 10:25:00,123525,123525,123525,123525,1
2026-04-28 10:30:00,123525,123525,123400,123400,12
2026-04-28 10:35:00,123400,123400,123185,123185,42
2026-04-28 10:40:00,123185,123247,123083,123131,28
2026-04-28 10:45:00,123131,123186,123050,123186,20
2026-04-28 10:50:00,123186,123333,123186,123193,42
2026-04-28 10:55:00,123193,123225,123142,123200,5
2026-04-28 11:00:00,123200,123200,123010,123082,33
2026-04-28 11:05:00,123092,123092,122909,123018,39
2026-04-28 11:10:00,123018,123018,122763,122763,34
2026-04-28 11:15:00,122763,123106,122740,122923,265
2026-04-28 11:20:00,122986,122986,122861,122869,14
2026-04-28 11:25:00,122869,123040,122869,122990,13
2026-04-28 11:30:00,122990,122990,122826,122919,8
2026-04-28 11:35:00,122982,123053,122982,123030,17
2026-04-28 11:40:00,123030,123030,122942,122942,13
2026-04-28 11:45:00,122942,123000,122942,122962,4
2026-04-28 11:50:00,122926,122926,122796,122796,8
2026-04-28 11:55:00,122796,122843,122776,122840,8
2026-04-28 12:00:00,122840,122840,122804,122804,10
2026-04-28 12:05:00,122804,122804,122745,122745,4
2026-04-28 12:10:00,122783,122870,122783,122862,3
2026-04-28 12:15:00,122862,122862,122750,122750,1
2026-04-28 12:20:00,122750,122858,122750,122858,14
2026-04-28 12:25:00,122858,122945,122858,122925,6
2026-04-28 12:30:00,122925,123069,122925,123069,10
2026-04-28 12:35:00,123069,123069,122900,122900,8
2026-04-28 12:40:00,122900,122999,122900,122999,3
2026-04-28 12:45:00,122999,122999,122935,122998,12
2026-04-28 12:50:00,122998,122998,122917,122917,8
2026-04-28 12:55:00,122917,122988,122900,122900,3
2026-04-28 13:00:00,122900,122981,122900,122981,3
2026-04-28 13:05:00,122939,122939,122912,122912,2
2026-04-28 13:10:00,122912,122964,122882,122942,9
2026-04-28 13:15:00,122942,123013,122932,122980,24
2026-04-28 13:20:00,122980,122980,122886,122891,6
2026-04-28 13:25:00,122891,122891,122842,122842,5
2026-04-28 13:30:00,122842,122935,122755,122755,15
2026-04-28 13:35:00,122755,122819,122694,122789,43
2026-04-28 13:40:00,122789,122789,122641,122663,34
2026-04-28 13:45:00,122663,122700,122662,122700,2
2026-04-28 13:50:00,122700,122746,122700,122746,6
2026-04-28 13:55:00,122735,122759,122700,122745,24
2026-04-28 14:00:00,122745,122961,122745,122961,16
2026-04-28 14:05:00,122961,122961,122800,122857,34
2026-04-28 14:10:00,122817,122838,122779,122838,7
2026-04-28 14:15:00,122838,122838,122788,122788,6
2026-04-28 14:20:00,122788,122880,122774,122880,11
2026-04-28 14:25:00,122880,122938,122860,122867,19
2026-04-28 14:30:00,122860,122860,122762,122762,7
2026-04-28 14:35:00,122762,122762,122762,122762,0
2026-04-28 14:40:00,122762,122762,122762,122762,0
2026-04-28 14:45:00,122762,122762,122762,122762,0
2026-04-28 14:50:00,122800,122800,122800,122800,4
2026-04-28 14:55:00,122701,122799,122701,122710,6
2026-04-28 15:00:00,122710,122710,122644,122646,8
2026-04-28 15:05:00,122646,122646,122611,122611,7
2026-04-28 15:10:00,122611,122705,122611,122705,10
2026-04-28 15:15:00,122705,122705,122611,122615,9
2026-04-28 15:20:00,122615,122635,122615,122635,2
2026-04-28 15:25:00,122635,122640,122500,122585,22
2026-04-28 15:30:00,122585,122653,122585,122642,8
2026-04-28 15:35:00,122642,122642,122607,122636,9
2026-04-28 15:40:00,122657,122657,122657,122657,2
2026-04-28 15:45:00,122657,122657,122616,122616,4
2026-04-28 15:50:00,122616,122680,122616,122677,14
2026-04-28 15:55:00,122656,122656,122656,122656,1
2026-04-28 16:00:00,122652,122656,122652,122656,3
2026-04-28 16:05:00,122656,122674,122648,122648,7
2026-04-28 16:10:00,122648,122656,122648,122656,8
2026-04-28 16:15:00,122656,122688,122609,122646,19
2026-04-28 16:20:00,122646,122646,122571,122571,7
2026-04-28 16:25:00,122572,122614,122556,122556,14
2026-04-28 16:30:00,122556,122587,122500,122538,14
2026-04-28 16:35:00,122538,122538,122463,122468,30
2026-04-28 16:40:00,122468,122468,122370,122370,60
2026-04-28 16:45:00,122370,122370,122271,122271,27
2026-04-28 16:50:00,122271,122400,122271,122368,19
2026-04-28 16:55:00,122368,122368,122254,122254,8
2026-04-28 17:00:00,122254,122254,122100,122100,19
2026-04-28 17:05:00,122100,122100,121762,121770,59
2026-04-28 17:10:00,121770,121917,121730,121840,51
2026-04-28 17:15:00,121876,121976,121751,121800,51
2026-04-28 17:20:00,121757,121806,121590,121642,71
2026-04-28 17:25:00,121731,121996,121691,121691,77
2026-04-28 17:30:00,121691,121806,121022,121746,170
2026-04-28 17:35:00,121746,121880,121746,121786,48
2026-04-28 17:40:00,121786,122000,121766,122000,38
2026-04-28 17:45:00,122000,122179,122000,122037,34
2026-04-28 17:50:00,122054,122242,121969,122093,61
2026-04-28 17:55:00,122093,122140,122000,122140,25
2026-04-28 18:00:00,122140,122154,121939,122090,15
2026-04-28 18:05:00,122159,122168,122072,122072,12
2026-04-28 18:10:00,122132,122314,122055,122245,25
2026-04-28 18:15:00,122245,122448,122245,122426,41
2026-04-28 18:20:00,122426,122480,122350,122350,24
2026-04-28 18:25:00,122350,122399,122229,122288,17
2026-04-28 18:30:00,122288,122288,121949,122111,55
2026-04-28 18:35:00,122111,122116,121921,121947,12
2026-04-28 18:40:00,121947,122112,121900,122000,25
2026-04-28 18:45:00,122066,122080,122000,122080,3
2026-04-28 18:50:00,122080,122100,122075,122100,6
2026-04-28 18:55:00,122100,122186,122052,122186,9
2026-04-28 19:00:00,122186,122186,122122,122138,2
2026-04-28 19:05:00,122138,122281,122138,122150,7
2026-04-28 19:10:00,122150,122324,122112,122301,17
2026-04-28 19:15:00,122246,122330,122246,122279,8
2026-04-28 19:20:00,122279,122343,122227,122227,14
2026-04-28 19:25:00,122227,122227,122088,122088,1
2026-04-28 19:30:00,122072,122072,121885,121891,35
2026-04-28 19:35:00,121891,122021,121891,122008,12
2026-04-28 19:40:00,122008,122008,121938,121938,7
2026-04-28 19:45:00,121938,121938,121800,121884,28
2026-04-28 19:50:00,121884,121895,121850,121850,16
2026-04-28 19:55:00,121850,121899,121850,121899,2
2026-04-28 20:00:00,121899,122021,121899,122000,11
2026-04-28 20:05:00,122000,122000,121750,121750,15
2026-04-28 20:10:00,121750,121835,121666,121666,21
2026-04-28 20:15:00,121756,121809,121750,121750,11
2026-04-28 20:20:00,121750,121750,121642,121697,14
2026-04-28 20:25:00,121697,121805,121697,121805,4
2026-04-28 20:30:00,121855,121966,121855,121869,13
2026-04-28 20:35:00,121869,121943,121866,121872,9
2026-04-28 20:40:00,121872,121872,121872,121872,0
2026-04-28 20:45:00,121872,121905,121854,121905,3
2026-04-28 20:50:00,121905,121905,121828,121828,3
2026-04-28 20:55:00,121828,121932,121828,121932,4
2026-04-28 21:00:00,121932,121932,121891,121891,1
2026-04-28 21:05:00,121891,121963,121797,121960,12
2026-04-28 21:10:00,121960,121979,121878,121979,7
2026-04-28 21:15:00,121979,122009,121852,121938,35
2026-04-28 21:20:00,121950,122082,121950,122041,22
2026-04-28 21:25:00,122076,122076,121940,121957,13
2026-04-28 21:30:00,121984,122030,121957,122030,8
2026-04-28 21:35:00,122030,122098,122030,122090,10
2026-04-28 21:40:00,122090,122115,122075,122115,6
2026-04-28 21:45:00,122115,122115,121932,121970,15
2026-04-28 21:50:00,121989,121989,121925,121925,4
2026-04-28 21:55:00,121950,121976,121950,121976,3
2026-04-28 22:00:00,121976,122013,121800,121800,59
2026-04-28 22:05:00,121800,121944,121800,121944,6
2026-04-28 22:10:00,121917,121980,121904,121979,14
2026-04-28 22:15:00,121979,122096,121979,122096,17
2026-04-28 22:20:00,122096,122253,122096,122136,14
2026-04-28 22:25:00,122136,122319,122136,122308,11
2026-04-28 22:30:00,122308,122308,122232,122232,5
2026-04-28 22:35:00,122232,122232,122076,122140,45
2026-04-28 22:40:00,122140,122196,122138,122196,3
2026-04-28 22:45:00,122196,122208,122025,122097,6
2026-04-28 22:50:00,122097,122150,122072,122150,5
2026-04-28 22:55:00,122150,122230,122150,122225,6
2026-04-28 23:00:00,122225,122310,122225,122310,14
2026-04-28 23:05:00,122310,122400,122286,122385,37
2026-04-28 23:10:00,122385,122455,122354,122442,41
2026-04-28 23:15:00,122442,122489,122411,122484,24
2026-04-28 23:20:00,122364,122396,122338,122378,33
2026-04-28 23:25:00,122400,122462,122250,122250,37
2026-04-29 09:00:00,122096,122473,122096,122390,47
2026-04-29 09:05:00,122390,122390,122242,122242,36
2026-04-29 09:10:00,122242,122245,122023,122031,59
2026-04-29 09:15:00,122031,122114,121906,121906,44
2026-04-29 09:20:00,121964,122043,121964,121997,9
2026-04-29 09:25:00,121997,122081,121997,122077,11
2026-04-29 09:30:00,122079,122228,122075,122211,34
2026-04-29 09:35:00,122211,122224,122211,122224,3
2026-04-29 09:40:00,122224,122448,122224,122448,45
2026-04-29 09:45:00,122448,122448,122223,122223,24
2026-04-29 09:50:00,122223,122257,122162,122216,30
2026-04-29 09:55:00,122276,122285,122242,122242,5
2026-04-29 10:00:00,122242,122312,122242,122312,3
2026-04-29 10:05:00,122376,122409,122376,122407,5
2026-04-29 10:10:00,122407,122504,122407,122494,25
2026-04-29 10:15:00,122450,122450,122410,122410,12
2026-04-29 10:20:00,122410,122461,122410,122423,9
2026-04-29 10:25:00,122423,122540,122423,122540,40
2026-04-29 10:30:00,122540,122585,122537,122540,15
2026-04-29 10:35:00,122540,122600,122540,122575,7
2026-04-29 10:40:00,122575,122575,122382,122408,11
2026-04-29 10:45:00,122408,122428,122377,122417,3
2026-04-29 10:50:00,122417,122428,122349,122349,8
2026-04-29 10:55:00,122349,122424,122348,122380,8
2026-04-29 11:00:00,122380,122380,122242,122242,22
2026-04-29 11:05:00,122242,122242,122192,122195,8
2026-04-29 11:10:00,122195,122313,122195,122313,6
2026-04-29 11:15:00,122313,122465,122313,122442,10
2026-04-29 11:20:00,122442,122517,122400,122400,4
2026-04-29 11:25:00,122400,122400,122347,122347,2
2026-04-29 11:30:00,122347,122347,122274,122329,5
2026-04-29 11:35:00,122347,122347,122259,122310,4
2026-04-29 11:40:00,122310,122310,122196,122207,5
2026-04-29 11:45:00,122207,122254,122175,122202,28
2026-04-29 11:50:00,122202,122202,122057,122076,16
2026-04-29 11:55:00,122095,122195,122095,122195,30
2026-04-29 12:00:00,122195,122195,122106,122124,6
2026-04-29 12:05:00,122124,122124,122057,122057,16
2026-04-29 12:10:00,122057,122191,122057,122163,16
2026-04-29 12:15:00,122163,122163,122101,122162,7
2026-04-29 12:20:00,122162,122162,122051,122051,4
2026-04-29 12:25:00,122051,122119,122051,122089,2
2026-04-29 12:30:00,122089,122146,122083,122146,13
2026-04-29 12:35:00,122166,122166,122049,122049,7
2026-04-29 12:40:00,122049,122049,121951,121951,34
2026-04-29 12:45:00,121988,122000,121940,121940,20
2026-04-29 12:50:00,121940,121940,121901,121901,14
2026-04-29 12:55:00,121901,121901,121710,121808,30
2026-04-29 13:00:00,121808,121863,121729,121858,31
2026-04-29 13:05:00,121837,121923,121830,121858,27
2026-04-29 13:10:00,121858,121858,121729,121729,11
2026-04-29 13:15:00,121729,121780,121729,121780,13
2026-04-29 13:20:00,121780,121861,121760,121760,12
2026-04-29 13:25:00,121760,121823,121760,121761,6
2026-04-29 13:30:00,121761,121848,121761,121837,9
2026-04-29 13:35:00,121837,121837,121788,121788,2
2026-04-29 13:40:00,121788,121818,121734,121735,7
2026-04-29 13:45:00,121735,121778,121735,121758,5
2026-04-29 13:50:00,121758,121819,121745,121749,25
2026-04-29 13:55:00,121749,121781,121746,121762,7
2026-04-29 14:00:00,121762,121762,121710,121710,8
2026-04-29 14:05:00,121710,121710,121611,121611,11
2026-04-29 14:10:00,121611,121723,121611,121723,6
2026-04-29 14:15:00,121798,121886,121798,121834,26
2026-04-29 14:20:00,121834,121948,121834,121948,12
2026-04-29 14:25:00,121950,121999,121950,121999,16
2026-04-29 14:30:00,121999,121999,121855,121855,1
2026-04-29 14:35:00,121874,121874,121855,121855,3
2026-04-29 14:40:00,121855,121898,121855,121886,11
2026-04-29 14:45:00,121886,122053,121886,121968,30
2026-04-29 14:50:00,121968,122041,121868,121872,3
2026-04-29 14:55:00,121855,121855,121791,121791,4
2026-04-29 15:00:00,121791,121791,121678,121786,12
2026-04-29 15:05:00,121786,121786,121786,121786,0
2026-04-29 15:10:00,121786,121786,121678,121683,14
2026-04-29 15:15:00,121683,121795,121650,121711,17
2026-04-29 15:20:00,121711,121711,121511,121550,64
2026-04-29 15:25:00,121558,121620,121558,121620,21
2026-04-29 15:30:00,121620,121744,121618,121744,6
2026-04-29 15:35:00,121744,121744,121700,121719,5
2026-04-29 15:40:00,121719,121720,121719,121720,7
2026-04-29 15:45:00,121776,121796,121770,121770,10
2026-04-29 15:50:00,121770,121780,121700,121700,7
2026-04-29 15:55:00,121700,121822,121700,121813,5
2026-04-29 16:00:00,121813,121836,121800,121800,8
2026-04-29 16:05:00,121800,121841,121794,121794,3
2026-04-29 16:10:00,121794,121794,121697,121721,7
2026-04-29 16:15:00,121721,121721,121625,121631,9
2026-04-29 16:20:00,121658,121681,121638,121681,4
2026-04-29 16:25:00,121681,121761,121681,121761,4
2026-04-29 16:30:00,121761,121794,121744,121794,10
2026-04-29 16:35:00,121794,121800,121751,121751,11
2026-04-29 16:40:00,121751,121793,121736,121793,21
2026-04-29 16:45:00,121793,121793,121793,121793,0
2026-04-29 16:50:00,121793,121793,121707,121712,3
2026-04-29 16:55:00,121712,121712,121666,121666,11
2026-04-29 17:00:00,121666,121666,121666,121666,3
2026-04-29 17:05:00,121666,121800,121666,121800,17
2026-04-29 17:10:00,121780,121799,121672,121672,15
2026-04-29 17:15:00,121672,121705,121672,121705,2
2026-04-29 17:20:00,121708,121714,121656,121657,15
2026-04-29 17:25:00,121657,121709,121657,121709,4
2026-04-29 17:30:00,121709,121709,121709,121709,0
2026-04-29 17:35:00,121709,121798,121709,121711,15
2026-04-29 17:40:00,121711,121711,121711,121711,0
2026-04-29 17:45:00,121711,121850,121711,121810,4
2026-04-29 17:50:00,121810,121823,121770,121821,4
2026-04-29 17:55:00,121764,121783,121725,121783,5
2026-04-29 18:00:00,121783,121783,121594,121594,22
2026-04-29 18:05:00,121647,121656,121579,121579,28
2026-04-29 18:10:00,121594,121594,121594,121594,3
2026-04-29 18:15:00,121594,121631,121594,121630,3
2026-04-29 18:20:00,121630,121630,121520,121574,43
2026-04-29 18:25:00,121574,121574,121451,121560,60
2026-04-29 18:30:00,121560,121596,121557,121559,11
2026-04-29 18:35:00,121559,121559,121468,121468,13
2026-04-29 18:40:00,121468,121620,121465,121565,13
2026-04-29 18:45:00,121565,121565,121465,121465,7
2026-04-29 18:50:00,121465,121465,121351,121400,36
2026-04-29 18:55:00,121400,121400,121356,121399,29
2026-04-29 19:00:00,121355,121364,121270,121358,39
2026-04-29 19:05:00,121358,121358,121200,121200,34
2026-04-29 19:10:00,121200,121210,121050,121061,71
2026-04-29 19:15:00,121061,121158,121023,121158,56
2026-04-29 19:20:00,121158,121269,121119,121265,17
2026-04-29 19:25:00,121205,121340,121177,121178,34
2026-04-29 19:30:00,121178,121229,121178,121185,10
2026-04-29 19:35:00,121185,121286,121185,121186,15
2026-04-29 19:40:00,121186,121336,121186,121336,8
2026-04-29 19:45:00,121336,121469,121336,121415,19
2026-04-29 19:50:00,121415,121429,121392,121392,11
2026-04-29 19:55:00,121428,121428,121357,121357,14
2026-04-29 20:00:00,121357,121430,121194,121419,11
2026-04-29 20:05:00,121419,121520,121419,121520,2
2026-04-29 20:10:00,121520,121520,121400,121400,2
2026-04-29 20:15:00,121400,121400,121295,121297,3
2026-04-29 20:20:00,121300,121377,121296,121372,7
2026-04-29 20:25:00,121372,121425,121348,121376,5
2026-04-29 20:30:00,121376,121450,121376,121450,3
2026-04-29 20:35:00,121450,121499,121450,121499,15
2026-04-29 20:40:00,121499,121499,121300,121300,7
2026-04-29 20:45:00,121300,121412,121300,121412,4
2026-04-29 20:50:00,121412,121412,121386,121400,5
2026-04-29 20:55:00,121400,121425,121400,121425,4
2026-04-29 21:00:00,121410,121410,121410,121410,1
2026-04-29 21:05:00,121410,121570,121410,121570,5
2026-04-29 21:10:00,121570,121700,121556,121556,51
2026-04-29 21:15:00,121556,121691,121556,121609,11
2026-04-29 21:20:00,121609,121730,121501,121540,46
2026-04-29 21:25:00,121501,121570,121501,121570,6
2026-04-29 21:30:00,121570,121788,121570,121788,43
2026-04-29 21:35:00,121788,121788,121665,121721,6
2026-04-29 21:40:00,121721,121721,121647,121647,5
2026-04-29 21:45:00,121647,121647,121647,121647,0
2026-04-29 21:50:00,121647,121788,121647,121788,33
2026-04-29 21:55:00,121790,121809,121735,121767,16
2026-04-29 22:00:00,121709,121709,121503,121503,11
2026-04-29 22:05:00,121503,121549,121444,121444,13
2026-04-29 22:10:00,121520,121612,121520,121612,6
2026-04-29 22:15:00,121612,121612,121525,121525,2
2026-04-29 22:20:00,121525,121525,121446,121455,12
2026-04-29 22:25:00,121455,121470,121455,121470,2
2026-04-29 22:30:00,121470,121470,121372,121372,12
2026-04-29 22:35:00,121372,121479,121372,121479,7
2026-04-29 22:40:00,121479,121619,121479,121516,12
2026-04-29 22:45:00,121590,121590,121510,121510,8
2026-04-29 22:50:00,121510,121595,121510,121595,5
2026-04-29 22:55:00,121595,121595,121595,121595,0
2026-04-29 23:00:00,121595,121595,121520,121520,8
2026-04-29 23:05:00,121501,121531,121500,121500,15
2026-04-29 23:10:00,121500,121500,121441,121443,21
2026-04-29 23:15:00,121443,121539,121443,121539,15
2026-04-29 23:20:00,121539,121634,121539,121554,33
2026-04-29 23:25:00,121554,121750,121510,121748,75
2026-04-30 09:00:00,121845,122160,121720,121720,38
2026-04-30 09:05:00,121720,121849,121720,121849,25
2026-04-30 09:10:00,121849,121849,121746,121824,14
2026-04-30 09:15:00,121824,121851,121777,121850,17
2026-04-30 09:20:00,121850,121850,121698,121698,12
2026-04-30 09:25:00,121698,121698,121676,121676,2
2026-04-30 09:30:00,121676,121723,121591,121591,15
2026-04-30 09:35:00,121595,121620,121595,121609,13
2026-04-30 09:40:00,121609,121653,121609,121653,6
2026-04-30 09:45:00,121653,121708,121636,121650,19
2026-04-30 09:50:00,121650,121693,121605,121605,21
2026-04-30 09:55:00,121605,121605,121605,121605,18
2026-04-30 10:00:00,121605,121698,121500,121560,20
2026-04-30 10:05:00,121500,121510,121455,121504,9
2026-04-30 10:10:00,121504,121530,121460,121530,8
2026-04-30 10:15:00,121530,121605,121530,121605,19
2026-04-30 10:20:00,121605,121669,121589,121589,26
2026-04-30 10:25:00,121589,121666,121586,121586,4
2026-04-30 10:30:00,121586,121586,121586,121586,0
2026-04-30 10:35:00,121586,121849,121586,121849,8
2026-04-30 10:40:00,121849,121849,121770,121799,6
2026-04-30 10:45:00,121799,121799,121713,121799,15
2026-04-30 10:50:00,121799,121865,121734,121865,5
2026-04-30 10:55:00,121890,121890,121887,121887,9
2026-04-30 11:00:00,121887,122062,121880,122054,73
2026-04-30 11:05:00,122054,122150,122041,122145,35
2026-04-30 11:10:00,122145,122181,122115,122126,21
2026-04-30 11:15:00,122126,122190,122126,122150,14
2026-04-30 11:20:00,122150,122292,122150,122179,36
2026-04-30 11:25:00,122187,122200,122079,122079,13
2026-04-30 11:30:00,122079,122176,122079,122174,6
2026-04-30 11:35:00,122174,122265,122174,122224,18
2026-04-30 11:40:00,122226,122226,122137,122137,9
2026-04-30 11:45:00,122137,122297,122137,122297,7
2026-04-30 11:50:00,122297,122306,122232,122288,24
2026-04-30 11:55:00,122288,122350,122268,122296,17
2026-04-30 12:00:00,122296,122450,122296,122411,14
2026-04-30 12:05:00,122422,122499,122389,122415,30
2026-04-30 12:10:00,122414,122414,122370,122374,7
2026-04-30 12:15:00,122374,122539,122374,122516,42
2026-04-30 12:20:00,122516,122650,122501,122625,27
2026-04-30 12:25:00,122625,122758,122625,122718,55
2026-04-30 12:30:00,122718,122838,122670,122756,31
2026-04-30 12:35:00,122756,122787,122730,122787,21
2026-04-30 12:40:00,122787,122801,122687,122687,26
2026-04-30 12:45:00,122687,122697,122550,122565,15
2026-04-30 12:50:00,122565,122567,122545,122553,12
2026-04-30 12:55:00,122553,122650,122553,122631,13
2026-04-30 13:00:00,122631,122710,122611,122611,13
2026-04-30 13:05:00,122611,122709,122611,122667,10
2026-04-30 13:10:00,122667,122734,122667,122734,15
2026-04-30 13:15:00,122734,122820,122671,122820,27
2026-04-30 13:20:00,122821,122821,122778,122778,12
2026-04-30 13:25:00,122778,122819,122778,122778,11
2026-04-30 13:30:00,122778,123200,122778,123200,83
2026-04-30 13:35:00,123200,123278,123050,123125,75
2026-04-30 13:40:00,123125,123199,123099,123157,19
2026-04-30 13:45:00,123180,123222,123155,123155,33
2026-04-30 13:50:00,123080,123080,123001,123020,19
2026-04-30 13:55:00,123020,123222,123020,123208,19
2026-04-30 14:00:00,123208,123270,123208,123246,22
2026-04-30 14:05:00,123246,123246,123043,123102,51
2026-04-30 14:10:00,123102,123102,122960,122960,23
2026-04-30 14:15:00,122960,123056,122950,123056,17
2026-04-30 14:20:00,123056,123094,123042,123042,6
2026-04-30 14:25:00,123042,123042,123042,123042,3
2026-04-30 14:30:00,123042,123081,122991,123010,8
2026-04-30 14:35:00,123010,123050,123010,123032,13
2026-04-30 14:40:00,123032,123052,122970,122977,18
2026-04-30 14:45:00,122977,123013,122977,123013,6
2026-04-30 14:50:00,123013,123013,122881,122958,25
2026-04-30 14:55:00,122958,123130,122949,123121,59
2026-04-30 15:00:00,123121,123235,123071,123080,68
2026-04-30 15:05:00,123080,123096,122977,123080,83
2026-04-30 15:10:00,123080,123089,123080,123083,2
2026-04-30 15:15:00,123083,123083,122977,123039,2
2026-04-30 15:20:00,123039,123039,122985,123031,9
2026-04-30 15:25:00,123031,123066,123031,123049,6
2026-04-30 15:30:00,123049,123088,123049,123088,1
2026-04-30 15:35:00,123088,123130,123085,123092,10
2026-04-30 15:40:00,123092,123134,123083,123134,6
2026-04-30 15:45:00,123134,123183,123134,123183,16
2026-04-30 15:50:00,123183,123183,123183,123183,43
2026-04-30 15:55:00,123183,123273,123183,123273,24
2026-04-30 16:00:00,123273,123300,123225,123225,28
2026-04-30 16:05:00,123225,123225,123111,123170,24
2026-04-30 16:10:00,123170,123190,123159,123159,8
2026-04-30 16:15:00,123159,123210,123159,123210,1
2026-04-30 16:20:00,123210,123210,123190,123199,2
2026-04-30 16:25:00,123199,123238,123113,123238,9
2026-04-30 16:30:00,123240,123300,123240,123280,19
2026-04-30 16:35:00,123280,123405,123280,123352,38
2026-04-30 16:40:00,123352,123439,123328,123328,12
2026-04-30 16:45:00,123328,123328,123278,123278,2
2026-04-30 16:50:00,123278,123322,123278,123322,6
2026-04-30 16:55:00,123322,123322,123193,123200,17
2026-04-30 17:00:00,123200,123200,123000,123001,36
2026-04-30 17:05:00,123001,123109,123001,123109,3
2026-04-30 17:10:00,123109,123109,122941,122967,58
2026-04-30 17:15:00,123073,123174,123038,123133,9
2026-04-30 17:20:00,123133,123133,123026,123026,2
2026-04-30 17:25:00,123026,123026,123021,123021,1
2026-04-30 17:30:00,123125,123168,123125,123167,7
2026-04-30 17:35:00,123167,123199,123148,123148,11
2026-04-30 17:40:00,123148,123174,123148,123151,2
2026-04-30 17:45:00,123100,123140,123076,123114,5
2026-04-30 17:50:00,123114,123241,123114,123139,19
2026-04-30 17:55:00,123139,123139,123135,123135,1
2026-04-30 18:00:00,123135,123228,123135,123178,13
2026-04-30 18:05:00,123178,123178,123092,123137,11
2026-04-30 18:10:00,123137,123156,123062,123062,12
2026-04-30 18:15:00,123062,123078,123009,123078,9
2026-04-30 18:20:00,123078,123102,123021,123102,3
2026-04-30 18:25:00,123102,123258,123102,123258,6
2026-04-30 18:30:00,123258,123315,123258,123307,21
2026-04-30 18:35:00,123307,123307,123211,123260,18
2026-04-30 18:40:00,123260,123271,123235,123271,3
2026-04-30 18:45:00,123271,123330,123236,123236,8
2026-04-30 18:50:00,123236,123236,123236,123236,2
2026-04-30 18:55:00,123236,123236,123210,123210,3
2026-04-30 19:00:00,123210,123210,123107,123107,6
2026-04-30 19:05:00,123107,123110,123041,123041,31
2026-04-30 19:10:00,123050,123050,122971,123000,18
2026-04-30 19:15:00,123008,123008,122821,122876,43
2026-04-30 19:20:00,122876,122911,122713,122812,135
2026-04-30 19:25:00,122812,122853,122741,122817,50
2026-04-30 19:30:00,122817,122991,122770,122991,13
2026-04-30 19:35:00,122991,123125,122901,122943,91
2026-04-30 19:40:00,122943,122943,122817,122862,8
2026-04-30 19:45:00,122888,122990,122888,122990,10
2026-04-30 19:50:00,122990,123008,122940,123000,7
2026-04-30 19:55:00,123000,123043,122968,122968,45
2026-04-30 20:00:00,122968,122968,122797,122805,6
2026-04-30 20:05:00,122805,122807,122770,122783,7
2026-04-30 20:10:00,122848,122950,122828,122929,10
2026-04-30 20:15:00,122929,122942,122872,122872,11
2026-04-30 20:20:00,122872,122887,122872,122887,2
2026-04-30 20:25:00,122887,122887,122856,122856,2
2026-04-30 20:30:00,122856,122963,122782,122782,6
2026-04-30 20:35:00,122782,122782,122750,122782,5
2026-04-30 20:40:00,122892,122892,122852,122852,9
2026-04-30 20:45:00,122852,122939,122852,122900,5
2026-04-30 20:50:00,122900,122900,122898,122898,1
2026-04-30 20:55:00,122950,123072,122950,123032,11
2026-04-30 21:00:00,123032,123082,123027,123064,41
2026-04-30 21:05:00,123009,123009,123009,123009,2
2026-04-30 21:10:00,123009,123009,122700,122837,45
2026-04-30 21:15:00,122837,122858,122813,122851,4
2026-04-30 21:20:00,122851,122914,122851,122885,5
2026-04-30 21:25:00,122950,122960,122950,122960,3
2026-04-30 21:30:00,122960,122960,122835,122835,2
2026-04-30 21:35:00,122835,122864,122835,122864,1
2026-04-30 21:40:00,122813,122813,122800,122800,2
2026-04-30 21:45:00,122800,122800,122711,122711,20
2026-04-30 21:50:00,122769,122769,122769,122769,5
2026-04-30 21:55:00,122769,122842,122718,122718,8
2026-04-30 22:00:00,122768,122883,122736,122883,12
2026-04-30 22:05:00,122883,122883,122783,122785,4
2026-04-30 22:10:00,122785,122799,122766,122792,7
2026-04-30 22:15:00,122839,122923,122839,122923,5
2026-04-30 22:20:00,122884,122951,122884,122912,6
2026-04-30 22:25:00,122912,122912,122790,122796,5
2026-04-30 22:30:00,122796,122945,122796,122942,22
2026-04-30 22:35:00,122942,122942,122843,122843,6
2026-04-30 22:40:00,122843,122951,122843,122936,7
2026-04-30 22:45:00,122936,122936,122850,122878,5
2026-04-30 22:50:00,122878,122950,122878,122904,23
2026-04-30 22:55:00,122904,122948,122890,122890,9
2026-04-30 23:00:00,122890,122925,122851,122851,15
2026-04-30 23:05:00,122851,122936,122800,122859,25
2026-04-30 23:10:00,122859,122879,122811,122879,32
2026-04-30 23:15:00,122879,122929,122823,122823,15
2026-04-30 23:20:00,122826,122918,122826,122863,22
2026-04-30 23:25:00,122863,122988,122826,122826,37
2026-05-01 17:00:00,121845,123120,121845,122543,105
2026-05-01 17:05:00,122579,122620,122560,122615,45
2026-05-01 17:10:00,122615,122661,122614,122660,42
2026-05-01 17:15:00,122660,122660,122541,122560,52
2026-05-01 17:20:00,122605,122605,122450,122450,56
2026-05-01 17:25:00,122450,122557,122450,122557,6
2026-05-01 17:30:00,122557,122562,122503,122504,17
2026-05-01 17:35:00,122504,122609,122504,122538,8
2026-05-01 17:40:00,122538,122834,122529,122730,28
2026-05-01 17:45:00,122740,122847,122740,122810,43
2026-05-01 17:50:00,122809,123053,122804,123008,69
2026-05-01 17:55:00,123008,123149,122938,122960,52
2026-05-01 18:00:00,122960,122960,122810,122930,36
2026-05-01 18:05:00,122930,122967,122871,122914,20
2026-05-01 18:10:00,122914,122927,122685,122772,25
2026-05-01 18:15:00,122772,122801,122718,122754,18
2026-05-01 18:20:00,122754,122845,122740,122799,29
2026-05-01 18:25:00,122799,122852,122786,122842,22
2026-05-01 18:30:00,122842,122911,122753,122911,9
2026-05-01 18:35:00,122911,122927,122857,122922,13
2026-05-01 18:40:00,122922,122942,122781,122790,20
2026-05-01 18:45:00,122790,122790,122710,122750,6
2026-05-01 18:50:00,122750,122844,122750,122815,5
2026-05-01 18:55:00,122815,122815,122712,122809,11
2026-05-01 19:00:00,122809,123000,122743,122970,21
2026-05-01 19:05:00,122970,123000,122920,122920,25
2026-05-01 19:10:00,122920,122973,122920,122962,17
2026-05-01 19:15:00,122962,122962,122900,122943,5
2026-05-01 19:20:00,122943,123100,122838,123100,52
2026-05-01 19:25:00,123095,123265,123095,123200,81
2026-05-01 19:30:00,123200,123399,123200,123378,110
2026-05-01 19:35:00,123378,123378,123226,123360,70
2026-05-01 19:40:00,123360,123719,123343,123560,112
2026-05-01 19:45:00,123560,123684,123488,123625,49
2026-05-01 19:50:00,123625,123650,123513,123513,51
2026-05-01 19:55:00,123513,123513,123375,123426,55
2026-05-01 20:00:00,123426,123500,123359,123396,27
2026-05-01 20:05:00,123396,123396,123248,123357,28
2026-05-01 20:10:00,123357,123385,123247,123385,24
2026-05-01 20:15:00,123385,123385,123269,123350,16
2026-05-01 20:20:00,123350,123400,123257,123315,14
2026-05-01 20:25:00,123315,123390,123315,123328,15
2026-05-01 20:30:00,123328,123339,123200,123242,38
2026-05-01 20:35:00,123242,123339,123180,123286,28
2026-05-01 20:40:00,123286,123394,123261,123394,10
2026-05-01 20:45:00,123394,123502,123394,123473,22
2026-05-01 20:50:00,123473,123473,123325,123325,17
2026-05-01 20:55:00,123325,123389,123325,123378,13
2026-05-01 21:00:00,123378,123450,123378,123386,9
2026-05-01 21:05:00,123386,123499,123386,123491,11
2026-05-01 21:10:00,123491,123500,123458,123473,22
2026-05-01 21:15:00,123473,123475,123460,123460,8
2026-05-01 21:20:00,123460,123467,123307,123393,14
2026-05-01 21:25:00,123393,123449,123369,123443,13
2026-05-01 21:30:00,123443,123443,123375,123375,4
2026-05-01 21:35:00,123375,123379,123355,123355,11
2026-05-01 21:40:00,123355,123397,123330,123397,9
2026-05-01 21:45:00,123397,123482,123397,123482,7
2026-05-01 21:50:00,123482,123482,123346,123346,12
2026-05-01 21:55:00,123346,123357,123310,123310,13
2026-05-01 22:00:00,123310,123310,123206,123206,15
2026-05-01 22:05:00,123206,123298,123151,123298,18
2026-05-01 22:10:00,123298,123319,123298,123319,2
2026-05-01 22:15:00,123319,123319,123239,123255,16
2026-05-01 22:20:00,123255,123333,123255,123333,10
2026-05-01 22:25:00,123333,123371,123294,123299,16
2026-05-01 22:30:00,123299,123299,123254,123254,2
2026-05-01 22:35:00,123254,123303,123254,123303,3
2026-05-01 22:40:00,123326,123326,123317,123317,5
2026-05-01 22:45:00,123317,123334,123300,123300,10
2026-05-01 22:50:00,123300,123300,123201,123228,10
2026-05-01 22:55:00,123228,123278,123201,123221,30
2026-05-01 23:00:00,123221,123266,123151,123266,19
2026-05-01 23:05:00,123266,123266,123170,123200,12
2026-05-01 23:10:00,123200,123200,123150,123160,22
2026-05-01 23:15:00,123160,123189,123150,123175,17
2026-05-01 23:20:00,123175,123200,123150,123161,38
2026-05-01 23:25:00,123170,123199,123096,123180,56
2026-05-04 09:00:00,122698,123330,122682,123094,71
2026-05-04 09:05:00,123094,123100,123025,123025,26
2026-05-04 09:10:00,123000,123175,122985,123175,43
2026-05-04 09:15:00,123175,123250,123145,123152,20
2026-05-04 09:20:00,123152,123316,123152,123277,10
2026-05-04 09:25:00,123277,123330,123273,123305,9
2026-05-04 09:30:00,123305,123305,123112,123112,11
2026-05-04 09:35:00,123112,123236,123112,123176,4
2026-05-04 09:45:00,123180,123180,123180,123180,3
2026-05-04 09:50:00,123180,123180,123110,123170,6
2026-05-04 09:55:00,123170,123170,123091,123091,7
2026-05-04 10:00:00,123091,123169,123064,123121,10
2026-05-04 10:05:00,123121,123169,123121,123169,1
2026-05-04 10:10:00,123169,123169,123169,123169,0
2026-05-04 10:15:00,123075,123075,122950,123035,21
2026-05-04 10:20:00,123035,123068,122950,123021,42
2026-05-04 10:25:00,123021,123021,122935,122935,32
2026-05-04 10:30:00,122900,122950,122861,122861,15
2026-05-04 10:35:00,122861,122949,122861,122915,3
2026-05-04 10:40:00,122915,122915,122821,122821,17
2026-05-04 10:45:00,122821,123011,122800,123011,43
2026-05-04 10:50:00,123011,123064,123011,123017,21
2026-05-04 10:55:00,123017,123017,122731,122731,54
2026-05-04 11:00:00,122731,122884,122630,122699,102
2026-05-04 11:05:00,122734,122763,122680,122681,25
2026-05-04 11:10:00,122681,122765,122681,122734,6
2026-05-04 11:15:00,122734,122901,122681,122681,45
2026-05-04 11:20:00,122681,122777,122681,122743,5
2026-05-04 11:25:00,122743,122840,122743,122840,21
2026-05-04 11:30:00,122840,122840,122690,122690,23
2026-05-04 11:35:00,122690,122729,122601,122729,27
2026-05-04 11:40:00,122709,122792,122709,122759,9
2026-05-04 11:45:00,122759,122761,122700,122761,5
2026-05-04 11:50:00,122761,122761,122650,122650,11
2026-05-04 11:55:00,122650,122664,122600,122664,23
2026-05-04 12:00:00,122664,122664,122530,122561,34
2026-05-04 12:05:00,122561,122561,122500,122500,33
2026-05-04 12:10:00,122544,122572,122535,122561,35
2026-05-04 12:15:00,122561,122654,122561,122654,12
2026-05-04 12:20:00,122654,122690,122601,122690,25
2026-05-04 12:25:00,122690,122722,122660,122680,8
2026-05-04 12:30:00,122680,122680,122680,122680,0
2026-05-04 12:35:00,122680,122680,122640,122640,1
2026-05-04 12:40:00,122640,122650,122586,122650,10
2026-05-04 12:45:00,122650,122650,122590,122590,4
2026-05-04 12:55:00,122600,122600,122600,122600,2
2026-05-04 13:00:00,122581,122581,122550,122550,13
2026-05-04 13:05:00,122550,122554,122500,122554,26
2026-05-04 13:10:00,122554,122554,122553,122554,13
2026-05-04 13:15:00,122554,122680,122554,122678,5
2026-05-04 13:20:00,122678,122678,122524,122524,13
2026-05-04 13:25:00,122524,122545,122491,122491,4
2026-05-04 13:30:00,122491,122491,122420,122420,15
2026-05-04 13:35:00,122400,122429,122350,122429,19
2026-05-04 13:40:00,122429,122437,122415,122415,10
2026-05-04 13:45:00,122415,122493,122415,122429,7
2026-05-04 13:50:00,122429,122533,122429,122508,12
2026-05-04 13:55:00,122508,122532,122480,122480,12
2026-05-04 14:00:00,122480,122502,122438,122446,32
2026-05-04 14:05:00,122446,122500,122434,122500,15
2026-05-04 14:10:00,122500,122600,122500,122566,7
2026-05-04 14:15:00,122566,122566,122495,122495,4
2026-05-04 14:20:00,122495,122552,122485,122485,18
2026-05-04 14:25:00,122485,122531,122485,122485,10
2026-05-04 14:30:00,122485,122585,122485,122526,11
2026-05-04 14:35:00,122525,122592,122511,122591,13
2026-05-04 14:40:00,122591,122660,122578,122660,6
2026-05-04 14:45:00,122660,122730,122645,122700,42
2026-05-04 14:50:00,122700,122724,122681,122681,8
2026-05-04 14:55:00,122681,122700,122651,122664,8
2026-05-04 15:00:00,122664,122670,122644,122644,6
2026-05-04 15:05:00,122644,122743,122644,122682,10
2026-05-04 15:10:00,122682,122718,122682,122685,7
2026-05-04 15:15:00,122685,122685,122629,122629,8
2026-05-04 15:20:00,122629,122658,122542,122574,8
2026-05-04 15:25:00,122574,122588,122497,122497,15
2026-05-04 15:30:00,122497,122510,122087,122309,97
2026-05-04 15:35:00,122309,122309,122066,122187,78
2026-05-04 15:40:00,122194,122214,122095,122167,153
2026-05-04 15:45:00,122167,122286,122098,122098,50
2026-05-04 15:50:00,122131,122200,121900,121959,206
2026-05-04 15:55:00,121959,122226,121959,122139,35
2026-05-04 16:00:00,122102,122400,122079,122350,74
2026-05-04 16:05:00,122350,122352,122301,122352,24
2026-05-04 16:10:00,122352,122399,122200,122259,35
2026-05-04 16:15:00,122259,122340,122259,122340,4
2026-05-04 16:20:00,122389,122389,122261,122300,16
2026-05-04 16:25:00,122300,122324,122250,122324,5
2026-05-04 16:30:00,122324,122486,122300,122301,24
2026-05-04 16:35:00,122301,122303,122275,122303,8
2026-05-04 16:40:00,122303,122426,122303,122374,4
2026-05-04 16:45:00,122374,122555,122374,122468,35
2026-05-04 16:50:00,122458,122458,122376,122380,12
2026-05-04 16:55:00,122380,122380,122321,122321,3
2026-05-04 17:00:00,122321,122321,122265,122321,21
2026-05-04 17:05:00,122321,122327,122210,122211,21
2026-05-04 17:10:00,122242,122356,122242,122356,5
2026-05-04 17:15:00,122356,122356,122349,122349,4
2026-05-04 17:20:00,122349,122390,122349,122368,13
2026-05-04 17:25:00,122368,122472,122368,122472,19
2026-05-04 17:30:00,122472,122540,122430,122517,10
2026-05-04 17:35:00,122517,122517,122376,122430,28
2026-05-04 17:40:00,122430,122540,122430,122539,6
2026-05-04 17:45:00,122539,122750,122539,122701,60
2026-05-04 17:50:00,122701,122800,122701,122701,23
2026-05-04 17:55:00,122701,122701,122558,122603,31
2026-05-04 18:00:00,122603,122672,122564,122564,12
2026-05-04 18:05:00,122564,122744,122500,122744,15
2026-05-04 18:10:00,122744,122773,122680,122697,18
2026-05-04 18:15:00,122697,122830,122671,122758,27
2026-05-04 18:20:00,122758,122836,122728,122836,22
2026-05-04 18:25:00,122836,122836,122786,122790,17
2026-05-04 18:30:00,122786,122794,122600,122660,44
2026-05-04 18:35:00,122668,122700,122655,122700,17
2026-05-04 18:40:00,122700,122771,122664,122687,9
2026-05-04 18:45:00,122687,122687,122599,122599,3
2026-05-04 18:50:00,122599,122599,122528,122599,13
2026-05-04 18:55:00,122599,122599,122581,122581,2
2026-05-04 19:00:00,122581,122677,122423,122677,33
2026-05-04 19:05:00,122677,122677,122649,122649,9
2026-05-04 19:10:00,122649,122649,122567,122642,19
2026-05-04 19:15:00,122642,122642,122544,122544,7
2026-05-04 19:20:00,122544,122560,122451,122516,8
2026-05-04 19:25:00,122516,122606,122515,122566,6
2026-05-04 19:35:00,122531,122534,122531,122531,6
2026-05-04 19:40:00,122531,122566,122475,122566,7
2026-05-04 19:45:00,122566,122680,122560,122639,13
2026-05-04 19:50:00,122670,122750,122650,122650,36
2026-05-04 19:55:00,122650,122672,122550,122550,10
2026-05-04 20:00:00,122545,122703,122545,122665,7
2026-05-04 20:05:00,122665,122689,122642,122689,5
2026-05-04 20:10:00,122715,122736,122608,122608,11
2026-05-04 20:15:00,122607,122607,122531,122531,4
2026-05-04 20:20:00,122531,122562,122511,122514,5
2026-05-04 20:25:00,122514,122623,122450,122450,6
2026-05-04 20:30:00,122410,122530,122400,122530,7
2026-05-04 20:35:00,122468,122483,122429,122446,11
2026-05-04 20:40:00,122482,122482,122300,122317,48
2026-05-04 20:45:00,122300,122427,122210,122210,45
2026-05-04 20:50:00,122210,122230,122000,122129,131
2026-05-04 20:55:00,122129,122342,122000,122332,63
2026-05-04 21:00:00,122332,122332,122000,122218,39
2026-05-04 21:05:00,122219,122279,122190,122279,14
2026-05-04 21:10:00,122279,122303,122169,122227,8
2026-05-04 21:15:00,122227,122255,122201,122201,6
2026-05-04 21:20:00,122201,122268,122000,122201,60
2026-05-04 21:25:00,122201,122249,122136,122149,21
2026-05-04 21:30:00,122149,122182,122099,122182,30
2026-05-04 21:35:00,122182,122197,121900,121900,108
2026-05-04 21:40:00,121900,122075,121900,121952,38
2026-05-04 21:45:00,121952,122151,121952,122151,17
2026-05-04 21:50:00,122151,122167,122105,122105,12
2026-05-04 21:55:00,122105,122105,121989,121989,14
2026-05-04 22:00:00,122010,122145,122003,122145,37
2026-05-04 22:05:00,122007,122007,122007,122007,5
2026-05-04 22:10:00,122007,122052,121938,122049,19
2026-05-04 22:15:00,122049,122049,121986,121986,6
2026-05-04 22:20:00,122050,122050,121896,121904,73
2026-05-04 22:25:00,121904,122031,121904,122031,3
2026-05-04 22:30:00,122031,122196,122000,122196,11
2026-05-04 22:35:00,122196,122221,122051,122098,13
2026-05-04 22:40:00,122098,122350,122098,122198,47
2026-05-04 22:45:00,122198,122314,122192,122254,9
2026-05-04 22:50:00,122254,122280,122214,122218,26
2026-05-04 22:55:00,122218,122265,122127,122159,26
2026-05-04 23:00:00,122159,122255,122102,122255,17
2026-05-04 23:05:00,122277,122277,122103,122103,18
2026-05-04 23:10:00,122103,122230,122103,122180,16
2026-05-04 23:15:00,122180,122229,122130,122185,25
2026-05-04 23:20:00,122200,122229,122134,122223,51
2026-05-04 23:25:00,122237,122286,122160,122160,29
2026-05-05 09:00:00,122805,122805,122211,122232,53
2026-05-05 09:05:00,122232,122311,122232,122258,9
2026-05-05 09:10:00,122258,122260,122233,122233,7
2026-05-05 09:15:00,122233,122233,122200,122207,12
2026-05-05 09:20:00,122207,122233,122193,122193,14
2026-05-05 09:25:00,122193,122193,122110,122142,19
2026-05-05 09:30:00,122142,122150,122110,122111,24
2026-05-05 09:35:00,122111,122154,122065,122065,35
2026-05-05 09:40:00,122065,122065,121983,122000,31
2026-05-05 09:45:00,122000,122015,121933,121945,25
2026-05-05 09:50:00,121933,122014,121929,122014,11
2026-05-05 09:55:00,122014,122038,122003,122003,7
2026-05-05 10:00:00,122003,122137,122000,122137,10
2026-05-05 10:05:00,122137,122137,122136,122136,1
2026-05-05 10:10:00,122136,122136,122102,122102,5
2026-05-05 10:15:00,122102,122102,122102,122102,1
2026-05-05 10:20:00,122102,122139,122102,122137,7
2026-05-05 10:25:00,122137,122137,122100,122100,10
2026-05-05 10:30:00,122100,122150,122100,122150,1
2026-05-05 10:35:00,122150,122190,122150,122190,3
2026-05-05 10:40:00,122240,122292,122240,122241,18
2026-05-05 10:45:00,122241,122265,122176,122176,20
2026-05-05 10:50:00,122176,122176,122176,122176,0
2026-05-05 10:55:00,122176,122252,122176,122252,9
2026-05-05 11:00:00,122252,122349,122252,122349,7
2026-05-05 11:05:00,122349,122438,122349,122435,28
2026-05-05 11:10:00,122435,122435,122402,122402,8
2026-05-05 11:15:00,122402,122402,122291,122327,5
2026-05-05 11:20:00,122327,122327,122289,122289,6
2026-05-05 11:25:00,122289,122309,122246,122309,7
2026-05-05 11:30:00,122309,122402,122289,122311,24
2026-05-05 11:35:00,122300,122300,122244,122244,7
2026-05-05 11:40:00,122244,122275,122218,122275,7
2026-05-05 11:45:00,122275,122275,122178,122178,3
2026-05-06 11:45:00,123767,123767,123689,123689,2
2026-05-06 11:50:00,123689,123831,123689,123831,39
2026-05-06 11:55:00,123831,123877,123792,123840,34
2026-05-06 12:00:00,123825,123933,123825,123933,77
2026-05-06 12:05:00,123933,123933,123827,123875,21
2026-05-06 12:10:00,123875,123940,123719,123790,71
2026-05-06 12:15:00,123790,123980,123746,123770,54
2026-05-06 12:20:00,123770,123770,123687,123754,26
2026-05-06 12:25:00,123754,123754,123719,123749,2
2026-05-06 12:30:00,123787,123787,123743,123743,21
2026-05-06 12:35:00,123743,123744,123740,123740,4
2026-05-06 12:40:00,123736,123751,123634,123634,20
2026-05-06 12:45:00,123634,123746,123597,123746,15
2026-05-06 12:50:00,123746,123749,123665,123678,14
2026-05-06 12:55:00,123750,123762,123720,123762,6
2026-05-06 13:00:00,123762,123762,123642,123671,10
2026-05-06 13:05:00,123671,123671,123600,123600,13
2026-05-06 13:10:00,123600,123718,123600,123718,2
2026-05-06 13:15:00,123718,123882,123718,123736,55
2026-05-06 13:20:00,123736,123854,123736,123757,12
2026-05-06 13:25:00,123757,123900,123757,123893,30
2026-05-06 13:30:00,123893,123900,123826,123900,24
2026-05-06 13:35:00,123905,123905,123774,123774,28
2026-05-06 13:40:00,123774,123909,123774,123828,10
2026-05-06 13:45:00,123828,123828,123821,123821,1
2026-05-06 13:50:00,123821,123828,123776,123828,5
2026-05-06 13:55:00,123828,123833,123775,123775,13
2026-05-06 14:00:00,123775,123775,123694,123694,7
2026-05-06 14:05:00,123694,123699,123682,123682,3
2026-05-06 14:10:00,123682,123733,123682,123733,4
2026-05-06 14:15:00,123733,123800,123733,123800,7
2026-05-06 14:20:00,123800,123969,123800,123908,54
2026-05-06 14:25:00,123908,123968,123903,123951,21
2026-05-06 14:30:00,123952,124100,123919,123977,78
2026-05-06 14:35:00,123863,123964,123802,123901,21
2026-05-06 14:40:00,123901,123979,123901,123979,6
2026-05-06 14:45:00,123979,124034,123960,124034,9
2026-05-06 14:50:00,124034,124034,123846,123870,38
2026-05-06 14:55:00,123870,123924,123844,123876,18
2026-05-06 15:00:00,123876,123931,123876,123925,15
2026-05-06 15:05:00,123925,123966,123921,123966,21
2026-05-06 15:10:00,123966,124046,123966,123967,14
2026-05-06 15:15:00,123967,124001,123901,124001,5
2026-05-06 15:20:00,124001,124001,123909,123954,15
2026-05-06 15:25:00,123954,124000,123954,124000,19
2026-05-06 15:30:00,124000,124050,124000,124046,18
2026-05-06 15:35:00,124046,124046,123955,123955,12
2026-05-06 15:40:00,123955,123976,123955,123976,4
2026-05-06 15:45:00,123976,124000,123976,123978,7
2026-05-06 15:50:00,123978,124000,123958,124000,4
2026-05-06 15:55:00,124000,124015,123995,124015,19
2026-05-06 16:00:00,124015,124100,124015,124087,39
2026-05-06 16:05:00,124087,124100,124051,124051,8
2026-05-06 16:10:00,124079,124123,124078,124123,29
2026-05-06 16:15:00,124123,124150,124103,124120,16
2026-05-06 16:20:00,124090,124150,124086,124150,27
2026-05-06 16:25:00,124150,124150,124107,124150,34
2026-05-06 16:30:00,124150,124150,124050,124050,16
2026-05-06 16:35:00,124050,124110,124050,124110,4
2026-05-06 16:40:00,124110,124118,124068,124070,36
2026-05-06 16:45:00,124083,124083,124001,124024,46
2026-05-06 16:50:00,124024,124069,124000,124000,39
2026-05-06 16:55:00,124000,124200,123975,123975,87
2026-05-06 17:00:00,123975,124035,123908,124035,26
2026-05-06 17:05:00,124035,124096,124035,124079,8
2026-05-06 17:10:00,124079,124079,123853,123858,43
2026-05-06 17:15:00,123858,123913,123831,123879,23
2026-05-06 17:20:00,123879,123925,123860,123892,14
2026-05-06 17:25:00,123892,123892,123666,123666,45
2026-05-06 17:30:00,123666,123670,123567,123600,72
2026-05-06 17:35:00,123600,123777,123600,123694,18
2026-05-06 17:40:00,123650,123730,123584,123618,45
2026-05-06 17:45:00,123618,123618,123500,123520,87
2026-05-06 17:50:00,123520,123777,123520,123777,28
2026-05-06 17:55:00,123777,123870,123777,123845,19
2026-05-06 18:00:00,123845,123845,123670,123700,34
2026-05-06 18:05:00,123700,123710,123700,123702,4
2026-05-06 18:10:00,123700,123780,123700,123780,4
2026-05-06 18:15:00,123785,123798,123750,123762,8
2026-05-06 18:20:00,123762,123787,123700,123700,9
2026-05-06 18:25:00,123700,123724,123679,123724,7
2026-05-06 18:30:00,123764,123913,123747,123812,28
2026-05-06 18:35:00,123812,123812,123650,123659,15
2026-05-06 18:40:00,123659,123758,123659,123745,9
2026-05-06 18:45:00,123745,123879,123745,123849,34
2026-05-06 18:50:00,123849,123849,123783,123820,9
2026-05-06 18:55:00,123820,123832,123772,123784,59
2026-05-06 19:00:00,123784,123972,123710,123972,24
2026-05-06 19:05:00,123972,124000,123943,123943,28
2026-05-06 19:10:00,123943,123969,123943,123951,3
2026-05-06 19:15:00,123951,123951,123900,123950,5
2026-05-06 19:20:00,123950,124000,123900,123942,22
2026-05-06 19:25:00,123942,124000,123942,123998,14
2026-05-06 19:30:00,123998,124042,123998,124000,35
2026-05-06 19:35:00,124000,124051,123921,124000,27
2026-05-06 19:40:00,124000,124044,123981,124035,17
2026-05-06 19:45:00,124035,124099,124035,124053,8
2026-05-06 19:50:00,124053,124053,123943,123943,10
2026-05-06 19:55:00,123943,123984,123943,123984,5
2026-05-06 20:00:00,123984,123984,123916,123916,12
2026-05-06 20:05:00,123910,123939,123908,123910,7
2026-05-06 20:10:00,123910,124030,123910,123986,5
2026-05-06 20:15:00,123986,124019,123881,123881,7
2026-05-06 20:20:00,123881,123923,123850,123882,23
2026-05-06 20:25:00,123882,123882,123882,123882,6
2026-05-06 20:30:00,123802,123874,123802,123874,8
2026-05-06 20:35:00,123874,123874,123840,123840,23
2026-05-06 20:40:00,123849,123854,123825,123825,27
2026-05-06 20:45:00,123825,123895,123825,123889,17
2026-05-06 20:50:00,123889,123925,123873,123925,20
2026-05-06 20:55:00,123925,123925,123864,123864,18
2026-05-06 21:00:00,123864,123864,123802,123827,12
2026-05-06 21:05:00,123827,123860,123827,123860,2
2026-05-06 21:10:00,123860,123860,123770,123818,23
2026-05-06 21:15:00,123818,123864,123808,123826,6
2026-05-06 21:20:00,123826,123826,123730,123792,25
2026-05-06 21:25:00,123792,123800,123751,123751,10
2026-05-06 21:30:00,123798,123864,123677,123677,115
2026-05-06 21:35:00,123678,123698,123678,123698,13
2026-05-06 21:40:00,123698,123698,123688,123688,4
2026-05-06 21:45:00,123688,123779,123688,123779,8
2026-05-06 21:50:00,123779,123779,123678,123692,22
2026-05-06 21:55:00,123692,123778,123692,123778,4
2026-05-06 22:00:00,123778,123778,123762,123777,12
2026-05-06 22:05:00,123777,123777,123716,123740,5
2026-05-06 22:10:00,123740,123772,123740,123772,3
2026-05-06 22:15:00,123768,123772,123728,123728,23
2026-05-06 22:20:00,123728,123773,123712,123734,6
2026-05-06 22:25:00,123734,123734,123663,123703,7
2026-05-06 22:30:00,123703,123775,123680,123775,7
2026-05-06 22:35:00,123775,123799,123771,123799,7
2026-05-06 22:40:00,123799,123842,123773,123834,16
2026-05-06 22:45:00,123834,123834,123762,123763,7
2026-05-06 22:50:00,123763,123781,123754,123780,4
2026-05-06 22:55:00,123780,123804,123730,123767,5
2026-05-06 23:00:00,123767,123794,123716,123783,16
2026-05-06 23:05:00,123783,123783,123733,123780,12
2026-05-06 23:10:00,123780,123780,123749,123776,15
2026-05-06 23:15:00,123776,123827,123734,123810,14
2026-05-06 23:20:00,123797,123888,123775,123841,46
2026-05-06 23:25:00,123841,123880,123776,123776,28
2026-05-07 09:00:00,124090,124166,124027,124083,76
2026-05-07 09:05:00,124083,124156,124080,124080,61
2026-05-07 09:10:00,124080,124155,124080,124138,36
2026-05-07 09:15:00,124138,124142,124085,124142,42
2026-05-07 09:20:00,124142,124150,124080,124120,27
2026-05-07 09:25:00,124120,124120,124081,124081,2
2026-05-07 09:30:00,124081,124106,124026,124043,39
2026-05-07 09:35:00,124043,124077,124043,124051,7
2026-05-07 09:40:00,124043,124043,124000,124000,17
2026-05-07 09:45:00,124000,124040,123975,124040,5
2026-05-07 09:50:00,124040,124088,124040,124088,9
2026-05-07 09:55:00,124088,124088,124010,124010,7
2026-05-07 10:00:00,123996,123996,123923,123923,7
2026-05-07 10:05:00,123923,123961,123923,123924,6
2026-05-07 10:10:00,124041,124063,124002,124040,13
2026-05-07 10:15:00,124040,124040,123979,124019,2
2026-05-07 10:20:00,124019,124019,124005,124005,3
2026-05-07 10:25:00,124000,124000,123965,123965,7
2026-05-07 10:30:00,123965,124106,123965,124106,9
2026-05-07 10:35:00,124106,124106,123930,123930,43
2026-05-07 10:40:00,124088,124135,124048,124135,16
2026-05-07 10:45:00,124135,124150,124093,124106,8
2026-05-07 10:50:00,124106,124106,124053,124063,10
2026-05-07 10:55:00,124063,124063,123981,124010,9
2026-05-07 11:00:00,124010,124150,124010,124100,25
2026-05-07 11:05:00,124100,124135,124100,124135,3
2026-05-07 11:10:00,124135,124135,124105,124134,12
2026-05-07 11:15:00,124134,124134,124108,124108,5
2026-05-07 11:20:00,124108,124135,124101,124135,10
2026-05-07 11:25:00,124135,124135,124051,124051,12
2026-05-07 11:30:00,124051,124150,124051,124110,13
2026-05-07 11:35:00,124110,124200,124110,124194,13
2026-05-07 11:40:00,124194,124300,124194,124299,25
2026-05-07 11:45:00,124299,124299,124216,124239,17
2026-05-07 11:50:00,124239,124287,124231,124287,3
2026-05-07 11:55:00,124287,124287,124255,124266,16
2026-05-07 12:00:00,124278,124473,124278,124460,56
2026-05-07 12:05:00,124460,124599,124460,124576,101
2026-05-07 12:10:00,124576,124778,124502,124640,97
2026-05-07 12:15:00,124640,124695,124515,124548,100
2026-05-07 12:20:00,124548,124555,124480,124510,34
2026-05-07 12:25:00,124510,124596,124495,124551,17
2026-05-07 12:30:00,124551,124600,124308,124371,39
2026-05-07 12:35:00,124371,124571,124370,124473,35
2026-05-07 12:40:00,124473,124699,124473,124550,72
2026-05-07 12:45:00,124550,124590,124434,124478,68
2026-05-07 12:50:00,124478,124522,124400,124400,10
2026-05-07 12:55:00,124400,124464,124400,124438,23
2026-05-07 13:00:00,124438,124491,124438,124470,5
2026-05-07 13:05:00,124470,124470,124355,124355,22
2026-05-07 13:10:00,124355,124475,124355,124475,12
2026-05-07 13:15:00,124475,124499,124409,124409,10
2026-05-07 13:20:00,124409,124501,124409,124493,16
2026-05-07 13:25:00,124493,124522,124416,124467,43
2026-05-07 13:30:00,124467,124625,124467,124625,21
2026-05-07 13:35:00,124625,124630,124494,124551,33
2026-05-07 13:40:00,124551,124551,124502,124509,15
2026-05-07 13:45:00,124509,124509,124408,124408,11
2026-05-07 13:50:00,124408,124470,124375,124417,24
2026-05-07 13:55:00,124417,124417,124270,124369,40
2026-05-07 14:00:00,124369,124369,124271,124337,8
2026-05-07 14:05:00,124337,124337,124258,124315,18
2026-05-07 14:10:00,124315,124353,124261,124353,8
2026-05-07 14:15:00,124353,124353,124260,124260,17
2026-05-07 14:20:00,124260,124270,124238,124270,9
2026-05-07 14:25:00,124270,124270,124238,124238,1
2026-05-07 14:30:00,124238,124238,124080,124118,53
2026-05-07 14:35:00,124118,124300,124118,124300,11
2026-05-07 14:40:00,124338,124389,124336,124336,14
2026-05-07 14:45:00,124336,124386,124336,124386,10
2026-05-07 14:50:00,124386,124386,124386,124386,0
2026-05-07 14:55:00,124386,124433,124386,124433,18
2026-05-07 15:00:00,124433,124433,124333,124378,22
2026-05-07 15:05:00,124378,124475,124378,124450,14
2026-05-07 15:10:00,124450,124490,124450,124486,10
2026-05-07 15:15:00,124486,124530,124446,124446,14
2026-05-07 15:20:00,124446,124457,124388,124388,13
2026-05-07 15:25:00,124388,124424,124246,124298,11
2026-05-07 15:30:00,124298,124400,124250,124400,22
2026-05-07 15:35:00,124380,124380,124380,124380,2
2026-05-07 15:40:00,124380,124423,124380,124423,7
2026-05-07 15:45:00,124423,124423,124377,124377,3
2026-05-07 15:50:00,124377,124377,124278,124278,16
2026-05-07 15:55:00,124278,124367,124278,124367,11
2026-05-07 16:00:00,124367,124367,124300,124321,4
2026-05-07 16:05:00,124321,124362,124321,124362,7
2026-05-07 16:10:00,124362,124424,124362,124424,6
2026-05-07 16:15:00,124424,124424,124349,124349,8
2026-05-07 16:20:00,124349,124397,124349,124397,7
2026-05-07 16:25:00,124397,124397,124313,124354,19
2026-05-07 16:30:00,124354,124354,124302,124302,1
2026-05-07 16:35:00,124302,124355,124302,124342,3
2026-05-07 16:40:00,124342,124347,124310,124310,6
2026-05-07 16:45:00,124310,124342,124271,124342,5
2026-05-07 16:50:00,124342,124400,124312,124400,13
2026-05-07 16:55:00,124400,124422,124400,124405,12
2026-05-07 17:00:00,124405,124421,124338,124420,15
2026-05-07 17:05:00,124420,124430,124420,124430,3
2026-05-07 17:15:00,124385,124434,124385,124434,7
2026-05-07 17:20:00,124434,124434,124361,124381,8
2026-05-07 17:25:00,124381,124528,124381,124528,25
2026-05-07 17:30:00,124528,124530,124459,124459,8
2026-05-07 17:35:00,124459,124528,124459,124481,12
2026-05-07 17:40:00,124481,124550,124481,124550,13
2026-05-07 17:45:00,124550,124595,124537,124595,16
2026-05-07 17:50:00,124595,124595,124441,124460,24
2026-05-07 17:55:00,124460,124569,124460,124520,10
2026-05-07 18:00:00,124520,124642,124503,124585,32
2026-05-07 18:05:00,124585,124599,124520,124523,27
2026-05-07 18:10:00,124523,124577,124523,124550,10
2026-05-07 18:15:00,124550,124550,124550,124550,7
2026-05-07 18:20:00,124550,124550,124500,124500,11
2026-05-07 18:25:00,124500,124500,124500,124500,5
2026-05-07 18:30:00,124500,124500,124333,124333,29
2026-05-07 18:35:00,124333,124414,124333,124373,14
2026-05-07 18:40:00,124373,124443,124315,124315,10
2026-05-07 18:45:00,124315,124457,124306,124457,15
2026-05-07 18:50:00,124457,124498,124415,124457,10
2026-05-07 18:55:00,124457,124457,124457,124457,0
2026-05-07 19:00:00,124457,124652,124457,124652,32
2026-05-07 19:05:00,124652,124652,124481,124487,23
2026-05-07 19:10:00,124487,124566,124487,124566,9
2026-05-07 19:15:00,124566,124566,124310,124399,96
2026-05-07 19:20:00,124399,124449,124396,124420,35
2026-05-07 19:25:00,124420,124500,124420,124446,17
2026-05-07 19:30:00,124446,124446,124408,124408,7
2026-05-07 19:35:00,124480,124530,124449,124530,9
2026-05-07 19:40:00,124530,124530,124449,124507,21
2026-05-07 19:45:00,124507,124569,124443,124569,20
2026-05-07 19:50:00,124569,124600,124569,124600,5
2026-05-07 19:55:00,124544,124600,124531,124550,9
2026-05-07 20:00:00,124550,124550,124460,124460,13
2026-05-07 20:05:00,124460,124546,124458,124500,19
2026-05-07 20:10:00,124500,124558,124500,124534,3
2026-05-07 20:15:00,124520,124570,124520,124540,14
2026-05-07 20:20:00,124542,124609,124541,124541,9
2026-05-07 20:25:00,124541,124658,124541,124611,23
2026-05-07 20:30:00,124611,124652,124595,124595,17
2026-05-07 20:35:00,124554,124621,124554,124620,13
2026-05-07 20:40:00,124585,124585,124502,124502,15
2026-05-07 20:45:00,124502,124502,124500,124500,2
2026-05-07 20:50:00,124500,124557,124500,124500,19
2026-05-07 20:55:00,124500,124500,124289,124314,55
2026-05-07 21:00:00,124314,124485,124314,124485,13
2026-05-07 21:05:00,124485,124485,124364,124364,8
2026-05-07 21:10:00,124364,124364,124349,124349,2
2026-05-07 21:15:00,124349,124349,124317,124317,12
2026-05-07 21:20:00,124317,124373,124246,124246,38
2026-05-07 21:25:00,124246,124300,124210,124210,36
2026-05-07 21:30:00,124210,124259,124200,124259,25
2026-05-07 21:35:00,124259,124259,124101,124101,59
2026-05-07 21:40:00,124101,124125,124036,124077,26
2026-05-07 21:45:00,124077,124077,123928,123928,75
2026-05-07 21:50:00,123928,124227,123928,124162,34
2026-05-07 21:55:00,124162,124298,124157,124157,32
2026-05-07 22:00:00,124157,124224,124126,124197,22
2026-05-07 22:05:00,124197,124197,124107,124107,9
2026-05-07 22:10:00,124107,124107,124071,124100,9
2026-05-07 22:15:00,124100,124124,124079,124124,7
2026-05-07 22:20:00,124124,124159,124120,124120,11
2026-05-07 22:25:00,124165,124181,124120,124120,21
2026-05-07 22:30:00,124120,124166,124120,124124,12
2026-05-07 22:35:00,124124,124199,124124,124190,20
2026-05-07 22:40:00,124190,124190,124100,124100,13
2026-05-07 22:45:00,124100,124108,124000,124046,29
2026-05-07 22:50:00,124046,124158,124000,124126,22
2026-05-07 22:55:00,124092,124092,123866,124042,96
2026-05-07 23:00:00,124042,124042,123850,123900,45
2026-05-07 23:05:00,123900,124080,123851,124080,30
2026-05-07 23:10:00,124080,124100,123949,123949,17
2026-05-07 23:15:00,123949,124150,123941,124035,210
2026-05-07 23:20:00,124095,124095,123958,123996,21
2026-05-07 23:25:00,123996,124199,123996,124195,31
2026-05-08 09:00:00,124136,124403,123512,124403,84
2026-05-08 09:05:00,124440,124517,124326,124350,44
2026-05-08 09:10:00,124350,124379,124300,124300,14
2026-05-08 09:15:00,124316,124350,124268,124268,21
2026-05-08 09:20:00,124268,124279,124247,124247,28
2026-05-08 09:25:00,124247,124282,124209,124235,11
2026-05-08 09:30:00,124235,124366,124235,124325,17
2026-05-08 09:35:00,124292,124292,124270,124270,15
2026-05-08 09:40:00,124270,124292,124225,124225,4
2026-05-08 09:45:00,124225,124225,124199,124225,43
2026-05-08 09:50:00,124225,124271,124202,124267,18
2026-05-08 09:55:00,124267,124267,124206,124255,6
2026-05-08 10:00:00,124255,124255,124175,124175,8
2026-05-08 10:05:00,124175,124175,124090,124090,25
2026-05-08 10:10:00,124090,124108,124019,124050,23
2026-05-08 10:15:00,124050,124125,124050,124125,14
2026-05-08 10:20:00,124125,124132,124120,124120,5
2026-05-08 10:25:00,124180,124180,124106,124117,7
2026-05-08 10:30:00,124117,124117,124117,124117,0
2026-05-08 10:35:00,124117,124133,124117,124133,1
2026-05-08 10:40:00,124133,124208,124133,124208,5
2026-05-08 10:45:00,124208,124230,124150,124230,6
2026-05-08 10:50:00,124230,124250,124212,124250,6
2026-05-08 10:55:00,124250,124292,124213,124292,28
2026-05-08 11:00:00,124292,124419,124292,124391,24
2026-05-08 11:05:00,124391,124391,124300,124300,6
2026-05-08 11:10:00,124305,124398,124305,124385,5
2026-05-08 11:15:00,124385,124447,124379,124414,18
2026-05-08 11:20:00,124442,124449,124359,124377,18
2026-05-08 11:25:00,124415,124455,124415,124455,16
2026-05-08 11:30:00,124455,124455,124172,124439,26
2026-05-08 11:35:00,124382,124405,124340,124390,9
2026-05-08 11:40:00,124390,124390,124343,124363,2
2026-05-08 11:45:00,124363,124419,124345,124419,7
2026-05-08 11:50:00,124419,124427,124344,124344,4
2026-05-08 11:55:00,124344,124396,124344,124377,9
2026-05-08 12:00:00,124377,124420,124355,124357,8
2026-05-08 12:05:00,124357,124366,124336,124336,7
2026-05-08 12:10:00,124336,124398,124336,124365,8
2026-05-08 12:15:00,124365,124365,124271,124276,8
2026-05-08 12:20:00,124276,124337,124276,124299,5
2026-05-08 12:25:00,124299,124299,124281,124281,2
2026-05-08 12:30:00,124281,124281,124212,124212,11
2026-05-08 12:35:00,124212,124285,124212,124262,4
2026-05-08 12:40:00,124262,124262,124166,124215,13
2026-05-08 12:45:00,124215,124215,124170,124170,1
2026-05-08 12:50:00,124170,124200,124110,124110,21
2026-05-08 12:55:00,124110,124218,124050,124120,45
2026-05-08 13:00:00,124120,124165,124105,124165,9
2026-05-08 13:05:00,124204,124215,124171,124171,10
2026-05-08 13:10:00,124171,124180,124169,124180,6
2026-05-08 13:15:00,124180,124180,124180,124180,0
2026-05-08 13:20:00,124180,124180,124180,124180,1
2026-05-08 13:25:00,124180,124180,124106,124124,6
2026-05-08 13:30:00,124124,124200,124124,124200,5
2026-05-08 13:35:00,124200,124200,124043,124150,30
2026-05-08 13:40:00,124150,124239,124150,124230,26
2026-05-08 13:45:00,124275,124354,124275,124301,24
2026-05-08 13:50:00,124301,124400,124301,124400,9
2026-05-08 13:55:00,124400,124400,124328,124328,12
2026-05-08 14:00:00,124328,124328,124328,124328,0
2026-05-08 14:05:00,124328,124328,124310,124328,6
2026-05-08 14:10:00,124328,124328,124225,124284,3
2026-05-08 14:15:00,124284,124284,124206,124212,12
2026-05-08 14:20:00,124212,124215,124194,124194,11
2026-05-08 14:25:00,124194,124194,124176,124176,4
2026-05-08 14:30:00,124176,124272,124176,124272,2
2026-05-08 14:35:00,124272,124272,124205,124205,1
2026-05-08 14:40:00,124205,124211,124181,124181,5
2026-05-08 14:50:00,124260,124260,124260,124260,2
2026-05-08 14:55:00,124260,124284,124260,124284,3
2026-05-08 15:00:00,124284,124284,124183,124183,5
2026-05-08 15:05:00,124183,124220,124182,124182,6
2026-05-08 15:10:00,124182,124299,124182,124275,21
2026-05-08 15:15:00,124275,124275,124181,124181,16
2026-05-08 15:20:00,124181,124181,124161,124161,4
2026-05-08 15:25:00,124161,124161,124161,124161,0
2026-05-08 15:30:00,124161,124292,124161,124284,11
2026-05-08 15:40:00,124224,124250,124224,124250,5
2026-05-08 15:45:00,124250,124299,124250,124299,4
2026-05-08 15:50:00,124299,124299,124299,124299,2
2026-05-08 15:55:00,124299,124299,124299,124299,1
2026-05-08 16:00:00,124299,124323,124299,124299,13
2026-05-08 16:05:00,124300,124350,124300,124350,11
2026-05-08 16:10:00,124350,124350,124350,124350,5
2026-05-08 16:15:00,124350,124385,124350,124350,7
2026-05-08 16:20:00,124350,124365,124350,124365,10
2026-05-08 16:25:00,124365,124365,124265,124312,7
2026-05-08 16:30:00,124312,124312,124312,124312,0
2026-05-08 16:35:00,124312,124396,124312,124396,7
2026-05-08 16:40:00,124396,124396,124340,124340,1
2026-05-08 16:45:00,124340,124340,124340,124340,3
2026-05-08 16:50:00,124340,124340,124290,124304,5
2026-05-08 16:55:00,124304,124331,124304,124331,2
2026-05-08 17:00:00,124331,124400,124300,124317,18
2026-05-08 17:05:00,124317,124349,124317,124349,2
2026-05-08 17:10:00,124349,124350,124320,124320,7
2026-05-08 17:15:00,124320,124320,124251,124286,44
2026-05-08 17:20:00,124286,124289,124250,124289,19
2026-05-08 17:25:00,124289,124338,124289,124305,38
2026-05-08 17:30:00,124305,124323,124261,124261,19
2026-05-08 17:35:00,124261,124261,124212,124212,28
2026-05-08 17:40:00,124212,124220,124174,124174,15
2026-05-08 17:45:00,124174,124174,124161,124161,4
2026-05-08 17:50:00,124161,124190,124150,124150,24
2026-05-08 17:55:00,124150,124286,124150,124249,6
2026-05-08 18:00:00,124249,124415,124249,124406,56
2026-05-08 18:05:00,124406,124495,124399,124458,95
2026-05-08 18:10:00,124458,124492,124381,124490,64
2026-05-08 18:15:00,124490,124490,124347,124388,21
2026-05-08 18:20:00,124388,124490,124388,124434,9
2026-05-08 18:25:00,124434,124458,124368,124368,17
2026-05-08 18:30:00,124368,124460,124328,124374,15
2026-05-08 18:35:00,124374,124389,124355,124355,12
2026-05-08 18:40:00,124355,124355,124287,124287,15
2026-05-08 18:45:00,124287,124379,124287,124379,18
2026-05-08 18:50:00,124387,124406,124387,124406,10
2026-05-08 18:55:00,124406,124441,124371,124371,7
2026-05-08 19:00:00,124371,124606,124371,124533,162
2026-05-08 19:05:00,124533,124619,124500,124500,40
2026-05-08 19:10:00,124500,124567,124432,124488,41
2026-05-08 19:15:00,124488,124696,124488,124643,91
2026-05-08 19:20:00,124643,124671,124512,124512,36
2026-05-08 19:25:00,124512,124696,124512,124696,112
2026-05-08 19:30:00,124696,124731,124570,124570,40
2026-05-08 19:35:00,124570,124570,124417,124480,29
2026-05-08 19:40:00,124480,124510,124400,124443,53
2026-05-08 19:45:00,124443,124509,124438,124438,5
2026-05-08 19:50:00,124438,124451,124428,124428,2
2026-05-08 19:55:00,124466,124498,124403,124495,17
2026-05-08 20:00:00,124495,124495,124366,124457,48
2026-05-08 20:05:00,124457,124457,124370,124371,5
2026-05-08 20:10:00,124371,124500,124371,124450,37
2026-05-08 20:15:00,124450,124450,124381,124381,2
2026-05-08 20:20:00,124381,124460,124371,124374,13
2026-05-08 20:25:00,124374,124394,124370,124370,10
2026-05-08 20:30:00,124370,124433,124351,124351,10
2026-05-08 20:35:00,124351,124435,124351,124435,1
2026-05-08 20:40:00,124435,124435,124222,124222,24
2026-05-08 20:45:00,124222,124260,124220,124227,27
2026-05-08 20:50:00,124227,124357,124227,124303,10
2026-05-08 20:55:00,124303,124325,124282,124325,3
2026-05-08 21:00:00,124325,124325,124251,124251,4
2026-05-08 21:05:00,124251,124332,124251,124320,16
2026-05-08 21:10:00,124320,124320,124284,124284,6
2026-05-08 21:15:00,124284,124300,124216,124295,19
2026-05-08 21:20:00,124295,124295,124255,124255,4
2026-05-08 21:25:00,124255,124255,124203,124205,3
2026-05-08 21:30:00,124205,124248,124195,124200,22
2026-05-08 21:35:00,124200,124273,124189,124201,16
2026-05-08 21:40:00,124201,124273,124201,124224,7
2026-05-08 21:45:00,124224,124263,124202,124250,4
2026-05-08 21:50:00,124250,124285,124250,124285,1
2026-05-08 21:55:00,124285,124301,124211,124295,17
2026-05-08 22:00:00,124295,124295,124275,124294,6
2026-05-08 22:05:00,124294,124294,124294,124294,0
2026-05-08 22:10:00,124294,124294,124294,124294,0
2026-05-08 22:15:00,124294,124294,124202,124202,6
2026-05-08 22:20:00,124202,124249,124200,124203,7
2026-05-08 22:25:00,124203,124213,124160,124160,34
2026-05-08 22:30:00,124160,124220,124160,124220,1
2026-05-08 22:35:00,124220,124220,124180,124180,4
2026-05-08 22:40:00,124180,124214,124180,124214,3
2026-05-08 22:45:00,124214,124215,124214,124215,3
2026-05-08 22:50:00,124215,124249,124215,124249,1
2026-05-08 22:55:00,124249,124280,124236,124280,9
2026-05-08 23:00:00,124280,124290,124227,124282,16
2026-05-08 23:05:00,124282,124282,124242,124242,1
2026-05-08 23:10:00,124242,124290,124242,124290,11
2026-05-08 23:15:00,124290,124300,124231,124260,21
2026-05-08 23:20:00,124268,124300,124254,124300,16
2026-05-08 23:25:00,124296,124333,124216,124326,33
2026-05-11 09:00:00,124133,124133,123727,123940,90
2026-05-11 09:05:00,123940,123960,123750,123758,78
2026-05-11 09:10:00,123800,123847,123755,123835,48
2026-05-11 09:15:00,123835,123835,123755,123755,48
2026-05-11 09:20:00,123755,123787,123700,123719,49
2026-05-11 09:25:00,123719,123730,123700,123700,31
2026-05-11 09:30:00,123700,123732,123628,123650,42
2026-05-11 09:35:00,123653,123733,123650,123677,56
2026-05-11 09:40:00,123677,123698,123612,123617,25
2026-05-11 09:45:00,123617,123685,123617,123620,16
2026-05-11 09:50:00,123620,123650,123586,123631,16
2026-05-11 09:55:00,123631,123687,123631,123687,24
2026-05-11 10:00:00,123687,123700,123601,123700,31
2026-05-11 10:05:00,123700,123700,123602,123675,5
2026-05-11 10:10:00,123675,123750,123675,123748,71
2026-05-11 10:15:00,123700,123748,123700,123733,16
2026-05-11 10:20:00,123733,123750,123725,123725,21
2026-05-11 10:25:00,123725,123725,123653,123653,11
2026-05-11 10:30:00,123653,123750,123653,123750,32
2026-05-11 10:35:00,123750,123819,123716,123748,48
2026-05-11 10:40:00,123748,123748,123691,123728,5
2026-05-11 10:45:00,123728,123728,123650,123681,34
2026-05-11 10:50:00,123681,123687,123680,123687,5
2026-05-11 10:55:00,123687,123687,123650,123673,3
2026-05-11 11:00:00,123673,123750,123673,123750,19
2026-05-11 11:05:00,123750,123773,123743,123773,18
2026-05-11 11:10:00,123773,123773,123601,123601,24
2026-05-11 11:15:00,123601,123601,123549,123600,37
2026-05-11 11:20:00,123600,123600,123505,123505,45
2026-05-11 11:25:00,123505,123505,123412,123486,54
2026-05-11 11:30:00,123486,123538,123415,123538,39
2026-05-11 11:35:00,123538,123597,123515,123597,36
2026-05-11 11:40:00,123597,123597,123545,123569,27
2026-05-11 11:45:00,123569,123673,123569,123673,22
2026-05-11 11:50:00,123673,123706,123600,123625,8
2026-05-11 11:55:00,123630,123630,123600,123600,13
2026-05-11 12:00:00,123600,123664,123600,123664,14
2026-05-11 12:05:00,123664,123699,123657,123699,11
2026-05-11 12:10:00,123699,123699,123669,123690,5
2026-05-11 12:15:00,123700,123781,123700,123776,17
2026-05-11 12:20:00,123776,123810,123742,123810,13
2026-05-11 12:25:00,123810,123810,123785,123800,7
2026-05-11 12:30:00,123800,123800,123776,123776,9
2026-05-11 12:35:00,123776,123776,123727,123743,6
2026-05-11 12:40:00,123743,123760,123743,123760,12
2026-05-11 12:45:00,123760,123765,123760,123765,11
2026-05-11 12:50:00,123765,123832,123765,123832,9
2026-05-11 12:55:00,123832,123900,123825,123875,25
2026-05-11 13:00:00,123875,123900,123825,123825,18
2026-05-11 13:05:00,123825,123849,123792,123792,11
2026-05-11 13:10:00,123792,123825,123750,123784,3
2026-05-11 13:15:00,123784,123784,123700,123700,10
2026-05-11 13:20:00,123700,123725,123670,123670,10
2026-05-11 13:25:00,123670,123713,123670,123713,4
2026-05-11 13:30:00,123713,123773,123713,123773,2
2026-05-11 13:35:00,123773,123800,123734,123734,3
2026-05-11 13:40:00,123734,123800,123734,123800,3
2026-05-11 13:45:00,123800,123897,123800,123895,8
2026-05-11 13:50:00,123895,123928,123825,123928,19
2026-05-11 13:55:00,123928,123928,123825,123829,9
2026-05-11 14:00:00,123820,123879,123820,123879,10
2026-05-11 14:05:00,123879,123879,123794,123812,3
2026-05-11 14:10:00,123812,123812,123783,123810,3
2026-05-11 14:15:00,123810,123810,123810,123810,0
2026-05-11 14:20:00,123810,123810,123732,123748,4
2026-05-11 14:25:00,123748,123748,123739,123739,1
2026-05-11 14:30:00,123738,123793,123738,123792,13
2026-05-11 14:35:00,123792,123792,123792,123792,0
2026-05-11 14:40:00,123792,123792,123742,123754,7
2026-05-11 14:45:00,123754,123754,123754,123754,0
2026-05-11 14:50:00,123754,123754,123650,123650,9
2026-05-11 14:55:00,123650,123652,123650,123652,9
2026-05-11 15:00:00,123652,123652,123555,123605,11
2026-05-11 15:05:00,123605,123700,123605,123700,6
2026-05-11 15:10:00,123720,123783,123652,123739,18
2026-05-11 15:15:00,123739,123739,123739,123739,1
2026-05-11 15:20:00,123723,123723,123645,123645,8
2026-05-11 15:25:00,123645,123645,123616,123616,1
2026-05-11 15:30:00,123616,123699,123616,123671,6
2026-05-11 15:35:00,123671,123671,123649,123670,23
2026-05-11 15:40:00,123670,123679,123670,123679,4
2026-05-11 15:45:00,123679,123687,123679,123687,4
2026-05-11 15:50:00,123690,123692,123685,123692,5
2026-05-11 15:55:00,123692,123720,123692,123720,3
2026-05-11 16:00:00,123720,123720,123704,123704,8
2026-05-11 16:05:00,123704,123715,123690,123690,8
2026-05-11 16:10:00,123690,123710,123643,123692,14
2026-05-11 16:15:00,123692,123729,123688,123729,13
2026-05-11 16:20:00,123729,123748,123729,123729,11
2026-05-11 16:25:00,123729,123748,123729,123748,4
2026-05-11 16:30:00,123748,123824,123748,123824,13
2026-05-11 16:35:00,123824,123824,123780,123780,3
2026-05-11 16:40:00,123780,123780,123758,123758,1
2026-05-11 16:45:00,123758,123789,123701,123789,13
2026-05-11 16:50:00,123789,123790,123789,123790,7
2026-05-11 16:55:00,123761,123761,123761,123761,2
2026-05-11 17:00:00,123761,123850,123761,123850,1
2026-05-11 17:05:00,123850,123900,123848,123900,19
2026-05-11 17:10:00,123900,123998,123900,123930,18
2026-05-11 17:15:00,123930,123967,123889,123889,18
2026-05-11 17:20:00,123889,123893,123824,123824,6
2026-05-11 17:25:00,123824,123949,123824,123904,6
2026-05-11 17:30:00,123904,123905,123876,123876,10
2026-05-11 17:35:00,123876,123884,123870,123870,3
2026-05-11 17:40:00,123870,123926,123860,123926,22
2026-05-11 17:45:00,123926,123926,123891,123926,9
2026-05-11 17:50:00,123926,124275,123860,124228,101
2026-05-11 17:55:00,124228,124289,124139,124250,50
2026-05-11 18:00:00,124250,124398,124250,124346,73
2026-05-11 18:05:00,124346,124439,124322,124322,49
2026-05-11 18:10:00,124322,124322,124202,124274,55
2026-05-11 18:15:00,124274,124298,124238,124264,28
2026-05-11 18:20:00,124264,124317,124264,124268,9
2026-05-11 18:25:00,124268,124420,124268,124420,42
2026-05-11 18:30:00,124420,124998,124420,124608,246
2026-05-11 18:35:00,124608,124733,124582,124670,90
2026-05-11 18:40:00,124670,124750,124600,124750,65
2026-05-11 18:45:00,124750,124850,124720,124766,77
2026-05-11 18:50:00,124766,124878,124720,124838,52
2026-05-11 18:55:00,124838,124861,124660,124660,72
2026-05-11 19:00:00,124775,124873,124712,124856,58
2026-05-11 19:05:00,124856,124900,124821,124852,62
2026-05-11 19:10:00,124852,125000,124811,125000,140
2026-05-11 19:15:00,125000,125000,124817,124864,265
2026-05-11 19:20:00,124864,124914,124775,124886,61
2026-05-11 19:25:00,124886,124939,124775,124775,58
2026-05-11 19:30:00,124775,124781,124625,124685,78
2026-05-11 19:35:00,124685,124690,124421,124621,71
2026-05-11 19:40:00,124621,124750,124584,124713,30
2026-05-11 19:45:00,124713,124765,124676,124676,34
2026-05-11 19:50:00,124676,124774,124676,124773,21
2026-05-11 19:55:00,124773,124800,124575,124575,13
2026-05-11 20:00:00,124575,124575,124521,124525,23
2026-05-11 20:05:00,124525,124700,124525,124700,50
2026-05-11 20:10:00,124700,124756,124691,124756,13
2026-05-11 20:15:00,124756,124767,124653,124653,25
2026-05-11 20:20:00,124668,124700,124554,124692,39
2026-05-11 20:25:00,124692,124711,124592,124707,26
2026-05-11 20:30:00,124707,124717,124586,124649,22
2026-05-11 20:35:00,124649,124756,124636,124636,9
2026-05-11 20:40:00,124728,124743,124686,124742,12
2026-05-11 20:45:00,124742,124800,124742,124800,31
2026-05-11 20:50:00,124800,124950,124800,124950,58
2026-05-11 20:55:00,124950,124950,124756,124772,29
2026-05-11 21:00:00,124772,124820,124772,124789,7
2026-05-11 21:05:00,124789,124789,124700,124700,20
2026-05-11 21:10:00,124700,124751,124650,124735,36
2026-05-11 21:15:00,124735,124735,124691,124700,7
2026-05-11 21:20:00,124700,124746,124700,124732,8
2026-05-11 21:25:00,124732,124837,124732,124837,26
2026-05-11 21:30:00,124837,124840,124776,124840,14
2026-05-11 21:35:00,124840,124840,124738,124738,8
2026-05-11 21:40:00,124738,124738,124645,124663,18
2026-05-11 21:45:00,124663,124737,124621,124737,32
2026-05-11 21:50:00,124690,124690,124639,124687,9
2026-05-11 21:55:00,124669,124700,124650,124694,12
2026-05-11 22:00:00,124694,124700,124658,124658,19
2026-05-11 22:05:00,124626,124699,124600,124699,13
2026-05-11 22:10:00,124699,124699,124500,124526,39
2026-05-11 22:15:00,124526,124576,124461,124572,25
2026-05-11 22:20:00,124572,124572,124512,124557,10
2026-05-11 22:25:00,124557,124557,124470,124544,25
2026-05-11 22:30:00,124550,124625,124550,124620,23
2026-05-11 22:35:00,124620,124620,124586,124620,16
2026-05-11 22:40:00,124620,124625,124619,124625,4
2026-05-11 22:45:00,124680,124680,124615,124660,8
2026-05-11 22:50:00,124660,124660,124650,124650,8
2026-05-11 22:55:00,124613,124690,124613,124690,21
2026-05-11 23:00:00,124690,124690,124607,124618,22
2026-05-11 23:05:00,124618,124679,124618,124632,14
2026-05-11 23:10:00,124632,124646,124607,124607,12
2026-05-11 23:15:00,124607,124674,124607,124650,20
2026-05-11 23:20:00,124676,124677,124620,124636,17
2026-05-11 23:25:00,124636,124710,124501,124676,89
2026-05-12 09:00:00,124568,124900,124356,124842,207
2026-05-12 09:05:00,124890,125034,124890,125025,81
2026-05-12 09:10:00,125034,125049,124888,124888,52
2026-05-12 09:15:00,124888,124940,124800,124924,125
2026-05-12 09:20:00,124929,125041,124902,125034,68
2026-05-12 09:25:00,125034,125034,124887,124924,15
2026-05-12 09:30:00,124924,124975,124870,124870,35
2026-05-12 09:35:00,124870,124945,124861,124939,16
2026-05-12 09:40:00,124939,124949,124900,124949,11
2026-05-12 09:45:00,124949,125041,124949,125014,55
2026-05-12 09:50:00,125014,125073,125001,125011,39
2026-05-12 09:55:00,125011,125037,124950,124995,44
2026-05-12 10:00:00,124995,125048,124929,125047,45
2026-05-12 10:05:00,125047,125097,125020,125097,83
2026-05-12 10:10:00,125097,125097,125040,125040,59
2026-05-12 10:15:00,125040,125045,124900,124939,25
2026-05-12 10:20:00,124930,124941,124818,124831,85
2026-05-12 10:25:00,124850,124949,124850,124935,43
2026-05-12 10:30:00,124935,124935,124838,124920,39
2026-05-12 10:35:00,124961,124972,124806,124806,24
2026-05-12 10:40:00,124805,124840,124800,124840,93
2026-05-12 10:45:00,124840,124864,124821,124847,22
2026-05-12 10:50:00,124836,124860,124836,124860,10
2026-05-12 10:55:00,124865,124900,124827,124890,24
2026-05-12 11:00:00,124890,125000,124800,124854,67
2026-05-12 11:05:00,124856,124910,124856,124898,6
2026-05-12 11:10:00,124898,124898,124836,124851,7
2026-05-12 11:15:00,124851,124880,124835,124879,6
2026-05-12 11:20:00,124879,124879,124805,124831,6
2026-05-12 11:25:00,124831,124859,124800,124845,20
2026-05-12 11:30:00,124845,124845,124673,124700,35
2026-05-12 11:35:00,124700,124713,124654,124654,31
2026-05-12 11:40:00,124652,124655,124602,124655,26
2026-05-12 11:45:00,124655,124689,124570,124660,26
2026-05-12 11:50:00,124660,124660,124561,124561,12
2026-05-12 11:55:00,124561,124561,124522,124523,22
2026-05-12 12:00:00,124523,124550,124500,124550,39
2026-05-12 12:05:00,124550,124661,124548,124590,47
2026-05-12 12:10:00,124590,124603,124168,124559,166
2026-05-12 12:15:00,124559,124612,124506,124506,20
2026-05-12 12:20:00,124506,124506,124424,124460,42
2026-05-12 12:25:00,124460,124460,124324,124408,44
2026-05-12 12:30:00,124408,124408,124265,124275,18
2026-05-12 12:35:00,124275,124344,124274,124344,36
2026-05-12 12:40:00,124344,124541,124337,124468,22
2026-05-12 12:45:00,124468,124507,124468,124507,8
2026-05-12 12:50:00,124570,124715,124561,124673,29
2026-05-12 12:55:00,124606,124655,124588,124588,14
2026-05-12 13:00:00,124588,124636,124511,124636,9
2026-05-12 13:05:00,124636,124650,124606,124650,5
2026-05-12 13:10:00,124650,124699,124611,124699,37
2026-05-12 13:15:00,124676,124698,124612,124678,8
2026-05-12 13:20:00,124678,124694,124588,124691,25
2026-05-12 13:25:00,124691,124777,124691,124706,35
2026-05-12 13:30:00,124706,124845,124706,124845,63
2026-05-12 13:35:00,124845,124860,124710,124761,25
2026-05-12 13:40:00,124761,124798,124705,124723,30
2026-05-12 13:45:00,124723,124746,124695,124746,46
2026-05-12 13:50:00,124746,124840,124746,124835,12
2026-05-12 13:55:00,124835,124835,124741,124779,9
2026-05-12 14:00:00,124779,124793,124747,124753,11
2026-05-12 14:05:00,124753,124753,124648,124648,14
2026-05-12 14:10:00,124710,124710,124647,124671,7
2026-05-12 14:15:00,124671,124763,124659,124763,51
2026-05-12 14:20:00,124763,124807,124750,124759,24
2026-05-12 14:25:00,124759,124844,124759,124794,44
2026-05-12 14:30:00,124794,124834,124741,124753,7
2026-05-12 14:35:00,124753,124799,124753,124780,8
2026-05-12 14:40:00,124780,124780,124750,124750,4
2026-05-12 14:45:00,124750,124750,124650,124670,3
2026-05-12 14:50:00,124654,124692,124652,124654,20
2026-05-12 14:55:00,124662,124692,124662,124692,4
2026-05-12 15:00:00,124692,124712,124654,124712,9
2026-05-12 15:05:00,124712,124737,124682,124707,8
2026-05-12 15:10:00,124707,124713,124632,124632,38
2026-05-12 15:15:00,124632,124644,124586,124596,18
2026-05-12 15:20:00,124727,124738,124727,124738,2
2026-05-12 15:25:00,124738,124738,124712,124712,3
2026-05-12 15:30:00,124712,124712,124685,124685,1
2026-05-12 15:35:00,124685,124820,124685,124820,14
2026-05-12 15:40:00,124783,124849,124783,124839,17
2026-05-12 15:45:00,124839,124839,124754,124823,9
2026-05-12 15:50:00,124823,124823,124771,124771,8
2026-05-12 15:55:00,124771,124771,124725,124725,2
2026-05-12 16:00:00,124725,124752,124600,124600,11
2026-05-12 16:05:00,124600,124664,124535,124535,22
2026-05-12 16:10:00,124535,124638,124500,124614,14
2026-05-12 16:15:00,124614,124614,124504,124504,11
2026-05-12 16:20:00,124504,124612,124504,124612,7
2026-05-12 16:25:00,124612,124612,124570,124594,6
2026-05-12 16:30:00,124594,124612,124572,124572,8
2026-05-12 16:35:00,124550,124550,124500,124544,10
2026-05-12 16:40:00,124544,124590,124544,124568,15
2026-05-12 16:45:00,124568,124614,124568,124614,7
2026-05-12 16:50:00,124614,124614,124614,124614,2
2026-05-12 16:55:00,124614,124640,124555,124640,4
2026-05-12 17:00:00,124700,124750,124663,124676,16
2026-05-12 17:05:00,124676,124780,124676,124775,9
2026-05-12 17:10:00,124775,124812,124775,124812,5
2026-05-12 17:15:00,124812,124812,124737,124737,8
2026-05-12 17:20:00,124741,124809,124741,124742,11
2026-05-12 17:25:00,124742,124812,124742,124812,7
2026-05-12 17:30:00,124803,124832,124803,124832,20
2026-05-12 17:35:00,124832,124840,124750,124750,66
2026-05-12 17:40:00,124750,124861,124750,124851,33
2026-05-12 17:45:00,124860,124885,124836,124850,60
2026-05-12 17:50:00,124850,124888,124736,124736,43
2026-05-12 17:55:00,124736,124815,124710,124815,26
2026-05-12 18:00:00,124815,124815,124672,124683,26
2026-05-12 18:05:00,124677,124848,124677,124843,7
2026-05-12 18:10:00,124843,124861,124800,124826,14
2026-05-12 18:15:00,124826,124888,124826,124855,10
2026-05-12 18:20:00,124855,124982,124855,124947,31
2026-05-12 18:25:00,124947,124978,124909,124912,30
2026-05-12 18:30:00,124912,124987,124826,124854,23
2026-05-12 18:35:00,124854,124871,124854,124871,1
2026-05-12 18:40:00,124871,124871,124720,124720,18
2026-05-12 18:45:00,124730,124780,124700,124780,6
2026-05-12 18:50:00,124736,124896,124736,124869,23
2026-05-12 18:55:00,124869,124869,124800,124803,9
2026-05-12 19:00:00,124800,124807,124735,124735,16
2026-05-12 19:05:00,124735,124900,124735,124876,13
2026-05-12 19:10:00,124876,124935,124837,124902,13
2026-05-12 19:15:00,124902,124902,124779,124857,26
2026-05-12 19:20:00,124857,124857,124757,124773,8
2026-05-12 19:25:00,124773,124790,124720,124725,36
2026-05-12 19:30:00,124725,124929,124683,124773,43
2026-05-12 19:35:00,124773,124874,124773,124874,3
2026-05-12 19:40:00,124874,124928,124737,124755,47
2026-05-12 19:45:00,124755,124838,124740,124804,5
2026-05-12 19:50:00,124852,124852,124804,124805,5
2026-05-12 19:55:00,124805,124805,124765,124765,6
2026-05-12 20:00:00,124765,124793,124685,124793,14
2026-05-12 20:05:00,124793,124793,124666,124666,8
2026-05-12 20:10:00,124666,124670,124666,124670,2
2026-05-12 20:15:00,124670,124670,124665,124665,1
2026-05-12 20:20:00,124665,124702,124665,124694,11
2026-05-12 20:25:00,124694,124694,124661,124661,16
2026-05-12 20:30:00,124661,124661,124600,124628,11
2026-05-12 20:35:00,124628,124692,124628,124637,12
2026-05-12 20:40:00,124637,124681,124561,124645,17
2026-05-12 20:45:00,124645,124670,124517,124517,28
2026-05-12 20:50:00,124500,124590,124355,124478,95
2026-05-12 20:55:00,124419,124577,124401,124422,26
2026-05-12 21:00:00,124422,124550,124422,124550,75
2026-05-12 21:05:00,124550,124596,124470,124596,32
2026-05-12 21:10:00,124596,124596,124540,124540,6
2026-05-12 21:15:00,124540,124588,124506,124550,10
2026-05-12 21:20:00,124550,124569,124516,124569,5
2026-05-12 21:25:00,124569,124593,124523,124593,18
2026-05-12 21:30:00,124593,124648,124591,124648,11
2026-05-12 21:35:00,124648,124699,124630,124630,10
2026-05-12 21:40:00,124630,124630,124613,124613,5
2026-05-12 21:45:00,124613,124698,124613,124650,10
2026-05-12 21:50:00,124650,124650,124577,124577,11
2026-05-12 21:55:00,124577,124577,124513,124520,6
2026-05-12 22:00:00,124520,124520,124520,124520,1
2026-05-12 22:05:00,124520,124600,124520,124600,7
2026-05-12 22:10:00,124600,124600,124590,124590,9
2026-05-12 22:15:00,124590,124590,124519,124519,6
2026-05-12 22:20:00,124519,124520,124519,124520,8
2026-05-12 22:25:00,124520,124590,124520,124590,11
2026-05-12 22:30:00,124590,124630,124552,124630,13
2026-05-12 22:35:00,124685,124686,124685,124685,7
2026-05-12 22:40:00,124685,124685,124630,124630,1
2026-05-12 22:45:00,124630,124659,124630,124656,14
2026-05-12 22:50:00,124656,124694,124642,124642,12
2026-05-12 22:55:00,124642,124690,124637,124687,19
2026-05-12 23:00:00,124687,124687,124623,124670,5
2026-05-12 23:05:00,124670,124687,124621,124687,28
2026-05-12 23:10:00,124655,124700,124642,124691,25
2026-05-12 23:15:00,124682,124700,124647,124698,15
2026-05-12 23:20:00,124670,124775,124650,124661,58
2026-05-12 23:25:00,124661,124661,124602,124604,22
2026-05-13 09:00:00,125514,132157,125514,132146,1474
2026-05-13 09:05:00,131760,132156,131000,131700,679
2026-05-13 09:10:00,131700,132157,131700,132152,366
2026-05-13 09:15:00,132110,132157,131776,131900,469
2026-05-13 09:20:00,131900,131990,131360,131360,674
2026-05-13 09:25:00,131346,131376,129300,130565,936
2026-05-13 09:30:00,130728,130900,130299,130724,450
2026-05-13 09:35:00,130724,131296,130706,131203,343
2026-05-13 09:40:00,131203,131744,131070,131719,241
2026-05-13 09:45:00,131719,131746,131413,131507,293
2026-05-13 09:50:00,131458,131506,131264,131351,373
2026-05-13 09:55:00,131324,131494,131141,131402,210
2026-05-13 10:00:00,131402,131535,131390,131447,94
2026-05-13 10:05:00,131447,131447,131143,131368,152
2026-05-13 10:10:00,131281,131343,130985,131211,228
2026-05-13 10:15:00,131187,131388,131187,131372,42
2026-05-13 10:20:00,131399,131455,131294,131455,68
2026-05-13 10:25:00,131455,131455,131368,131400,31
2026-05-13 10:30:00,131400,131610,131400,131610,78
2026-05-13 10:35:00,131610,131689,131577,131592,86
2026-05-13 10:40:00,131577,131700,131575,131576,73
2026-05-13 10:45:00,131576,131576,131490,131490,69
2026-05-13 10:50:00,131470,131476,131400,131438,89
2026-05-13 10:55:00,131438,131438,131343,131344,27
2026-05-13 11:00:00,131344,131366,131160,131267,50
2026-05-13 11:05:00,131255,131380,131255,131366,42
2026-05-13 11:10:00,131366,131366,131150,131150,42
2026-05-13 11:15:00,131150,131234,131150,131200,16
2026-05-13 11:20:00,131200,131299,131152,131282,32
2026-05-13 11:25:00,131282,131456,131222,131456,116
2026-05-13 11:30:00,131441,131599,131413,131599,48
2026-05-13 11:35:00,131599,131599,131457,131575,51
2026-05-13 11:40:00,131575,131600,131501,131600,25
2026-05-13 11:45:00,131600,131690,131600,131666,38
2026-05-13 11:50:00,131666,131666,131520,131563,27
2026-05-13 11:55:00,131563,131563,131432,131499,30
2026-05-13 12:00:00,131499,131632,131499,131632,12
2026-05-13 12:05:00,131632,131690,131588,131687,21
2026-05-13 12:10:00,131687,131687,131643,131655,28
2026-05-13 12:15:00,131655,131684,131549,131630,25
2026-05-13 12:20:00,131630,131630,131500,131500,28
2026-05-13 12:25:00,131500,131500,131426,131484,35
2026-05-13 12:30:00,131484,131598,131462,131499,59
2026-05-13 12:35:00,131499,131525,131468,131468,12
2026-05-13 12:40:00,131468,131506,131413,131497,13
2026-05-13 12:45:00,131497,131600,131497,131505,26
2026-05-13 12:50:00,131505,131600,131505,131532,10
2026-05-13 12:55:00,131532,131598,131532,131595,3
2026-05-13 13:00:00,131595,131598,131561,131561,6
2026-05-13 13:05:00,131561,131627,131551,131551,29
2026-05-13 13:10:00,131553,131609,131553,131573,23
2026-05-13 13:15:00,131573,131598,131535,131559,38
2026-05-13 13:20:00,131559,131581,131508,131508,15
2026-05-13 13:25:00,131508,131564,131508,131524,27
2026-05-13 13:30:00,131524,131591,131523,131591,12
2026-05-13 13:35:00,131591,131596,131501,131513,32
2026-05-13 13:40:00,131535,131536,131535,131536,10
2026-05-13 13:45:00,131536,131536,131404,131429,59
2026-05-13 13:50:00,131429,131450,131425,131450,25
2026-05-13 13:55:00,131450,131450,131363,131427,79
2026-05-13 14:00:00,131427,131430,131400,131405,134
2026-05-13 14:05:00,131446,131530,131446,131530,20
2026-05-13 14:10:00,131530,131530,131459,131494,73
2026-05-13 14:15:00,131506,131520,131483,131520,30
2026-05-13 14:20:00,131550,131580,131550,131564,44
2026-05-13 14:25:00,131564,131620,131564,131620,28
2026-05-13 14:30:00,131620,131620,131600,131600,86
2026-05-13 14:35:00,131600,131600,131600,131600,102
2026-05-13 14:40:00,131600,131602,131592,131600,52
2026-05-13 14:45:00,131600,131600,131600,131600,40
2026-05-13 14:50:00,131600,131600,131555,131555,79
2026-05-13 14:55:00,131555,131670,131555,131669,33
2026-05-13 15:00:00,131669,131680,131669,131680,52
2026-05-13 15:05:00,131680,131735,131680,131700,30
2026-05-13 15:10:00,131700,131774,131700,131745,33
2026-05-13 15:15:00,131745,131745,131565,131699,116
2026-05-13 15:20:00,131699,131773,131699,131726,43
2026-05-13 15:25:00,131726,131790,131726,131765,20
2026-05-13 15:30:00,131765,131796,131761,131769,15
2026-05-13 15:35:00,131769,131900,131769,131900,31
2026-05-13 15:40:00,131900,131968,131870,131900,135
2026-05-13 15:45:00,131900,131915,131829,131829,63
2026-05-13 15:50:00,131829,131967,131829,131853,26
2026-05-13 15:55:00,131900,131900,131836,131853,6
2026-05-13 16:00:00,131853,131864,131780,131807,20
2026-05-13 16:05:00,131807,131848,131800,131840,20
2026-05-13 16:10:00,131840,131885,131840,131840,52
2026-05-13 16:15:00,131840,131865,131840,131840,12
2026-05-13 16:20:00,131840,131872,131800,131808,139
2026-05-13 16:25:00,131808,131834,131808,131811,11
2026-05-13 16:30:00,131808,131849,131808,131835,8
2026-05-13 16:35:00,131808,131851,131752,131800,60
2026-05-13 16:40:00,131800,131913,131800,131913,40
2026-05-13 16:45:00,131920,131921,131871,131891,29
2026-05-13 16:50:00,131891,131913,131865,131911,6
2026-05-13 16:55:00,131911,131911,131900,131910,3
2026-05-13 17:00:00,131910,131910,131890,131896,4
2026-05-13 17:05:00,131896,131931,131896,131931,38
2026-05-13 17:10:00,131931,131952,131931,131952,6
2026-05-13 17:15:00,131952,132000,131926,131999,68
2026-05-13 17:20:00,131999,132001,131972,132000,103
2026-05-13 17:25:00,132000,132027,132000,132000,12
2026-05-13 17:30:00,132000,132027,131953,132027,114
2026-05-13 17:35:00,132027,132090,132000,132074,67
2026-05-13 17:40:00,132074,132074,132025,132025,165
2026-05-13 17:45:00,132025,132030,131966,132000,125
2026-05-13 17:50:00,132000,132009,131835,131987,124
2026-05-13 17:55:00,131987,132033,131950,131950,89
2026-05-13 18:00:00,131960,131960,131792,131838,102
2026-05-13 18:05:00,131838,131935,131737,131746,47
2026-05-13 18:10:00,131746,131897,131746,131817,18
2026-05-13 18:15:00,131817,131843,131738,131752,88
2026-05-13 18:20:00,131752,131752,131700,131701,23
2026-05-13 18:25:00,131701,131740,131662,131729,35
2026-05-13 18:30:00,131729,131850,131729,131820,27
2026-05-13 18:35:00,131820,131876,131820,131820,43
2026-05-13 18:40:00,131820,131842,131820,131842,10
2026-05-13 18:45:00,131842,131880,131804,131846,13
2026-05-13 18:50:00,131846,131880,131846,131876,15
2026-05-13 18:55:00,131876,131876,131721,131727,51
2026-05-13 19:00:00,131727,131759,131701,131743,12
2026-05-13 19:05:00,131739,131740,131450,131471,89
2026-05-13 19:10:00,131539,131700,131539,131700,18
2026-05-13 19:15:00,131700,131700,131481,131481,70
2026-05-13 19:20:00,131481,131688,131430,131688,51
2026-05-13 19:25:00,131688,131717,131588,131644,32
2026-05-13 19:30:00,131600,131655,131524,131563,13
2026-05-13 19:35:00,131563,131637,131563,131637,11
2026-05-13 19:40:00,131638,131758,131638,131709,24
2026-05-13 19:45:00,131713,131748,131677,131719,21
2026-05-13 19:50:00,131719,131719,131616,131616,24
2026-05-13 19:55:00,131616,131766,131616,131750,18
2026-05-13 20:00:00,131763,132005,131763,132005,91
2026-05-13 20:05:00,132005,132026,131868,131868,53
2026-05-13 20:10:00,131868,131995,131868,131975,16
2026-05-13 20:15:00,131975,131975,131785,131864,18
2026-05-13 20:20:00,131864,131900,131800,131884,24
2026-05-13 20:25:00,131900,131900,131820,131835,8
2026-05-13 20:30:00,131835,131909,131802,131802,10
2026-05-13 20:35:00,131802,131907,131802,131907,15
2026-05-13 20:40:00,131907,131940,131841,131932,21
2026-05-13 20:45:00,131928,131966,131881,131953,37
2026-05-13 20:50:00,131953,132000,131911,131931,30
2026-05-13 20:55:00,131931,131982,131882,131969,41
2026-05-13 21:00:00,131969,131990,131860,131984,34
2026-05-13 21:05:00,131984,132000,131923,131995,24
2026-05-13 21:10:00,131989,132049,131989,132049,56
2026-05-13 21:15:00,132049,132100,132002,132002,40
2026-05-13 21:20:00,132002,132060,131905,132025,27
2026-05-13 21:25:00,132025,132025,131907,131932,10
2026-05-13 21:30:00,131946,132000,131946,131999,10
2026-05-13 21:35:00,131999,132095,131971,132095,32
2026-05-13 21:40:00,132095,132130,132041,132130,42
2026-05-13 21:45:00,132130,132207,132130,132130,76
2026-05-13 21:50:00,132130,132209,132031,132209,60
2026-05-13 21:55:00,132209,132296,132167,132292,38
2026-05-13 22:00:00,132292,132350,132225,132255,35
2026-05-13 22:05:00,132255,132255,132204,132218,15
2026-05-13 22:10:00,132218,132262,132036,132036,48
2026-05-13 22:15:00,132036,132174,132036,132159,23
2026-05-13 22:20:00,132103,132161,131960,131960,43
2026-05-13 22:25:00,132000,132099,131997,132099,11
2026-05-13 22:30:00,132099,132159,132005,132132,16
2026-05-13 22:35:00,132056,132149,132045,132099,30
2026-05-13 22:40:00,132099,132209,132081,132090,52
2026-05-13 22:45:00,132090,132118,132060,132065,92
2026-05-13 22:50:00,132065,132158,132052,132158,56
2026-05-13 22:55:00,132158,132177,132050,132169,41
2026-05-13 23:00:00,132169,132232,132070,132070,56
2026-05-13 23:05:00,132070,132125,132001,132001,48
2026-05-13 23:10:00,132003,132122,132003,132050,35
2026-05-13 23:15:00,132050,132100,132002,132002,39
2026-05-13 23:20:00,132048,132087,132006,132087,29
2026-05-13 23:25:00,132087,132099,132010,132040,75
2026-05-14 09:00:00,132041,132199,131622,131700,181
2026-05-14 09:05:00,131700,131786,131626,131630,110
2026-05-14 09:10:00,131630,131707,131565,131577,91
2026-05-14 09:15:00,131577,131600,131471,131539,132
2026-05-14 09:20:00,131539,131550,131435,131539,81
2026-05-14 09:25:00,131539,131539,131411,131474,74
2026-05-14 09:30:00,131474,131499,131326,131450,97
2026-05-14 09:35:00,131450,131624,131403,131624,65
2026-05-14 09:40:00,131624,131700,131600,131700,23
2026-05-14 09:45:00,131700,131869,131679,131869,72
2026-05-14 09:50:00,131869,132088,131801,132034,89
2026-05-14 09:55:00,132038,132308,132025,132200,110
2026-05-14 10:00:00,132200,132387,132159,132317,116
2026-05-14 10:05:00,132317,132446,132190,132201,142
2026-05-14 10:10:00,132201,132273,132151,132236,52
2026-05-14 10:15:00,132236,132290,132181,132227,36
2026-05-14 10:20:00,132227,132278,132181,132278,15
2026-05-14 10:25:00,132278,132278,132100,132100,40
2026-05-14 10:30:00,132110,132137,132033,132033,36
2026-05-14 10:35:00,132033,132211,132033,132164,20
2026-05-14 10:40:00,132220,132244,132195,132195,28
2026-05-14 10:45:00,132195,132195,132097,132140,7
2026-05-14 10:50:00,132087,132087,132056,132056,2
2026-05-14 10:55:00,132056,132098,132056,132098,6
2026-05-14 11:00:00,132098,132225,132050,132050,53
2026-05-14 11:05:00,132050,132133,132050,132071,11
2026-05-14 11:10:00,132071,132195,132071,132190,7
2026-05-14 11:15:00,132190,132200,132151,132191,22
2026-05-14 11:20:00,132191,132198,132104,132104,20
2026-05-14 11:25:00,132104,132104,132065,132065,5
2026-05-14 11:30:00,132065,132134,132065,132094,11
2026-05-14 11:35:00,132116,132193,132076,132077,30
2026-05-14 11:40:00,132077,132077,131984,132000,27
2026-05-14 11:45:00,132000,132000,131981,132000,15
2026-05-14 11:50:00,132000,132029,131950,131999,18
2026-05-14 11:55:00,131999,132009,131840,131941,42
2026-05-14 12:00:00,131941,132006,131840,131959,23
2026-05-14 12:05:00,131959,131959,131900,131900,11
2026-05-14 12:10:00,131900,131947,131841,131924,32
2026-05-14 12:15:00,131924,132033,131849,131849,24
2026-05-14 12:20:00,131849,131954,131849,131954,27
2026-05-14 12:25:00,131954,132012,131951,132007,10
2026-05-14 12:30:00,132007,132007,131918,131982,6
2026-05-14 12:35:00,132011,132011,131873,131873,8
2026-05-14 12:40:00,131873,131893,131873,131885,19
2026-05-14 12:45:00,131885,131885,131829,131831,13
2026-05-14 12:50:00,131831,131910,131802,131897,28
2026-05-14 12:55:00,131897,131943,131804,131943,67
2026-05-14 13:00:00,131943,132040,131931,132040,15
2026-05-14 13:05:00,132040,132094,132001,132031,27
2026-05-14 13:10:00,132031,132055,132017,132036,4
2026-05-14 13:15:00,132036,132036,131866,131866,13
2026-05-14 13:20:00,131866,131938,131803,131938,21
2026-05-14 13:25:00,131938,131938,131803,131808,7
2026-05-14 13:30:00,131832,131997,131812,131906,22
2026-05-14 13:35:00,131906,131950,131906,131950,13
2026-05-14 13:40:00,131900,131956,131815,131821,41
2026-05-14 13:45:00,131821,131939,131821,131939,1
2026-05-14 13:50:00,131939,131939,131909,131909,31
2026-05-14 13:55:00,131939,131982,131939,131947,6
2026-05-14 14:00:00,131947,131975,131930,131930,3
2026-05-14 14:05:00,131930,131980,131930,131980,2
2026-05-14 14:10:00,131900,131900,131847,131852,6
2026-05-14 14:15:00,131899,131936,131835,131936,8
2026-05-14 14:20:00,131936,131936,131936,131936,0
2026-05-14 14:25:00,131936,131936,131902,131902,3
2026-05-14 14:30:00,131900,131935,131854,131931,5
2026-05-14 14:35:00,131931,131963,131852,131887,13
2026-05-14 14:40:00,131887,131896,131843,131889,6
2026-05-14 14:45:00,131889,131889,131889,131889,0
2026-05-14 14:50:00,131889,131889,131889,131889,0
2026-05-14 14:55:00,131889,131889,131860,131860,2
2026-05-14 15:00:00,131860,131900,131859,131860,4
2026-05-14 15:05:00,131860,131895,131830,131895,12
2026-05-14 15:10:00,131895,131930,131895,131930,1
2026-05-14 15:15:00,131930,131987,131925,131970,21
2026-05-14 15:20:00,131970,131970,131904,131905,13
2026-05-14 15:25:00,131905,132000,131905,132000,9
2026-05-14 15:30:00,132000,132000,131876,131876,12
2026-05-14 15:40:00,131902,131991,131882,131882,9
2026-05-14 15:45:00,131882,131921,131857,131857,2
2026-05-14 15:50:00,131857,131857,131857,131857,0
2026-05-14 15:55:00,131857,131857,131857,131857,0
2026-05-14 16:00:00,131857,131910,131857,131910,2
2026-05-14 16:05:00,131910,131911,131910,131911,5
2026-05-14 16:10:00,131911,131933,131900,131900,6
2026-05-14 16:15:00,131900,131930,131900,131924,4
2026-05-14 16:20:00,131924,131987,131924,131980,2
2026-05-14 16:25:00,131980,131980,131894,131894,5
2026-05-14 16:30:00,131894,131997,131894,131989,11
2026-05-14 16:35:00,131989,131989,131911,131989,11
2026-05-14 16:40:00,131989,131989,131926,131931,5
2026-05-14 16:45:00,131931,131979,131931,131979,1
2026-05-14 16:50:00,131979,131979,131979,131979,1
2026-05-14 16:55:00,131979,131979,131945,131945,2
2026-05-14 17:00:00,131945,131945,131860,131860,9
2026-05-14 17:05:00,131860,132014,131860,131947,21
2026-05-14 17:10:00,131947,131965,131866,131918,20
2026-05-14 17:15:00,131918,131980,131918,131963,3
2026-05-14 17:20:00,131963,132050,131963,131997,14
2026-05-14 17:25:00,131997,132083,131910,132009,37
2026-05-14 17:30:00,132009,132063,131911,132055,32
2026-05-14 17:35:00,132055,132066,131982,132065,22
2026-05-14 17:40:00,132065,132094,132065,132094,8
2026-05-14 17:45:00,132094,132099,132044,132044,7
2026-05-14 17:50:00,132044,132140,132042,132042,10
2026-05-14 17:55:00,132042,132110,131970,131970,30
2026-05-14 18:00:00,131970,132077,131970,132077,4
2026-05-14 18:05:00,132077,132118,132050,132111,14
2026-05-14 18:10:00,132111,132114,132050,132050,7
2026-05-14 18:15:00,132050,132050,131972,131980,6
2026-05-14 18:20:00,132088,132088,132088,132088,1
2026-05-14 18:25:00,132088,132112,132054,132112,12
2026-05-14 18:30:00,132112,132112,131985,132023,10
2026-05-14 18:35:00,132023,132023,132023,132023,0
2026-05-14 18:40:00,132023,132065,131991,132065,9
2026-05-14 18:45:00,132065,132065,131950,131950,19
2026-05-14 18:50:00,131950,131950,131759,131828,82
2026-05-14 18:55:00,131828,131905,131815,131815,14
2026-05-14 19:00:00,131750,131754,131536,131556,80
2026-05-14 19:05:00,131556,131663,131556,131648,43
2026-05-14 19:10:00,131574,131597,131462,131520,61
2026-05-14 19:15:00,131520,131766,131520,131766,27
2026-05-14 19:20:00,131766,131768,131600,131643,36
2026-05-14 19:25:00,131643,131678,131556,131561,14
2026-05-14 19:30:00,131561,131652,131500,131635,33
2026-05-14 19:35:00,131635,131635,131420,131477,82
2026-05-14 19:40:00,131477,131626,131477,131534,64
2026-05-14 19:45:00,131627,131740,131571,131720,38
2026-05-14 19:50:00,131720,131800,131719,131744,49
2026-05-14 19:55:00,131744,131744,131531,131642,18
2026-05-14 20:00:00,131642,131699,131612,131676,22
2026-05-14 20:05:00,131676,131720,131676,131698,27
2026-05-14 20:10:00,131698,131742,131609,131609,43
2026-05-14 20:15:00,131609,131749,131609,131652,11
2026-05-14 20:20:00,131652,131652,131550,131600,27
2026-05-14 20:25:00,131600,131600,131550,131550,13
2026-05-14 20:30:00,131550,131641,131530,131594,8
2026-05-14 20:35:00,131594,131700,131594,131617,39
2026-05-14 20:40:00,131617,131703,131593,131703,5
2026-05-14 20:45:00,131703,131730,131670,131720,9
2026-05-14 20:50:00,131720,131731,131671,131731,13
2026-05-14 20:55:00,131731,131798,131731,131782,20
2026-05-14 21:00:00,131782,131783,131691,131783,9
2026-05-14 21:05:00,131783,131783,131700,131700,20
2026-05-14 21:10:00,131700,131713,131682,131699,11
2026-05-14 21:15:00,131699,131699,131600,131657,9
2026-05-14 21:20:00,131657,131661,131598,131598,3
2026-05-14 21:25:00,131598,131671,131598,131671,1
2026-05-14 21:30:00,131671,131680,131598,131606,13
2026-05-14 21:35:00,131606,131682,131598,131604,18
2026-05-14 21:40:00,131604,131650,131592,131592,30
2026-05-14 21:45:00,131649,131649,131640,131640,5
2026-05-14 21:50:00,131621,131621,131570,131580,7
2026-05-14 21:55:00,131580,131600,131550,131575,27
2026-05-14 22:00:00,131575,131580,131563,131563,12
2026-05-14 22:05:00,131563,131563,131555,131555,15
2026-05-14 22:10:00,131555,131573,131555,131555,6
2026-05-14 22:15:00,131555,131670,131555,131611,9
2026-05-14 22:20:00,131611,131637,131611,131637,5
2026-05-14 22:25:00,131622,131638,131622,131631,3
2026-05-14 22:30:00,131631,131646,131631,131646,14
2026-05-14 22:35:00,131646,131646,131629,131629,4
2026-05-14 22:40:00,131600,131623,131580,131599,6
2026-05-14 22:45:00,131599,131600,131599,131600,21
2026-05-14 22:50:00,131600,131680,131600,131650,13
2026-05-14 22:55:00,131650,131650,131616,131616,3
2026-05-14 23:00:00,131616,131630,131615,131615,17
2026-05-14 23:05:00,131615,131643,131599,131611,18
2026-05-14 23:10:00,131611,131648,131599,131625,18
2026-05-14 23:15:00,131625,131650,131625,131627,31
2026-05-14 23:20:00,131657,131699,131627,131694,13
2026-05-14 23:25:00,131694,131695,131627,131695,60
2026-05-15 09:00:00,130402,130800,129636,130600,300
2026-05-15 09:05:00,130600,130727,130553,130700,80
2026-05-15 09:10:00,130700,130850,130681,130771,94
2026-05-15 09:15:00,130771,130771,130663,130739,50
2026-05-15 09:20:00,130740,130740,130625,130628,30
2026-05-15 09:25:00,130628,130711,130611,130656,52
2026-05-15 09:30:00,130656,130720,130656,130661,12
2026-05-15 09:35:00,130699,130820,130699,130780,56
2026-05-15 09:40:00,130780,130786,130770,130770,10
2026-05-15 09:45:00,130770,130770,130632,130632,24
2026-05-15 09:50:00,130631,130631,130577,130601,17
2026-05-15 09:55:00,130618,130641,130570,130607,50
2026-05-15 10:00:00,130552,130655,130551,130551,14
2026-05-15 10:05:00,130551,130601,130517,130537,56
2026-05-15 10:10:00,130537,130560,130356,130357,77
2026-05-15 10:15:00,130357,130400,130322,130390,48
2026-05-15 10:20:00,130390,130400,130346,130346,42
2026-05-15 10:25:00,130346,130362,130249,130249,57
2026-05-15 10:30:00,130263,130269,130093,130098,101
2026-05-15 10:35:00,130098,130125,129890,129900,88
2026-05-15 10:40:00,129900,129900,129616,129790,107
2026-05-15 10:45:00,129769,129986,129612,129646,178
2026-05-15 10:50:00,129646,129856,129600,129740,81
2026-05-15 10:55:00,129740,129861,129701,129858,20
2026-05-15 11:00:00,129858,129858,129219,129308,204
2026-05-15 11:05:00,129308,129429,129139,129325,174
2026-05-15 11:10:00,129325,129455,129251,129373,86
2026-05-15 11:15:00,129433,129433,129205,129225,57
2026-05-15 11:20:00,129225,129535,129225,129525,86
2026-05-15 11:25:00,129525,129525,129240,129240,40
2026-05-15 11:30:00,129240,129389,129205,129349,21
2026-05-15 11:35:00,129349,129549,129349,129439,85
2026-05-15 11:40:00,129439,129622,129439,129622,32
2026-05-15 11:45:00,129622,129817,129620,129639,35
2026-05-15 11:50:00,129639,129747,129617,129658,49
2026-05-15 11:55:00,129611,129658,129611,129650,4
2026-05-15 12:00:00,129650,129749,129650,129749,7
2026-05-15 12:05:00,129749,129749,129668,129725,16
2026-05-15 12:10:00,129725,129725,129650,129650,5
2026-05-15 12:15:00,129638,129707,129599,129700,27
2026-05-15 12:20:00,129700,129700,129556,129612,8
2026-05-15 12:25:00,129612,129612,129555,129556,7
2026-05-15 12:30:00,129556,129612,129521,129521,16
2026-05-15 12:35:00,129521,129633,129521,129589,9
2026-05-15 12:40:00,129589,129779,129589,129779,15
2026-05-15 12:45:00,129779,129780,129706,129776,23
2026-05-15 12:50:00,129776,129838,129744,129806,22
2026-05-15 12:55:00,129806,129815,129766,129766,7
2026-05-15 13:00:00,129766,129800,129707,129739,7
2026-05-15 13:05:00,129778,129778,129706,129747,7
2026-05-15 13:10:00,129747,129747,129706,129711,4
2026-05-15 13:15:00,129721,129721,129706,129706,6
2026-05-15 13:20:00,129706,129706,129601,129601,25
2026-05-15 13:25:00,129601,129670,129555,129555,10
2026-05-15 13:30:00,129555,129563,129422,129442,34
2026-05-15 13:35:00,129442,129586,129442,129586,26
2026-05-15 13:40:00,129511,129570,129469,129528,31
2026-05-15 13:45:00,129528,129528,129316,129410,76
2026-05-15 13:50:00,129358,129477,129358,129426,16
2026-05-15 13:55:00,129426,129506,129424,129424,6
2026-05-15 14:00:00,129424,129475,129330,129330,10
2026-05-15 14:05:00,129330,129477,129330,129477,33
2026-05-15 14:10:00,129477,129562,129460,129558,18
2026-05-15 14:15:00,129558,129596,129521,129544,22
2026-05-15 14:20:00,129544,129600,129526,129526,6
2026-05-15 14:25:00,129526,129550,129475,129550,3
2026-05-15 14:30:00,129550,129550,129425,129450,20
2026-05-15 14:35:00,129450,129595,129447,129447,25
2026-05-15 14:40:00,129447,129451,129350,129350,19
2026-05-15 14:45:00,129350,129403,129300,129403,39
2026-05-15 14:50:00,129403,129500,129317,129500,27
2026-05-15 14:55:00,129500,129500,129494,129495,12
2026-05-15 15:00:00,129495,129540,129495,129521,14
2026-05-15 15:05:00,129521,129521,129384,129464,8
2026-05-15 15:10:00,129464,129464,129353,129353,6
2026-05-15 15:15:00,129353,129372,129301,129301,18
2026-05-15 15:20:00,129301,129397,129250,129397,52
2026-05-15 15:25:00,129397,129419,129324,129419,34
2026-05-15 15:30:00,129419,129431,129328,129380,25
2026-05-15 15:35:00,129380,129550,129380,129550,11
2026-05-15 15:40:00,129550,129695,129507,129695,28
2026-05-15 15:45:00,129695,129695,129438,129561,32
2026-05-15 15:50:00,129561,129649,129561,129572,10
2026-05-15 15:55:00,129572,129572,129525,129525,8
2026-05-15 16:00:00,129525,129622,129525,129622,15
2026-05-15 16:05:00,129622,129622,129560,129560,3
2026-05-15 16:10:00,129560,129560,129521,129528,11
2026-05-15 16:15:00,129528,129700,129528,129650,34
2026-05-15 16:20:00,129650,129794,129650,129750,43
2026-05-15 16:25:00,129750,129770,129639,129760,12
2026-05-15 16:30:00,129760,129760,129680,129700,19
2026-05-15 16:35:00,129700,129700,129656,129656,3
2026-05-15 16:40:00,129656,129798,129656,129750,5
2026-05-15 16:45:00,129750,129750,129688,129730,13
2026-05-15 16:50:00,129730,129764,129693,129733,18
2026-05-15 16:55:00,129670,129688,129666,129688,5
2026-05-15 17:00:00,129688,129688,129601,129601,7
2026-05-15 17:05:00,129601,129641,129500,129500,21
2026-05-15 17:10:00,129500,129600,129500,129596,13
2026-05-15 17:15:00,129596,129670,129596,129670,12
2026-05-15 17:20:00,129670,129718,129641,129718,11
2026-05-15 17:25:00,129718,129718,129563,129564,9
2026-05-15 17:30:00,129564,129609,129519,129519,15
2026-05-15 17:35:00,129528,129555,129528,129555,3
2026-05-15 17:40:00,129557,129634,129500,129500,11
2026-05-15 17:45:00,129500,129639,129500,129556,8
2026-05-15 17:50:00,129581,129715,129581,129611,6
2026-05-15 17:55:00,129611,129650,129574,129574,6
2026-05-15 18:00:00,129574,129600,129553,129553,4
2026-05-15 18:05:00,129553,129560,129550,129550,23
2026-05-15 18:10:00,129550,129566,129445,129445,16
2026-05-15 18:15:00,129445,129532,129420,129461,25
2026-05-15 18:20:00,129461,129461,129461,129461,0
2026-05-15 18:25:00,129461,129549,129461,129549,1
2026-05-15 18:30:00,129549,129549,129377,129471,18
2026-05-15 18:35:00,129471,129521,129408,129499,8
2026-05-15 18:40:00,129499,129499,129368,129420,31
2026-05-15 18:45:00,129420,129490,129404,129490,11
2026-05-15 18:50:00,129522,129591,129444,129473,65
2026-05-15 18:55:00,129474,129531,129333,129400,104
2026-05-15 19:00:00,129333,129363,129325,129325,35
2026-05-15 19:05:00,129325,129326,129050,129267,244
2026-05-15 19:10:00,129267,129267,129021,129149,67
2026-05-15 19:15:00,129070,129216,129000,129197,146
2026-05-15 19:20:00,129197,129349,129125,129346,39
2026-05-15 19:25:00,129346,129362,129141,129141,21
2026-05-15 19:30:00,129141,129202,129070,129202,63
2026-05-15 19:35:00,129202,129345,129202,129276,17
2026-05-15 19:40:00,129276,129399,129179,129358,12
2026-05-15 19:45:00,129349,129369,129258,129369,32
2026-05-15 19:50:00,129369,129450,129360,129397,26
2026-05-15 19:55:00,129397,129397,129351,129351,6
2026-05-15 20:00:00,129351,129351,129301,129301,4
2026-05-15 20:05:00,129301,129351,129301,129351,2
2026-05-15 20:10:00,129351,129351,129277,129279,39
2026-05-15 20:15:00,129279,129279,129250,129251,4
2026-05-15 20:20:00,129200,129300,129200,129300,21
2026-05-15 20:25:00,129348,129450,129348,129450,11
2026-05-15 20:30:00,129450,129450,129300,129350,21
2026-05-15 20:35:00,129350,129434,129349,129434,14
2026-05-15 20:40:00,129434,129434,129380,129380,8
2026-05-15 20:45:00,129380,129380,129300,129300,14
2026-05-15 20:50:00,129300,129340,129205,129205,12
2026-05-15 20:55:00,129205,129300,129205,129300,3
2026-05-15 21:00:00,129300,129379,129280,129285,10
2026-05-15 21:05:00,129272,129272,129252,129262,20
2026-05-15 21:10:00,129262,129264,129200,129200,14
2026-05-15 21:15:00,129200,129210,129166,129186,27
2026-05-15 21:20:00,129186,129266,129106,129106,65
2026-05-15 21:25:00,129106,129151,129051,129151,32
2026-05-15 21:30:00,129151,129180,129102,129165,18
2026-05-15 21:35:00,129076,129076,129010,129011,46
2026-05-15 21:40:00,129011,129043,128971,129010,50
2026-05-15 21:45:00,129010,129098,129010,129075,24
2026-05-15 21:50:00,129075,129111,129060,129100,50
2026-05-15 21:55:00,129142,129152,129087,129142,49
2026-05-15 22:00:00,129142,129199,129142,129159,22
2026-05-15 22:05:00,129159,129199,129159,129166,8
2026-05-15 22:10:00,129166,129200,129159,129159,16
2026-05-15 22:15:00,129159,129247,129092,129101,22
2026-05-15 22:20:00,129101,129101,129101,129101,0
2026-05-15 22:25:00,129101,129200,129101,129187,19
2026-05-15 22:30:00,129187,129252,129161,129252,5
2026-05-15 22:35:00,129252,129252,129191,129243,9
2026-05-15 22:40:00,129254,129254,129192,129198,12
2026-05-15 22:45:00,129198,129224,129185,129224,7
2026-05-15 22:50:00,129190,129249,129185,129228,18
2026-05-15 22:55:00,129246,129246,129240,129243,28
2026-05-15 23:00:00,129243,129250,129201,129212,20
2026-05-15 23:05:00,129252,129256,129211,129250,28
2026-05-15 23:10:00,129250,129260,129151,129151,90
2026-05-15 23:15:00,129151,129244,129148,129148,43
2026-05-15 23:20:00,129218,129218,128800,129016,123
2026-05-15 23:25:00,129070,129199,128967,129015,96
2026-05-18 09:00:00,128715,128923,128271,128350,295
2026-05-18 09:05:00,128350,128458,128300,128446,136
2026-05-18 09:10:00,128446,128569,128217,128569,74
2026-05-18 09:15:00,128570,128669,128551,128669,58
2026-05-18 09:20:00,128669,128890,128616,128796,81
2026-05-18 09:25:00,128796,129027,128755,128803,73
2026-05-18 09:30:00,128785,129229,128785,129150,161
2026-05-18 09:35:00,129150,129258,128966,129057,76
2026-05-18 09:40:00,129057,129148,129029,129029,40
2026-05-18 09:45:00,129029,129095,128981,129021,24
2026-05-18 09:50:00,129021,129071,128755,128755,50
2026-05-18 09:55:00,128755,128755,128623,128739,33
2026-05-18 10:00:00,128739,128999,128739,128942,28
2026-05-18 10:05:00,128942,128958,128837,128837,18
2026-05-18 10:10:00,128837,128896,128837,128896,20
2026-05-18 10:15:00,128837,128837,128738,128755,40
2026-05-18 10:20:00,128755,128797,128697,128768,76
2026-05-18 10:25:00,128800,128800,128800,128800,1
2026-05-18 10:30:00,128800,128910,128800,128904,23
2026-05-18 10:35:00,128904,128978,128843,128843,42
2026-05-18 10:40:00,128912,128914,128843,128865,15
2026-05-18 10:45:00,128865,128961,128784,128916,16
2026-05-18 10:50:00,128916,128945,128845,128945,20
2026-05-18 10:55:00,128945,129000,128887,129000,26
2026-05-18 11:00:00,129050,129050,128939,129018,25
2026-05-18 11:05:00,129018,129063,128985,129063,7
2026-05-18 11:10:00,129063,129063,129000,129004,4
2026-05-18 11:15:00,129004,129050,128977,128977,7
2026-05-18 11:20:00,128977,128979,128936,128936,12
2026-05-18 11:25:00,128936,128989,128931,128941,8
2026-05-18 11:30:00,128941,129044,128941,129044,14
2026-05-18 11:35:00,129044,129044,128986,128990,2
2026-05-18 11:40:00,128990,128990,128971,128971,3
2026-05-18 11:45:00,128971,128971,128955,128955,4
2026-05-18 11:50:00,128955,128966,128901,128966,7
2026-05-18 11:55:00,128966,129077,128945,128945,10
2026-05-18 12:00:00,128945,129093,128945,129093,3
2026-05-18 12:05:00,129093,129093,128977,128977,7
2026-05-18 12:10:00,128977,128977,128932,128932,2
2026-05-18 12:15:00,129058,129058,129026,129026,4
2026-05-18 12:20:00,129026,129026,129026,129026,0
2026-05-18 12:25:00,129026,129052,129026,129052,1
2026-05-18 12:30:00,129052,129133,129052,129122,28
2026-05-18 12:35:00,129122,129122,129053,129121,7
2026-05-18 12:40:00,129121,129121,129052,129052,9
2026-05-18 12:45:00,129052,129132,129052,129124,14
2026-05-18 12:50:00,129124,129124,129091,129091,6
2026-05-18 12:55:00,129091,129201,129088,129201,85
2026-05-18 13:00:00,129201,129443,129201,129399,79
2026-05-18 13:05:00,129399,129408,129291,129400,20
2026-05-18 13:10:00,129400,129400,129317,129317,32
2026-05-18 13:15:00,129377,129377,129290,129335,26
2026-05-18 13:20:00,129335,129335,129181,129233,4
2026-05-18 13:25:00,129250,129335,129240,129331,7
2026-05-18 13:30:00,129331,129334,129245,129265,12
2026-05-18 13:35:00,129265,129327,129265,129314,9
2026-05-18 13:40:00,129252,129291,129252,129291,7
2026-05-18 13:45:00,129291,129291,129163,129200,16
2026-05-18 13:50:00,129200,129249,129200,129201,11
2026-05-18 13:55:00,129201,129299,129201,129225,18
2026-05-18 14:00:00,129225,129286,129177,129236,41
2026-05-18 14:05:00,129230,129269,129230,129269,8
2026-05-18 14:10:00,129269,129287,129242,129242,6
2026-05-18 14:15:00,129242,129319,129242,129275,16
2026-05-18 14:20:00,129275,129339,129275,129328,10
2026-05-18 14:25:00,129328,129328,129281,129302,12
2026-05-18 14:30:00,129302,129302,129124,129147,33
2026-05-18 14:35:00,129147,129198,129124,129125,17
2026-05-18 14:40:00,129125,129125,129108,129108,4
2026-05-18 14:45:00,129108,129169,129106,129137,9
2026-05-18 14:50:00,129137,129163,129085,129153,14
2026-05-18 14:55:00,129153,129153,129046,129109,8
2026-05-18 15:00:00,129010,129106,129000,129106,12
2026-05-18 15:05:00,129106,129175,129067,129092,9
2026-05-18 15:10:00,129092,129103,129026,129103,8
2026-05-18 15:15:00,129103,129103,129000,129000,10
2026-05-18 15:20:00,129000,129047,128993,129047,13
2026-05-18 15:25:00,129047,129069,128971,129069,5
2026-05-18 15:30:00,129069,129097,129012,129012,5
2026-05-18 15:35:00,129012,129060,128976,128976,15
2026-05-18 15:40:00,128972,129031,128962,128980,19
2026-05-18 15:45:00,128980,129046,128980,129000,19
2026-05-18 15:50:00,129000,129015,128980,128980,8
2026-05-18 15:55:00,128980,128999,128931,128999,7
2026-05-18 16:00:00,128950,128950,128850,128850,26
2026-05-18 16:05:00,128850,128924,128846,128917,18
2026-05-18 16:10:00,128917,129002,128896,129002,16
2026-05-18 16:15:00,129002,129176,129002,129095,31
2026-05-18 16:20:00,129095,129095,128956,129023,13
2026-05-18 16:25:00,129023,129023,128991,128995,5
2026-05-18 16:30:00,128995,129064,128995,129055,7
2026-05-18 16:35:00,129055,129055,129000,129000,17
2026-05-18 16:40:00,128941,128976,128890,128976,13
2026-05-18 16:45:00,128976,129027,128976,129027,8
2026-05-18 16:50:00,129027,129027,128942,128942,4
2026-05-18 16:55:00,128942,128942,128942,128942,1
2026-05-18 17:00:00,128942,129090,128942,129029,17
2026-05-18 17:05:00,129029,129234,129029,129234,47
2026-05-18 17:10:00,129234,129388,129169,129344,101
2026-05-18 17:15:00,129356,129454,129316,129316,77
2026-05-18 17:20:00,129316,129393,129292,129340,24
2026-05-18 17:25:00,129340,129434,129301,129408,38
2026-05-18 17:30:00,129408,129414,129350,129414,23
2026-05-18 17:35:00,129385,129531,129385,129531,46
2026-05-18 17:40:00,129531,129562,129451,129451,58
2026-05-18 17:45:00,129451,129520,129384,129412,18
2026-05-18 17:50:00,129412,129454,129354,129453,32
2026-05-18 17:55:00,129453,129506,129415,129430,46
2026-05-18 18:00:00,129430,129597,129411,129575,89
2026-05-18 18:05:00,129571,129650,129548,129622,105
2026-05-18 18:10:00,129622,129789,129607,129740,90
2026-05-18 18:15:00,129740,129760,129628,129700,36
2026-05-18 18:20:00,129700,129739,129572,129572,51
2026-05-18 18:25:00,129572,129769,129572,129705,52
2026-05-18 18:30:00,129705,129789,129575,129584,54
2026-05-18 18:35:00,129584,129689,129584,129689,13
2026-05-18 18:40:00,129590,129668,129590,129668,27
2026-05-18 18:45:00,129668,129668,129576,129645,28
2026-05-18 18:50:00,129645,129738,129631,129738,24
2026-05-18 18:55:00,129738,129800,129735,129735,33
2026-05-18 19:00:00,129735,129859,129714,129859,24
2026-05-18 19:05:00,129859,129862,129738,129780,47
2026-05-18 19:10:00,129780,129877,129700,129715,24
2026-05-18 19:15:00,129715,129898,129715,129841,33
2026-05-18 19:20:00,129841,129990,129798,129989,64
2026-05-18 19:25:00,129987,129987,129864,129864,33
2026-05-18 19:30:00,129864,129864,129727,129727,12
2026-05-18 19:35:00,129727,129750,129586,129652,16
2026-05-18 19:40:00,129652,129783,129652,129653,8
2026-05-18 19:45:00,129653,129700,129627,129631,3
2026-05-18 19:50:00,129631,129674,129531,129548,31
2026-05-18 19:55:00,129548,129589,129528,129531,33
2026-05-18 20:00:00,129566,129566,129419,129450,56
2026-05-18 20:05:00,129450,129480,129375,129450,42
2026-05-18 20:10:00,129450,129516,129324,129516,44
2026-05-18 20:15:00,129516,129516,129362,129422,24
2026-05-18 20:20:00,129422,129540,129420,129500,6
2026-05-18 20:25:00,129500,129500,129423,129423,7
2026-05-18 20:30:00,129423,129495,129300,129360,64
2026-05-18 20:35:00,129360,129448,129350,129380,11
2026-05-18 20:40:00,129380,129450,129311,129428,34
2026-05-18 20:45:00,129428,129428,129366,129366,7
2026-05-18 20:50:00,129350,129385,129350,129385,5
2026-05-18 20:55:00,129385,129385,129360,129375,4
2026-05-18 21:00:00,129375,129418,129310,129418,12
2026-05-18 21:05:00,129428,129428,129428,129428,4
2026-05-18 21:10:00,129428,129454,129428,129428,18
2026-05-18 21:15:00,129428,129428,129428,129428,4
2026-05-18 21:20:00,129428,129464,129400,129458,24
2026-05-18 21:25:00,129458,129492,129458,129492,11
2026-05-18 21:30:00,129492,129492,129390,129410,18
2026-05-18 21:35:00,129410,129470,129410,129438,14
2026-05-18 21:40:00,129438,129490,129433,129443,13
2026-05-18 21:45:00,129443,129490,129443,129484,6
2026-05-18 21:50:00,129484,129484,129443,129444,6
2026-05-18 21:55:00,129444,129444,129300,129300,46
2026-05-18 22:00:00,129300,129349,129253,129253,36
2026-05-18 22:05:00,129253,129350,129253,129321,23
2026-05-18 22:10:00,129321,129365,129321,129349,3
2026-05-18 22:15:00,129349,129364,129293,129364,16
2026-05-18 22:20:00,129364,129483,129364,129483,4
2026-05-18 22:25:00,129483,129483,129400,129447,5
2026-05-18 22:30:00,129447,129447,129351,129408,24
2026-05-18 22:35:00,129408,129482,129408,129478,18
2026-05-18 22:40:00,129478,129478,129427,129427,7
2026-05-18 22:45:00,129427,129478,129409,129429,6
2026-05-18 22:50:00,129429,129466,129411,129466,7
2026-05-18 22:55:00,129466,129466,129409,129409,8
2026-05-18 23:00:00,129409,129409,129310,129364,30
2026-05-18 23:05:00,129399,129399,129308,129398,27
2026-05-18 23:10:00,129398,129408,129334,129400,28
2026-05-18 23:15:00,129400,129408,129400,129408,12
2026-05-18 23:20:00,129351,129406,129335,129401,46
2026-05-18 23:25:00,129351,129408,129341,129400,44
2026-05-19 09:00:00,129048,129635,129048,129530,91
2026-05-19 09:05:00,129530,129749,129530,129749,70
2026-05-19 09:10:00,129749,129749,129577,129588,34
2026-05-19 09:15:00,129588,129643,129493,129643,42
2026-05-19 09:20:00,129643,129709,129643,129709,12
2026-05-19 09:25:00,129709,129712,129509,129512,30
2026-05-19 09:30:00,129512,129519,129475,129475,12
2026-05-19 09:35:00,129475,129499,129458,129477,12
2026-05-19 09:40:00,129435,129453,129394,129427,15
2026-05-19 09:45:00,129427,129451,129390,129407,12
2026-05-19 09:50:00,129407,129463,129402,129413,10
2026-05-19 09:55:00,129413,129468,129359,129359,12
2026-05-19 10:00:00,129359,129422,129350,129350,25
2026-05-19 10:05:00,129350,129450,129311,129446,22
2026-05-19 10:10:00,129446,129487,129400,129419,22
2026-05-19 10:15:00,129419,129519,129419,129501,7
2026-05-19 10:20:00,129501,129594,129501,129594,16
2026-05-19 10:25:00,129594,129604,129516,129516,14
2026-05-19 10:30:00,129516,129631,129516,129631,4
2026-05-19 10:35:00,129631,129647,129595,129595,10
2026-05-19 10:40:00,129595,129632,129595,129604,9
2026-05-19 10:45:00,129604,129649,129591,129591,9
2026-05-19 10:50:00,129591,129591,129384,129504,14
2026-05-19 10:55:00,129504,129589,129414,129569,13
2026-05-19 11:00:00,129569,129569,129450,129471,17
2026-05-19 11:05:00,129471,129500,129464,129464,5
2026-05-19 11:10:00,129464,129496,129464,129496,1
2026-05-19 11:15:00,129496,129513,129496,129513,6
2026-05-19 11:20:00,129513,129513,129500,129500,3
2026-05-19 11:25:00,129525,129606,129522,129522,30
2026-05-19 11:30:00,129520,129530,129400,129504,30
2026-05-19 11:35:00,129504,129550,129497,129550,4
2026-05-19 11:40:00,129573,129590,129573,129581,5
2026-05-19 11:45:00,129581,129650,129579,129640,20
2026-05-19 11:50:00,129640,129650,129612,129644,35
2026-05-19 11:55:00,129644,129677,129641,129650,12
2026-05-19 12:00:00,129650,129650,129595,129595,2
2026-05-19 12:05:00,129595,129653,129547,129653,4
2026-05-19 12:10:00,129653,129653,129600,129600,3
2026-05-19 12:15:00,129600,129629,129545,129545,8
2026-05-19 12:20:00,129545,129614,129537,129566,8
2026-05-19 12:25:00,129566,129634,129566,129634,5
2026-05-19 12:30:00,129634,129648,129567,129648,8
2026-05-19 12:35:00,129648,129699,129639,129699,22
2026-05-19 12:40:00,129699,129699,129631,129631,4
2026-05-19 12:45:00,129631,129631,129631,129631,1
2026-05-19 12:50:00,129631,129653,129631,129653,6
2026-05-19 12:55:00,129653,129653,129589,129624,8
2026-05-19 13:00:00,129624,129650,129597,129650,31
2026-05-19 13:05:00,129650,129650,129591,129591,8
2026-05-19 13:10:00,129566,129566,129550,129550,3
2026-05-19 13:15:00,129550,129650,129550,129644,42
2026-05-19 13:20:00,129644,129650,129610,129650,13
2026-05-19 13:25:00,129650,129700,129644,129699,36
2026-05-19 13:30:00,129699,129699,129607,129627,6
2026-05-19 13:35:00,129627,129645,129550,129577,11
2026-05-19 13:40:00,129550,129653,129550,129566,38
2026-05-19 13:45:00,129566,129632,129566,129580,7
2026-05-19 13:50:00,129580,129601,129551,129551,5
2026-05-19 13:55:00,129551,129579,129504,129529,41
2026-05-19 14:00:00,129529,129588,129527,129587,6
2026-05-19 14:05:00,129587,129626,129566,129623,13
2026-05-19 14:10:00,129623,129623,129550,129550,13
2026-05-19 14:15:00,129550,129658,129550,129562,10
2026-05-19 14:20:00,129562,129562,129550,129550,2
2026-05-19 14:25:00,129550,129635,129550,129629,9
2026-05-19 14:30:00,129629,129629,129550,129550,22
2026-05-19 14:35:00,129550,129550,129550,129550,5
2026-05-19 14:40:00,129550,129550,129505,129505,4
2026-05-19 14:45:00,129505,129505,129500,129500,15
2026-05-19 14:50:00,129500,129580,129494,129580,19
2026-05-19 14:55:00,129580,129580,129482,129515,14
2026-05-19 15:00:00,129495,129495,129495,129495,3
2026-05-19 15:05:00,129495,129495,129490,129490,4
2026-05-19 15:10:00,129484,129484,129484,129484,1
2026-05-19 15:15:00,129484,129550,129475,129550,12
2026-05-19 15:20:00,129550,129550,129498,129549,7
2026-05-19 15:25:00,129549,129570,129503,129503,8
2026-05-19 15:30:00,129503,129547,129500,129544,20
2026-05-19 15:35:00,129544,129547,129502,129547,16
2026-05-19 15:40:00,129547,129552,129500,129552,12
2026-05-19 15:45:00,129552,129563,129534,129535,10
2026-05-19 15:50:00,129535,129535,129488,129488,15
2026-05-19 15:55:00,129570,129570,129475,129475,16
2026-05-19 16:00:00,129475,129558,129475,129505,19
2026-05-19 16:05:00,129505,129529,129484,129506,36
2026-05-19 16:10:00,129506,129510,129401,129424,23
2026-05-19 16:15:00,129424,129474,129401,129413,28
2026-05-19 16:20:00,129413,129451,129413,129438,22
2026-05-19 16:25:00,129438,129532,129438,129476,55
2026-05-19 16:30:00,129476,129572,129476,129530,126
2026-05-19 16:35:00,129530,129550,129458,129520,46
2026-05-19 16:40:00,129520,129520,129482,129484,16
2026-05-19 16:45:00,129484,129490,129484,129490,17
2026-05-19 16:50:00,129479,129490,129465,129490,14
2026-05-19 16:55:00,129490,129490,129450,129450,2
2026-05-19 17:00:00,129450,129450,129450,129450,0
2026-05-19 17:05:00,129450,129555,129426,129452,30
2026-05-19 17:10:00,129452,129499,129443,129459,18
2026-05-19 17:15:00,129459,129500,129432,129500,11
2026-05-19 17:20:00,129500,129500,129500,129500,2
2026-05-19 17:25:00,129500,129500,129421,129421,5
2026-05-19 17:30:00,129421,129421,129396,129404,58
2026-05-19 17:35:00,129404,129404,129398,129404,83
2026-05-19 17:40:00,129498,129501,129421,129421,41
2026-05-19 17:45:00,129421,129421,129391,129391,8
2026-05-19 17:50:00,129399,129425,129399,129400,12
2026-05-19 17:55:00,129400,129400,129360,129399,45
2026-05-19 18:00:00,129399,129400,129386,129386,109
2026-05-19 18:05:00,129386,129446,129386,129411,17
2026-05-19 18:10:00,129411,129458,129391,129391,17
2026-05-19 18:15:00,129391,129391,129381,129381,2
2026-05-19 18:20:00,129381,129455,129381,129455,3
2026-05-19 18:25:00,129455,129472,129454,129472,7
2026-05-19 18:30:00,129472,129472,129200,129256,66
2026-05-19 18:35:00,129256,129297,129122,129240,52
2026-05-19 18:40:00,129240,129256,129168,129256,15
2026-05-19 18:45:00,129226,129226,129168,129168,19
2026-05-19 18:50:00,129168,129173,128950,128950,144
2026-05-19 18:55:00,128950,128950,128759,128764,116
2026-05-19 19:00:00,128752,128787,128350,128500,199
2026-05-19 19:05:00,128500,128641,128385,128412,165
2026-05-19 19:10:00,128412,128502,128352,128417,115
2026-05-19 19:15:00,128481,128696,128445,128550,171
2026-05-19 19:20:00,128550,128756,128550,128734,190
2026-05-19 19:25:00,128734,128800,128625,128720,49
2026-05-19 19:30:00,128720,128780,128595,128780,74
2026-05-19 19:35:00,128800,128852,128640,128760,95
2026-05-19 19:40:00,128760,128760,128600,128600,12
2026-05-19 19:45:00,128600,128694,128560,128615,39
2026-05-19 19:50:00,128615,128699,128507,128507,91
2026-05-19 19:55:00,128507,128599,128500,128505,58
2026-05-19 20:00:00,128505,128589,128500,128500,50
2026-05-19 20:05:00,128500,128598,128500,128501,19
2026-05-19 20:10:00,128501,128599,128501,128578,11
2026-05-19 20:15:00,128578,128593,128537,128538,6
2026-05-19 20:20:00,128538,128574,128469,128469,111
2026-05-19 20:25:00,128412,128523,128412,128502,17
2026-05-19 20:30:00,128502,128600,128502,128592,28
2026-05-19 20:35:00,128592,128666,128524,128666,22
2026-05-19 20:40:00,128666,128699,128605,128698,7
2026-05-19 20:45:00,128698,128800,128622,128738,55
2026-05-19 20:50:00,128725,128725,128592,128616,14
2026-05-19 20:55:00,128616,128729,128616,128728,15
2026-05-19 21:00:00,128728,128763,128634,128763,28
2026-05-19 21:05:00,128763,128767,128686,128686,5
2026-05-19 21:10:00,128686,128729,128635,128635,15
2026-05-19 21:15:00,128635,128650,128584,128584,11
2026-05-19 21:20:00,128584,128670,128584,128663,5
2026-05-19 21:25:00,128663,128663,128629,128629,3
2026-05-19 21:30:00,128629,128642,128629,128642,1
2026-05-19 21:35:00,128642,128644,128580,128580,44
2026-05-19 21:40:00,128580,128580,128550,128550,15
2026-05-19 21:45:00,128550,128582,128511,128579,13
2026-05-19 21:50:00,128579,128595,128537,128595,4
2026-05-19 21:55:00,128595,128630,128579,128596,19
2026-05-19 22:00:00,128596,128651,128596,128622,26
2026-05-19 22:05:00,128622,128622,128575,128598,7
2026-05-19 22:10:00,128598,128598,128575,128596,7
2026-05-19 22:15:00,128596,128616,128576,128576,11
2026-05-19 22:20:00,128576,128585,128576,128585,6
2026-05-19 22:25:00,128585,128632,128585,128591,6
2026-05-19 22:30:00,128591,128638,128591,128638,18
2026-05-19 22:35:00,128638,128656,128596,128656,11
2026-05-19 22:40:00,128656,128668,128585,128585,14
2026-05-19 22:45:00,128585,128669,128585,128669,7
2026-05-19 22:50:00,128669,128669,128575,128575,45
2026-05-19 22:55:00,128575,128589,128526,128589,14
2026-05-19 23:00:00,128589,128634,128551,128594,36
2026-05-19 23:05:00,128594,128631,128552,128556,6
2026-05-19 23:10:00,128556,128611,128556,128564,11
2026-05-19 23:15:00,128564,128574,128530,128530,55
2026-05-19 23:20:00,128499,128595,128499,128525,67
2026-05-19 23:25:00,128525,128697,128500,128660,50
2026-05-20 09:00:00,128197,128197,127792,128000,166
2026-05-20 09:05:00,128000,128200,128000,128117,82
2026-05-20 09:10:00,128117,128129,128005,128005,45
2026-05-20 09:15:00,128005,128039,128005,128022,37
2026-05-20 09:20:00,128022,128022,127881,127922,63
2026-05-20 09:25:00,127922,128040,127922,128040,22
2026-05-20 09:30:00,128040,128127,127997,128038,40
2026-05-20 09:35:00,128038,128063,127930,127940,31
2026-05-20 09:40:00,127940,128032,127939,128032,24
2026-05-20 09:45:00,128032,128061,128000,128020,21
2026-05-20 09:50:00,128020,128020,127921,127921,16
2026-05-20 09:55:00,127921,127943,127899,127899,18
2026-05-20 10:00:00,127899,127918,127859,127914,41
2026-05-20 10:05:00,127914,127923,127851,127854,15
2026-05-20 10:10:00,127854,127922,127851,127922,10
2026-05-20 10:15:00,127922,127922,127851,127903,12
2026-05-20 10:20:00,127903,127936,127874,127874,19
2026-05-20 10:25:00,127874,127901,127874,127899,8
2026-05-20 10:30:00,127899,128017,127899,128017,11
2026-05-20 10:35:00,128017,128066,127965,127965,25
2026-05-20 10:40:00,127965,128020,127965,128020,2
2026-05-20 10:45:00,128020,128020,127950,127950,19
2026-05-20 10:50:00,127950,127995,127950,127995,6
2026-05-20 10:55:00,127995,128003,127944,128003,6
2026-05-20 11:00:00,128003,128125,128003,128125,22
2026-05-20 11:05:00,128125,128150,128100,128100,33
2026-05-20 11:10:00,128100,128137,128100,128137,2
2026-05-20 11:15:00,128137,128137,127929,127929,4
2026-05-20 11:20:00,127929,127971,127929,127971,1
2026-05-20 11:25:00,127971,128118,127971,128118,4
2026-05-20 11:30:00,128118,128135,128102,128135,5
2026-05-20 11:35:00,128135,128150,128045,128127,16
2026-05-20 11:40:00,128127,128127,128000,128064,24
2026-05-20 11:45:00,128064,128149,128064,128149,10
2026-05-20 11:50:00,128149,128179,128078,128100,105
2026-05-20 11:55:00,128100,128189,128078,128177,31
2026-05-20 12:00:00,128177,128198,128085,128115,25
2026-05-20 12:05:00,128130,128130,128026,128108,86
2026-05-20 12:10:00,128108,128156,128093,128153,36
2026-05-20 12:15:00,128153,128356,128153,128315,93
2026-05-20 12:20:00,128315,128449,128291,128373,24
2026-05-20 12:25:00,128373,128413,128311,128367,46
2026-05-20 12:30:00,128367,128490,128302,128302,37
2026-05-20 12:35:00,128302,128401,128302,128401,26
2026-05-20 12:40:00,128401,128489,128401,128402,24
2026-05-20 12:45:00,128402,128421,128351,128399,12
2026-05-20 12:50:00,128399,128429,128301,128311,17
2026-05-20 12:55:00,128311,128388,128231,128375,128
2026-05-20 13:00:00,128375,128375,128231,128232,14
2026-05-20 13:05:00,128232,128296,128196,128225,27
2026-05-20 13:10:00,128225,128330,128215,128257,54
2026-05-20 13:15:00,128257,128257,128145,128182,9
2026-05-20 13:20:00,128182,128235,128129,128206,44
2026-05-20 13:25:00,128206,128258,128190,128190,9
2026-05-20 13:30:00,128190,128200,128190,128200,1
2026-05-20 13:35:00,128200,128240,128200,128240,4
2026-05-20 13:40:00,128240,128269,128200,128269,2
2026-05-20 13:45:00,128269,128300,128269,128292,2
2026-05-20 13:50:00,128292,128362,128230,128362,9
2026-05-20 13:55:00,128362,128378,128274,128368,19
2026-05-20 14:00:00,128381,128450,128294,128294,49
2026-05-20 14:05:00,128294,128294,128200,128200,44
2026-05-20 14:10:00,128200,128254,128142,128253,40
2026-05-20 14:15:00,128253,128364,128242,128364,15
2026-05-20 14:20:00,128364,128406,128356,128404,25
2026-05-20 14:25:00,128404,128423,128302,128337,13
2026-05-20 14:30:00,128337,128406,128335,128335,8
2026-05-20 14:35:00,128335,128411,128302,128314,12
2026-05-20 14:40:00,128314,128314,128314,128314,0
2026-05-20 14:45:00,128314,128314,128258,128297,2
2026-05-20 14:50:00,128297,128314,128297,128300,4
2026-05-20 14:55:00,128300,128329,128255,128255,13
2026-05-20 15:00:00,128255,128300,128255,128272,10
2026-05-20 15:05:00,128272,128315,128272,128315,2
2026-05-20 15:10:00,128315,128350,128315,128350,8
2026-05-20 15:15:00,128350,128350,128300,128300,1
2026-05-20 15:20:00,128300,128400,128286,128383,11
2026-05-20 15:25:00,128383,128397,128358,128396,7
2026-05-20 15:30:00,128389,128389,128378,128389,16
2026-05-20 15:35:00,128389,128498,128389,128498,17
2026-05-20 15:40:00,128498,128539,128487,128539,33
2026-05-20 15:45:00,128539,128588,128513,128572,25
2026-05-20 15:50:00,128572,128601,128532,128601,17
2026-05-20 15:55:00,128601,128602,128538,128538,16
2026-05-20 16:00:00,128538,128700,128433,128648,178
2026-05-20 16:05:00,128648,128769,128648,128764,52
2026-05-20 16:10:00,128687,128800,128666,128686,62
2026-05-20 16:15:00,128700,128761,128672,128672,20
2026-05-20 16:20:00,128703,128727,128690,128694,14
2026-05-20 16:25:00,128731,128744,128696,128697,26
2026-05-20 16:30:00,128697,128729,128648,128648,11
2026-05-20 16:35:00,128648,128722,128648,128722,7
2026-05-20 16:40:00,128722,128722,128669,128675,13
2026-05-20 16:45:00,128675,128706,128621,128621,10
2026-05-20 16:50:00,128621,128621,128547,128621,3
2026-05-20 16:55:00,128621,128999,128621,128786,114
2026-05-20 17:00:00,128786,128834,128774,128831,17
2026-05-20 17:05:00,128831,128831,128658,128658,42
2026-05-20 17:10:00,128658,128706,128650,128676,12
2026-05-20 17:15:00,128676,128676,128611,128626,10
2026-05-20 17:20:00,128626,128680,128626,128680,7
2026-05-20 17:25:00,128680,128725,128672,128672,16
2026-05-20 17:30:00,128672,128740,128672,128740,4
2026-05-20 17:35:00,128740,128740,128724,128724,7
2026-05-20 17:40:00,128724,128745,128702,128710,11
2026-05-20 17:45:00,128710,128710,128701,128701,4
2026-05-20 17:50:00,128701,128729,128678,128690,9
2026-05-20 17:55:00,128690,128695,128689,128695,4
2026-05-20 18:00:00,128695,128900,128695,128900,13
2026-05-20 18:05:00,128900,128901,128858,128858,7
2026-05-20 18:10:00,128858,128945,128817,128945,8
2026-05-20 18:15:00,128945,128945,128700,128876,44
2026-05-20 18:20:00,128876,128876,128788,128788,9
2026-05-20 18:25:00,128788,128811,128722,128722,16
2026-05-20 18:30:00,128722,128811,128721,128811,7
2026-05-20 18:35:00,128811,128811,128673,128730,44
2026-05-20 18:40:00,128730,128811,128702,128811,10
2026-05-20 18:45:00,128811,128880,128811,128813,9
2026-05-20 18:50:00,128814,128814,128743,128743,8
2026-05-20 18:55:00,128743,128743,128639,128639,9
2026-05-20 19:00:00,128642,128685,128580,128651,31
2026-05-20 19:05:00,128651,128681,128522,128614,74
2026-05-20 19:10:00,128614,128614,128529,128575,23
2026-05-20 19:15:00,128575,128642,128569,128575,28
2026-05-20 19:20:00,128575,128591,128575,128575,7
2026-05-20 19:25:00,128575,128575,128520,128526,28
2026-05-20 19:30:00,128526,128575,128506,128570,21
2026-05-20 19:35:00,128570,128575,128501,128501,22
2026-05-20 19:40:00,128501,128501,128240,128449,82
2026-05-20 19:45:00,128449,128767,128449,128681,66
2026-05-20 19:50:00,128681,128850,128659,128673,77
2026-05-20 19:55:00,128673,128836,128673,128836,6
2026-05-20 20:00:00,128836,128955,128830,128920,127
2026-05-20 20:05:00,128920,128920,128764,128858,40
2026-05-20 20:10:00,128858,128900,128800,128900,23
2026-05-20 20:15:00,128900,128900,128836,128860,9
2026-05-20 20:20:00,128860,128953,128860,128953,38
2026-05-20 20:25:00,128953,129000,128939,128991,50
2026-05-20 20:30:00,128991,128991,128912,128912,11
2026-05-20 20:35:00,128912,128973,128817,128930,17
2026-05-20 20:40:00,128930,128937,128860,128860,6
2026-05-20 20:45:00,128860,129121,128860,129100,67
2026-05-20 20:50:00,129100,129100,128979,128979,33
2026-05-20 20:55:00,128979,129061,128979,129001,25
2026-05-20 21:00:00,129001,129090,128981,129051,35
2026-05-20 21:05:00,129051,129136,129051,129136,40
2026-05-20 21:10:00,129101,129141,129100,129101,27
2026-05-20 21:15:00,129101,129140,129101,129104,15
2026-05-20 21:20:00,129104,129105,129009,129043,35
2026-05-20 21:25:00,129043,129087,128950,129007,14
2026-05-20 21:30:00,129007,129090,129007,129088,25
2026-05-20 21:35:00,129088,129119,129054,129062,10
2026-05-20 21:40:00,129062,129140,129011,129079,38
2026-05-20 21:45:00,129079,129183,129072,129082,108
2026-05-20 21:50:00,129082,129193,129005,129039,147
2026-05-20 21:55:00,129039,129163,129002,129163,87
2026-05-20 22:00:00,129163,129199,129039,129039,83
2026-05-20 22:05:00,129039,129132,129025,129132,12
2026-05-20 22:10:00,129132,129279,129078,129138,123
2026-05-20 22:15:00,129138,129249,129138,129153,47
2026-05-20 22:20:00,129153,129154,129120,129120,5
2026-05-20 22:25:00,129120,129160,129120,129160,10
2026-05-20 22:30:00,129160,129160,129122,129123,8
2026-05-20 22:35:00,129123,129123,129121,129121,3
2026-05-20 22:40:00,129141,129148,129100,129100,22
2026-05-20 22:45:00,129100,129152,129100,129131,12
2026-05-20 22:50:00,129131,129170,129101,129122,8
2026-05-20 22:55:00,129122,129200,129017,129200,65
2026-05-20 23:00:00,129200,129200,129002,129105,32
2026-05-20 23:05:00,129105,129164,129077,129077,13
2026-05-20 23:10:00,129077,129158,129077,129086,46
2026-05-20 23:15:00,129086,129149,129060,129062,36
2026-05-20 23:20:00,129060,129222,129034,129150,27
2026-05-20 23:25:00,129120,129292,129120,129292,36
2026-05-21 09:00:00,129285,129375,129026,129026,65
2026-05-21 09:05:00,129026,129159,129021,129079,38
2026-05-21 09:10:00,129079,129108,129032,129040,19
2026-05-21 09:15:00,129040,129115,129040,129115,10
2026-05-21 09:20:00,129115,129115,128875,128944,48
2026-05-21 09:25:00,128944,128952,128867,128927,27
2026-05-21 09:30:00,128927,129040,128888,129040,24
2026-05-21 09:35:00,129040,129097,129022,129097,7
2026-05-21 09:40:00,129097,129159,129080,129114,71
2026-05-21 09:45:00,129114,129197,129114,129150,79
2026-05-21 09:50:00,129150,129190,128981,129014,64
2026-05-21 09:55:00,129014,129078,128947,129078,24
2026-05-21 10:00:00,129078,129078,128919,128943,7
2026-05-21 10:05:00,128943,129009,128943,128986,5
2026-05-21 10:10:00,128986,129009,128985,129009,5
2026-05-21 10:15:00,129009,129137,128961,129000,30
2026-05-21 10:20:00,129000,129000,128975,129000,2
2026-05-21 10:25:00,129000,129004,128982,128982,4
2026-05-21 10:30:00,128982,129084,128982,129084,12
2026-05-21 10:35:00,129084,129084,128954,128954,11
2026-05-21 10:40:00,128954,129056,128930,128972,29
2026-05-21 10:45:00,128972,129031,128921,128921,17
2026-05-21 10:50:00,128921,128921,128849,128851,30
2026-05-21 10:55:00,128851,128925,128836,128898,22
2026-05-21 11:00:00,128898,128913,128825,128891,14
2026-05-21 11:05:00,128891,128910,128850,128870,15
2026-05-21 11:10:00,128910,128910,128840,128880,10
2026-05-21 11:15:00,128880,128880,128800,128800,22
2026-05-21 11:20:00,128800,128879,128800,128800,20
2026-05-21 11:25:00,128800,128987,128800,128987,34
2026-05-21 11:30:00,128987,129051,128987,129043,11
2026-05-21 11:35:00,129043,129043,129043,129043,1
2026-05-21 11:40:00,129043,129043,128903,128903,7
2026-05-21 11:45:00,128903,128943,128903,128908,5
2026-05-21 11:50:00,129008,129150,128967,128993,49
2026-05-21 11:55:00,128993,129029,128993,129028,2
2026-05-21 12:00:00,129028,129109,128914,128914,27
2026-05-21 12:05:00,128914,129055,128914,128964,28
2026-05-21 12:10:00,128964,128964,128865,128876,14
2026-05-21 12:15:00,128876,128876,128860,128860,4
2026-05-21 12:20:00,128860,128878,128801,128801,16
2026-05-21 12:25:00,128801,128869,128767,128774,21
2026-05-21 12:30:00,128774,128851,128774,128817,18
2026-05-21 12:35:00,128819,128830,128774,128830,10
2026-05-21 12:40:00,128830,128830,128750,128750,11
2026-05-21 12:45:00,128750,128769,128700,128703,19
2026-05-21 12:50:00,128703,128800,128703,128782,4
2026-05-21 12:55:00,128782,128782,128700,128700,9
2026-05-21 13:00:00,128700,128752,128611,128711,44
2026-05-21 13:05:00,128711,128766,128711,128754,4
2026-05-21 13:10:00,128754,128754,128735,128735,2
2026-05-21 13:15:00,128735,128735,128695,128702,4
2026-05-21 13:20:00,128680,128739,128680,128739,3
2026-05-21 13:25:00,128739,128802,128719,128719,12
2026-05-21 13:30:00,128719,128749,128708,128708,6
2026-05-21 13:35:00,128708,128861,128708,128861,18
2026-05-21 13:40:00,128861,128965,128861,128965,22
2026-05-21 13:45:00,128965,128966,128901,128909,9
2026-05-21 13:50:00,128909,128909,128866,128893,2
2026-05-21 13:55:00,128893,128949,128883,128949,7
2026-05-21 14:00:00,128949,128950,128893,128950,11
2026-05-21 14:05:00,128950,128950,128872,128872,15
2026-05-21 14:10:00,128872,128943,128872,128943,4
2026-05-21 14:15:00,128943,128943,128943,128943,0
2026-05-21 14:20:00,128943,128943,128888,128938,15
2026-05-21 14:25:00,128938,128978,128938,128978,15
2026-05-21 14:30:00,128978,128978,128976,128976,16
2026-05-21 14:35:00,128976,129000,128936,128999,30
2026-05-21 14:40:00,128999,129022,128998,129022,10
2026-05-21 14:45:00,129022,129087,129022,129038,17
2026-05-21 14:50:00,129038,129088,129021,129079,8
2026-05-21 14:55:00,129079,129079,129052,129052,3
2026-05-21 15:00:00,129052,129052,129000,129000,10
2026-05-21 15:05:00,129000,129000,128941,128968,4
2026-05-21 15:10:00,128968,128999,128800,128800,19
2026-05-21 15:15:00,128853,128889,128801,128850,13
2026-05-21 15:20:00,128850,128911,128850,128901,20
2026-05-21 15:25:00,128901,128901,128850,128850,6
2026-05-21 15:30:00,128850,128900,128850,128900,1
2026-05-21 15:35:00,128900,128964,128900,128949,5
2026-05-21 15:40:00,128949,128996,128926,128996,8
2026-05-21 15:45:00,128996,129000,128951,128951,8
2026-05-21 15:50:00,128951,128951,128934,128934,5
2026-05-21 15:55:00,128934,128934,128800,128819,33
2026-05-21 16:00:00,128819,128949,128772,128949,47
2026-05-21 16:05:00,128949,128949,128821,128841,7
2026-05-21 16:10:00,128777,128884,128777,128884,13
2026-05-21 16:15:00,128900,128900,128802,128846,21
2026-05-21 16:20:00,128846,128883,128846,128846,11
2026-05-21 16:25:00,128846,128846,128778,128811,5
2026-05-21 16:30:00,128811,128909,128811,128909,3
2026-05-21 16:35:00,128831,128831,128780,128780,2
2026-05-21 16:40:00,128780,128895,128780,128826,10
2026-05-21 16:45:00,128826,128826,128821,128821,7
2026-05-21 16:50:00,128821,128907,128821,128907,3
2026-05-21 16:55:00,128907,128907,128800,128800,17
2026-05-21 17:00:00,128800,128849,128698,128750,47
2026-05-21 17:05:00,128750,128750,128682,128740,21
2026-05-21 17:10:00,128740,128777,128686,128708,5
2026-05-21 17:15:00,128708,128824,128689,128756,15
2026-05-21 17:20:00,128756,128850,128756,128850,2
2026-05-21 17:25:00,128850,128850,128850,128850,0
2026-05-21 17:30:00,128850,128850,128724,128750,27
2026-05-21 17:35:00,128750,128792,128740,128756,7
2026-05-21 17:40:00,128756,128791,128756,128769,6
2026-05-21 17:45:00,128769,128769,128702,128702,3
2026-05-21 17:50:00,128702,128707,128701,128707,35
2026-05-21 17:55:00,128707,128710,128651,128651,28
2026-05-21 18:00:00,128651,128750,128651,128750,10
2026-05-21 18:05:00,128750,128800,128690,128799,11
2026-05-21 18:10:00,128799,128799,128750,128750,4
2026-05-21 18:15:00,128750,128830,128722,128722,15
2026-05-21 18:20:00,128722,128817,128722,128817,3
2026-05-21 18:25:00,128749,128766,128641,128647,66
2026-05-21 18:30:00,128647,128811,128625,128799,12
2026-05-21 18:35:00,128799,128811,128660,128664,21
2026-05-21 18:40:00,128664,128732,128632,128640,18
2026-05-21 18:45:00,128640,128649,128566,128566,38
2026-05-21 18:50:00,128566,128683,128566,128589,24
2026-05-21 18:55:00,128589,128644,128502,128509,41
2026-05-21 19:00:00,128509,128509,128320,128327,124
2026-05-21 19:05:00,128371,128495,128344,128344,69
2026-05-21 19:10:00,128344,128653,128344,128595,40
2026-05-21 19:15:00,128595,128625,128527,128581,12
2026-05-21 19:20:00,128581,128805,128570,128800,66
2026-05-21 19:25:00,128800,128800,128732,128778,21
2026-05-21 19:30:00,128778,128778,128650,128650,14
2026-05-21 19:35:00,128624,128624,128556,128556,6
2026-05-21 19:40:00,128556,128675,128556,128639,11
2026-05-21 19:45:00,128670,128670,128555,128555,8
2026-05-21 19:50:00,128555,128637,128555,128637,10
2026-05-21 19:55:00,128637,128637,128637,128637,4
2026-05-21 20:00:00,128637,128711,128637,128660,5
2026-05-21 20:05:00,128660,128660,128660,128660,0
2026-05-21 20:10:00,128660,128660,128593,128625,12
2026-05-21 20:15:00,128625,128625,128590,128590,4
2026-05-21 20:20:00,128590,128732,128550,128664,16
2026-05-21 20:25:00,128654,128700,128650,128690,10
2026-05-21 20:30:00,128690,128690,128624,128624,4
2026-05-21 20:35:00,128624,128624,128548,128548,3
2026-05-21 20:40:00,128548,128730,128548,128730,12
2026-05-21 20:45:00,128730,128730,128647,128647,2
2026-05-21 20:50:00,128647,128655,128644,128644,6
2026-05-21 20:55:00,128694,128694,128694,128694,5
2026-05-21 21:00:00,128694,128694,128620,128639,10
2026-05-21 21:05:00,128639,128700,128639,128700,7
2026-05-21 21:10:00,128700,128700,128641,128641,1
2026-05-21 21:15:00,128641,128649,128621,128645,10
2026-05-21 21:20:00,128645,128759,128645,128759,13
2026-05-21 21:25:00,128759,128759,128648,128736,14
2026-05-21 21:30:00,128736,128789,128736,128781,23
2026-05-21 21:35:00,128781,128789,128750,128750,6
2026-05-21 21:40:00,128750,128789,128750,128750,7
2026-05-21 21:45:00,128750,128775,128716,128775,8
2026-05-21 21:50:00,128775,128775,128689,128771,8
2026-05-21 21:55:00,128771,128771,128759,128760,6
2026-05-21 22:00:00,128760,128770,128750,128770,10
2026-05-21 22:05:00,128770,128770,128712,128712,3
2026-05-21 22:10:00,128712,128757,128712,128757,1
2026-05-21 22:15:00,128757,128789,128704,128706,16
2026-05-21 22:20:00,128706,128721,128706,128721,4
2026-05-21 22:25:00,128721,128735,128630,128726,17
2026-05-21 22:30:00,128726,128733,128701,128733,6
2026-05-21 22:35:00,128733,128733,128723,128733,7
2026-05-21 22:40:00,128733,128769,128648,128747,52
2026-05-21 22:45:00,128747,128789,128725,128725,32
2026-05-21 22:50:00,128725,128849,128725,128752,25
2026-05-21 22:55:00,128752,128849,128752,128847,25
2026-05-21 23:00:00,128847,128894,128844,128844,41
2026-05-21 23:05:00,128844,129000,128844,128980,49
2026-05-21 23:10:00,128980,129049,128909,128909,31
2026-05-21 23:15:00,128909,128975,128909,128970,21
2026-05-21 23:20:00,128950,129048,128906,129047,29
2026-05-21 23:25:00,128972,129200,128972,129200,118
2026-05-22 09:00:00,128620,128912,128601,128890,49
2026-05-22 09:05:00,128890,129010,128866,128925,35
2026-05-22 09:10:00,128925,128993,128925,128993,20
2026-05-22 09:15:00,128993,129027,128974,129024,66
2026-05-22 09:20:00,129024,129024,128973,128982,58
2026-05-22 09:25:00,128982,129026,128934,128944,64
2026-05-22 09:30:00,128944,129100,128944,129003,31
2026-05-22 09:35:00,129003,129090,129003,129029,22
2026-05-22 09:40:00,129029,129029,128944,128944,22
2026-05-22 09:45:00,128944,128988,128907,128977,17
2026-05-22 09:50:00,128977,128977,128901,128901,8
2026-05-22 09:55:00,128901,128969,128901,128949,7
2026-05-22 10:00:00,128949,129070,128949,129070,9
2026-05-22 10:05:00,129070,129070,128965,129041,17
2026-05-22 10:10:00,129041,129041,128953,128957,8
2026-05-22 10:15:00,128957,128957,128957,128957,0
2026-05-22 10:20:00,128957,129000,128957,129000,29
2026-05-22 10:25:00,129000,129000,128960,128960,1
2026-05-22 10:30:00,128960,128960,128940,128940,10
2026-05-22 10:35:00,128940,128940,128918,128925,6
2026-05-22 10:40:00,128925,128949,128910,128946,8
2026-05-22 10:45:00,128946,128946,128910,128910,6
2026-05-22 10:50:00,128910,128921,128901,128917,8
2026-05-22 10:55:00,128917,128917,128901,128901,1
2026-05-22 11:00:00,128900,128900,128857,128857,16
2026-05-22 11:05:00,128857,129002,128857,129002,10
2026-05-22 11:10:00,129002,129049,128995,129048,8
2026-05-22 11:15:00,129048,129048,128956,128956,14
2026-05-22 11:20:00,128956,129025,128956,128957,10
2026-05-22 11:25:00,128957,128979,128732,128808,51
2026-05-22 11:30:00,128808,128857,128762,128762,10
2026-05-22 11:35:00,128762,128828,128762,128794,9
2026-05-22 11:40:00,128794,128873,128787,128793,15
2026-05-22 11:45:00,128793,128844,128790,128790,11
2026-05-22 11:50:00,128826,128850,128791,128850,10
2026-05-22 11:55:00,128850,128850,128850,128850,0
2026-05-22 12:00:00,128850,128888,128801,128884,11
2026-05-22 12:05:00,128884,128894,128884,128894,2
2026-05-22 12:10:00,128894,128894,128810,128810,10
2026-05-22 12:15:00,128810,128933,128810,128836,8
2026-05-22 12:20:00,128836,128902,128836,128890,5
2026-05-22 12:25:00,128890,128904,128827,128834,4
2026-05-22 12:30:00,128834,128834,128800,128800,4
2026-05-22 12:35:00,128800,128800,128765,128765,34
2026-05-22 12:40:00,128765,128765,128760,128760,1
2026-05-22 12:45:00,128760,128760,128735,128750,4
2026-05-22 12:50:00,128750,128813,128750,128813,10
2026-05-22 12:55:00,128813,128830,128750,128801,5
2026-05-22 13:00:00,128801,128801,128801,128801,0
2026-05-22 13:05:00,128801,128801,128701,128701,10
2026-05-22 13:10:00,128701,128753,128701,128753,5
2026-05-22 13:15:00,128753,128755,128702,128755,6
2026-05-22 13:20:00,128755,128833,128703,128833,14
2026-05-22 13:25:00,128833,128833,128833,128833,0
2026-05-22 13:30:00,128833,128850,128833,128833,4
2026-05-22 13:35:00,128833,128833,128815,128815,4
2026-05-22 13:40:00,128815,128880,128775,128775,4
2026-05-22 13:45:00,128775,128889,128775,128816,6
2026-05-22 13:50:00,128816,128816,128779,128816,3
2026-05-22 13:55:00,128877,128877,128877,128877,1
2026-05-22 14:00:00,128877,128877,128760,128760,1
2026-05-22 14:05:00,128760,128810,128760,128810,7
2026-05-22 14:10:00,128810,128883,128810,128883,6
2026-05-22 14:15:00,128888,128900,128888,128900,8
2026-05-22 14:20:00,128900,128900,128801,128801,1
2026-05-22 14:25:00,128801,128801,128801,128801,7
2026-05-22 14:30:00,128801,128802,128801,128802,2
2026-05-22 14:35:00,128802,128850,128802,128850,2
2026-05-22 14:40:00,128850,128850,128736,128736,14
2026-05-22 14:45:00,128736,128740,128710,128740,10
2026-05-22 14:50:00,128740,128766,128740,128753,4
2026-05-22 14:55:00,128753,128771,128745,128745,17
2026-05-22 15:00:00,128720,128771,128712,128735,12
2026-05-22 15:05:00,128735,128810,128735,128810,15
2026-05-22 15:10:00,128810,128810,128700,128791,16
2026-05-22 15:15:00,128791,128810,128790,128810,3
2026-05-22 15:20:00,128810,128874,128810,128874,24
2026-05-22 15:25:00,128874,128918,128874,128900,24
2026-05-22 15:30:00,128900,128900,128874,128894,16
2026-05-22 15:35:00,128905,128926,128813,128926,30
2026-05-22 15:40:00,128926,128943,128900,128900,14
2026-05-22 15:45:00,128900,128900,128900,128900,7
2026-05-22 15:55:00,128891,128891,128824,128824,4
2026-05-22 16:00:00,128824,128857,128810,128847,10
2026-05-22 16:05:00,128847,128852,128750,128800,5
2026-05-22 16:10:00,128800,128813,128739,128740,9
2026-05-22 16:15:00,128740,128781,128740,128771,2
2026-05-22 16:20:00,128771,128771,128748,128748,1
2026-05-22 16:25:00,128748,128779,128748,128772,7
2026-05-22 16:30:00,128779,128799,128760,128760,8
2026-05-22 16:35:00,128760,128838,128760,128800,13
2026-05-22 16:40:00,128800,128810,128782,128810,8
2026-05-22 16:45:00,128810,128810,128748,128772,20
2026-05-22 16:50:00,128772,128849,128772,128786,51
2026-05-22 16:55:00,128786,128800,128786,128800,1
2026-05-22 17:00:00,128800,128810,128780,128792,14
2026-05-22 17:05:00,128792,128810,128779,128795,18
2026-05-22 17:10:00,128795,128820,128779,128820,3
2026-05-22 17:15:00,128820,128830,128816,128830,13
2026-05-22 17:20:00,128816,128848,128802,128813,17
2026-05-22 17:25:00,128806,128806,128764,128764,13
2026-05-22 17:30:00,128764,128825,128732,128824,22
2026-05-22 17:35:00,128824,128824,128755,128755,4
2026-05-22 17:40:00,128755,128870,128755,128859,9
2026-05-22 17:45:00,128859,128875,128833,128875,13
2026-05-22 17:50:00,128875,128880,128780,128810,10
2026-05-22 17:55:00,128810,128860,128760,128760,7
2026-05-22 18:00:00,128760,128770,128760,128760,15
2026-05-22 18:05:00,128760,128783,128715,128725,24
2026-05-22 18:10:00,128725,128821,128715,128821,16
2026-05-22 18:15:00,128821,128821,128725,128725,16
2026-05-22 18:20:00,128725,128771,128725,128771,4
2026-05-22 18:25:00,128771,128808,128739,128808,33
2026-05-22 18:30:00,128808,128808,128772,128772,10
2026-05-22 18:35:00,128772,128772,128772,128772,0
2026-05-22 18:40:00,128772,128880,128772,128852,28
2026-05-22 18:45:00,128852,128852,128777,128780,22
2026-05-22 18:50:00,128780,128780,128774,128774,5
2026-05-22 18:55:00,128774,128774,128762,128762,3
2026-05-22 19:00:00,128762,128865,128760,128768,12
2026-05-22 19:05:00,128768,128806,128750,128750,27
2026-05-22 19:10:00,128748,128748,128712,128712,65
2026-05-22 19:15:00,128712,128730,128653,128653,18
2026-05-22 19:20:00,128653,128745,128653,128745,19
2026-05-22 19:25:00,128745,128745,128666,128710,2
2026-05-22 19:30:00,128706,128706,128596,128596,67
2026-05-22 19:35:00,128596,128610,128551,128588,26
2026-05-22 19:40:00,128588,128656,128498,128498,103
2026-05-22 19:45:00,128498,128498,128376,128408,84
2026-05-22 19:50:00,128408,128439,128302,128319,87
2026-05-22 19:55:00,128319,128434,128305,128385,73
2026-05-22 20:00:00,128385,128520,128385,128520,25
2026-05-22 20:05:00,128520,128540,128472,128499,19
2026-05-22 20:10:00,128499,128499,128467,128467,6
2026-05-22 20:15:00,128467,128480,128449,128449,23
2026-05-22 20:20:00,128449,128479,128400,128450,13
2026-05-22 20:25:00,128450,128455,128402,128433,6
2026-05-22 20:30:00,128433,128469,128404,128469,3
2026-05-22 20:35:00,128469,128540,128469,128540,18
2026-05-22 20:40:00,128540,128540,128466,128466,20
2026-05-22 20:45:00,128466,128540,128466,128540,15
2026-05-22 20:50:00,128540,128540,128498,128539,3
2026-05-22 20:55:00,128539,128539,128539,128539,0
2026-05-22 21:00:00,128539,128544,128466,128466,24
2026-05-22 21:05:00,128466,128530,128466,128530,6
2026-05-22 21:10:00,128530,128530,128466,128466,3
2026-05-22 21:15:00,128466,128520,128466,128519,8
2026-05-22 21:20:00,128519,128519,128467,128467,1
2026-05-22 21:25:00,128467,128539,128458,128458,41
2026-05-22 21:30:00,128453,128509,128412,128509,32
2026-05-22 21:35:00,128509,128527,128441,128527,16
2026-05-22 21:40:00,128527,128527,128527,128527,0
2026-05-22 21:45:00,128527,128527,128501,128527,3
2026-05-22 21:50:00,128527,128527,128453,128490,10
2026-05-22 21:55:00,128490,128576,128490,128550,37
2026-05-22 22:00:00,128550,128567,128514,128514,12
2026-05-22 22:05:00,128514,128549,128510,128510,10
2026-05-22 22:10:00,128510,128520,128452,128452,10
2026-05-22 22:15:00,128452,128452,128452,128452,0
2026-05-22 22:20:00,128452,128488,128439,128439,6
2026-05-22 22:25:00,128440,128468,128428,128468,15
2026-05-22 22:30:00,128468,128548,128468,128548,7
2026-05-22 22:35:00,128548,128549,128516,128516,3
2026-05-22 22:40:00,128516,128549,128503,128548,7
2026-05-22 22:45:00,128548,128548,128472,128525,31
2026-05-22 22:50:00,128525,128527,128488,128506,12
2026-05-22 22:55:00,128506,128542,128506,128542,6
2026-05-22 23:00:00,128549,128596,128502,128596,37
2026-05-22 23:05:00,128596,128596,128527,128595,9
2026-05-22 23:10:00,128595,128595,128528,128530,3
2026-05-22 23:15:00,128530,128588,128528,128555,13
2026-05-22 23:20:00,128555,128578,128525,128569,35
2026-05-22 23:25:00,128569,128594,128501,128501,36
2026-05-25 09:00:00,129060,129300,128485,128969,264
2026-05-25 09:05:00,128969,128990,128925,128973,81
2026-05-25 09:10:00,128973,128990,128769,128769,136
2026-05-25 09:15:00,128769,128848,128747,128800,98
2026-05-25 09:20:00,128800,128892,128784,128870,44
2026-05-25 09:25:00,128870,128958,128870,128958,43
2026-05-25 09:30:00,128952,128995,128943,128955,91
2026-05-25 09:35:00,128955,128987,128902,128902,45
2026-05-25 09:40:00,128920,128973,128913,128939,39
2026-05-25 09:45:00,128926,128987,128903,128986,44
2026-05-25 09:50:00,128986,129024,128900,129018,73
2026-05-25 09:55:00,129018,129065,128990,129065,40
2026-05-25 10:00:00,129065,129095,129032,129040,34
2026-05-25 10:05:00,129040,129047,129015,129015,7
2026-05-25 10:10:00,129015,129021,129015,129015,11
2026-05-25 10:15:00,129015,129015,128978,128984,24
2026-05-25 10:20:00,129007,129042,129007,129014,21
2026-05-25 10:25:00,129042,129042,129030,129030,11
2026-05-25 10:30:00,129026,129060,129022,129030,11
2026-05-25 10:35:00,129030,129040,129020,129040,12
2026-05-25 10:40:00,129040,129040,128943,128972,47
2026-05-25 10:45:00,128972,128984,128970,128984,4
2026-05-25 10:50:00,128984,128984,128908,128908,9
2026-05-25 10:55:00,128900,128912,128868,128870,37
2026-05-25 11:00:00,128870,128892,128833,128858,33
2026-05-25 11:05:00,128858,128920,128855,128871,18
2026-05-25 11:10:00,128871,128885,128829,128859,28
2026-05-25 11:15:00,128859,128859,128794,128805,18
2026-05-25 11:20:00,128805,128879,128787,128857,27
2026-05-25 11:25:00,128857,128875,128806,128844,43
2026-05-25 11:30:00,128844,128844,128815,128815,2
2026-05-25 11:35:00,128758,128819,128732,128746,70
2026-05-25 11:40:00,128746,128769,128746,128763,6
2026-05-25 11:45:00,128763,128786,128763,128786,4
2026-05-25 11:50:00,128786,128812,128786,128812,2
2026-05-25 11:55:00,128812,128890,128812,128888,9
2026-05-25 12:00:00,128888,128960,128888,128960,13
2026-05-25 12:05:00,128960,129000,128942,129000,43
2026-05-25 12:10:00,129000,129000,128932,128948,20
2026-05-25 12:15:00,128948,128948,128936,128936,1
2026-05-25 12:20:00,128971,128971,128944,128950,5
2026-05-25 12:25:00,128970,128970,128970,128970,5
2026-05-25 12:30:00,128970,128999,128969,128999,26
2026-05-25 12:35:00,128999,128999,128974,128974,7
2026-05-25 12:40:00,128974,128991,128952,128952,10
2026-05-25 12:45:00,128952,128997,128853,128929,53
2026-05-25 12:50:00,128929,128929,128870,128915,9
2026-05-25 12:55:00,128915,128973,128910,128943,12
2026-05-25 13:00:00,128943,128985,128929,128976,21
2026-05-25 13:05:00,128976,128999,128970,128970,5
2026-05-25 13:10:00,128970,128999,128967,128996,10
2026-05-25 13:15:00,128996,128996,128963,128987,15
2026-05-25 13:20:00,128987,128992,128987,128992,1
2026-05-25 13:25:00,128992,128992,128970,128971,3
2026-05-25 13:30:00,128971,128971,128970,128970,2
2026-05-25 13:35:00,128970,128970,128881,128881,3
2026-05-25 13:40:00,128885,128915,128885,128915,3
2026-05-25 13:45:00,128915,128915,128897,128897,3
2026-05-25 13:50:00,128897,128897,128869,128869,7
2026-05-25 13:55:00,128869,128900,128860,128900,42
2026-05-25 14:00:00,128900,128900,128900,128900,10
2026-05-25 14:05:00,128900,128900,128884,128900,5
2026-05-25 14:10:00,128900,128900,128873,128874,5
2026-05-25 14:15:00,128874,128881,128874,128881,1
2026-05-25 14:20:00,128881,128900,128881,128900,2
2026-05-25 14:25:00,128900,128900,128900,128900,0
2026-05-25 14:30:00,128900,128900,128861,128861,8
2026-05-25 14:35:00,128861,128881,128840,128841,21
2026-05-25 14:40:00,128841,128881,128841,128881,3
2026-05-25 14:45:00,128881,128882,128877,128882,3
2026-05-25 14:50:00,128882,128882,128882,128882,3
2026-05-25 14:55:00,128882,128882,128881,128881,4
2026-05-25 15:00:00,128882,128900,128880,128900,9
2026-05-25 15:05:00,128900,128942,128900,128942,26
2026-05-25 15:10:00,128942,128942,128911,128940,4
2026-05-25 15:15:00,128940,128950,128939,128940,15
2026-05-25 15:20:00,128970,128970,128950,128950,8
2026-05-25 15:25:00,128950,128995,128901,128970,42
2026-05-25 15:30:00,128978,128999,128978,128999,17
2026-05-25 15:35:00,128999,129006,128990,129000,36
2026-05-25 15:40:00,129000,129085,129000,129029,46
2026-05-25 15:45:00,129029,129084,129029,129040,34
2026-05-25 15:50:00,129040,129052,129015,129032,15
2026-05-25 15:55:00,129032,129032,129005,129005,2
2026-05-25 16:00:00,129002,129124,128832,129065,506
2026-05-25 16:05:00,129065,129118,129059,129085,48
2026-05-25 16:10:00,129085,129085,129058,129072,24
2026-05-25 16:15:00,129072,129103,129040,129075,29
2026-05-25 16:20:00,129075,129075,129021,129030,21
2026-05-25 16:25:00,129030,129041,129010,129010,9
2026-05-25 16:30:00,129022,129022,128980,128980,41
2026-05-25 16:35:00,128972,128999,128963,128975,12
2026-05-25 16:40:00,128975,129045,128975,129030,11
2026-05-25 16:45:00,129030,129090,129030,129090,24
2026-05-25 16:50:00,129090,129100,129090,129090,16
2026-05-25 16:55:00,129090,129100,129068,129068,46
2026-05-25 17:00:00,129068,129100,129036,129060,98
2026-05-25 17:05:00,129060,129077,129050,129077,11
2026-05-25 17:10:00,129073,129085,129050,129083,27
2026-05-25 17:15:00,129083,129083,129040,129073,12
2026-05-25 17:20:00,129033,129035,128980,128980,21
2026-05-25 17:25:00,129005,129005,129005,129005,1
2026-05-25 17:30:00,129005,129005,128922,128938,92
2026-05-25 17:35:00,128938,128999,128904,128922,79
2026-05-25 17:40:00,128922,128949,128905,128925,20
2026-05-25 17:45:00,128925,128962,128905,128952,24
2026-05-25 17:50:00,128952,128987,128944,128987,19
2026-05-25 17:55:00,128987,129010,128966,129005,21
2026-05-25 18:00:00,129005,129045,128981,129041,16
2026-05-25 18:05:00,129041,129070,129010,129035,21
2026-05-25 18:10:00,129019,129060,129010,129010,36
2026-05-25 18:15:00,129010,129010,128967,128967,9
2026-05-25 18:20:00,128967,129002,128967,129002,3
2026-05-25 18:25:00,129002,129030,128992,129030,5
2026-05-25 18:30:00,129030,129030,128960,128968,7
2026-05-25 18:35:00,128970,129036,128970,129016,15
2026-05-25 18:40:00,129016,129016,128981,128989,15
2026-05-25 18:45:00,128989,128989,128952,128969,21
2026-05-25 18:50:00,128969,128969,128936,128936,17
2026-05-25 18:55:00,128936,128936,128920,128920,13
2026-05-25 19:00:00,128936,128988,128923,128944,54
2026-05-25 19:05:00,128952,129010,128941,129010,41
2026-05-25 19:10:00,129010,129038,129010,129034,22
2026-05-25 19:15:00,129034,129034,128900,128969,91
2026-05-25 19:20:00,128937,129033,128917,129000,37
2026-05-25 19:25:00,129004,129089,128891,128935,192
2026-05-25 19:30:00,128935,129010,128900,128950,76
2026-05-25 19:35:00,128950,129053,128950,129053,19
2026-05-25 19:40:00,129053,129053,128974,128974,5
2026-05-25 19:45:00,128974,129021,128974,129007,10
2026-05-25 19:50:00,129007,129076,128991,129040,43
2026-05-25 19:55:00,129040,129040,129040,129040,1
2026-05-25 20:00:00,129040,129040,128961,129011,12
2026-05-25 20:05:00,129011,129029,128997,128997,5
2026-05-25 20:10:00,129025,129036,129003,129003,5
2026-05-25 20:15:00,129003,129016,129003,129016,2
2026-05-25 20:20:00,129016,129034,129010,129010,3
2026-05-25 20:25:00,129010,129010,128993,128993,7
2026-05-25 20:30:00,128993,129011,128972,128972,11
2026-05-25 20:35:00,128972,128976,128940,128954,9
2026-05-25 20:40:00,128954,129036,128940,129036,19
2026-05-25 20:45:00,129025,129025,128967,128967,23
2026-05-25 20:50:00,128967,129021,128967,129002,6
2026-05-25 20:55:00,129002,129033,129002,129004,10
2026-05-25 21:00:00,129004,129004,129003,129003,1
2026-05-25 21:05:00,129003,129008,129000,129000,3
2026-05-25 21:10:00,129000,129000,129000,129000,0
2026-05-25 21:15:00,129000,129000,129000,129000,20
2026-05-25 21:20:00,129000,129000,128988,128990,7
2026-05-25 21:25:00,128990,129013,128990,129013,2
2026-05-25 21:30:00,129013,129027,128942,129025,23
2026-05-25 21:35:00,129025,129041,129018,129039,14
2026-05-25 21:40:00,129039,129039,128979,128979,14
2026-05-25 21:45:00,129004,129029,128988,129025,13
2026-05-25 21:50:00,129025,129028,129025,129028,4
2026-05-25 21:55:00,129028,129028,129028,129028,4
2026-05-25 22:00:00,129028,129030,129011,129011,2
2026-05-25 22:05:00,129011,129030,129009,129009,4
2026-05-25 22:10:00,129009,129030,129009,129030,3
2026-05-25 22:15:00,129030,129030,129017,129030,12
2026-05-25 22:20:00,129030,129035,129019,129035,17
2026-05-25 22:25:00,129035,129035,128978,128992,10
2026-05-25 22:30:00,129015,129035,129001,129035,8
2026-05-25 22:35:00,129035,129069,129035,129069,22
2026-05-25 22:40:00,129046,129080,129026,129080,28
2026-05-25 22:45:00,129080,129080,129048,129080,13
2026-05-25 22:50:00,129080,129097,129044,129069,10
2026-05-25 22:55:00,129069,129069,129015,129027,11
2026-05-25 23:00:00,129027,129076,129002,129010,30
2026-05-25 23:05:00,129010,129050,128941,129019,60
2026-05-25 23:10:00,129019,129019,128962,129000,24
2026-05-25 23:15:00,129000,129039,128900,128940,85
2026-05-25 23:20:00,128962,128962,128885,128950,88
2026-05-25 23:25:00,128950,128991,128885,128991,42
2026-05-26 09:00:00,128705,128887,128280,128520,339
2026-05-26 09:05:00,128520,128625,128503,128560,210
2026-05-26 09:10:00,128560,128590,128522,128544,53
2026-05-26 09:15:00,128544,128654,128500,128649,178
2026-05-26 09:20:00,128649,128649,128537,128539,42
2026-05-26 09:25:00,128549,128552,128485,128510,82
2026-05-26 09:30:00,128494,128517,128450,128472,78
2026-05-26 09:35:00,128472,128472,128420,128440,82
2026-05-26 09:40:00,128440,128440,128363,128404,41
2026-05-26 09:45:00,128404,128500,128404,128443,38
2026-05-26 09:50:00,128443,128449,128379,128391,35
2026-05-26 09:55:00,128391,128431,128350,128350,56
2026-05-26 10:00:00,128350,128370,128301,128307,77
2026-05-26 10:05:00,128307,128307,128200,128276,149
2026-05-26 10:10:00,128276,128296,128200,128200,71
2026-05-26 10:15:00,128227,128247,128152,128205,71
2026-05-26 10:20:00,128205,128287,128182,128252,113
2026-05-26 10:25:00,128252,128252,128174,128199,28
2026-05-26 10:30:00,128199,128199,128111,128178,93
2026-05-26 10:35:00,128178,128200,128160,128179,76
2026-05-26 10:40:00,128194,128263,128178,128237,54
2026-05-26 10:45:00,128237,128336,128237,128300,29
2026-05-26 10:50:00,128290,128346,128264,128346,30
2026-05-26 10:55:00,128346,128354,128306,128354,13
2026-05-26 11:00:00,128353,128373,128346,128350,30
2026-05-26 11:05:00,128350,128371,128332,128350,25
2026-05-26 11:10:00,128350,128350,128275,128295,38
2026-05-26 11:15:00,128295,128300,128250,128250,35
2026-05-26 11:20:00,128250,128257,128245,128245,22
2026-05-26 11:25:00,128245,128259,128245,128259,2
2026-05-26 11:30:00,128259,128289,128259,128289,4
2026-05-26 11:35:00,128289,128295,128255,128284,20
2026-05-26 11:40:00,128284,128291,128212,128266,22
2026-05-26 11:45:00,128268,128268,128210,128243,29
2026-05-26 11:50:00,128289,128310,128251,128289,34
2026-05-26 11:55:00,128316,128338,128220,128220,25
2026-05-26 12:00:00,128220,128265,128220,128265,35
2026-05-26 12:05:00,128265,128290,128250,128250,24
2026-05-26 12:10:00,128250,128283,128250,128268,8
2026-05-26 12:15:00,128268,128270,128222,128252,11
2026-05-26 12:20:00,128252,128291,128224,128280,38
2026-05-26 12:25:00,128280,128332,128268,128268,23
2026-05-26 12:30:00,128268,128330,128252,128266,13
2026-05-26 12:35:00,128266,128297,128220,128220,13
2026-05-26 12:40:00,128220,128266,128201,128252,48
2026-05-26 12:45:00,128252,128252,128176,128181,56
2026-05-26 12:50:00,128181,128242,128181,128242,22
2026-05-26 12:55:00,128242,128259,128180,128225,29
2026-05-26 13:00:00,128225,128225,128159,128176,47
2026-05-26 13:05:00,128157,128175,128100,128100,64
2026-05-26 13:10:00,128100,128144,128075,128118,37
2026-05-26 13:15:00,128139,128212,128100,128212,25
2026-05-26 13:20:00,128212,128225,128191,128192,32
2026-05-26 13:25:00,128192,128225,128190,128225,31
2026-05-26 13:30:00,128225,128245,128206,128222,13
2026-05-26 13:35:00,128222,128244,128222,128237,8
2026-05-26 13:40:00,128203,128232,128132,128138,35
2026-05-26 13:45:00,128138,128155,128127,128148,5
2026-05-26 13:50:00,128148,128171,128148,128171,18
2026-05-26 13:55:00,128171,128177,128125,128125,16
2026-05-26 14:00:00,128125,128127,128075,128076,47
2026-05-26 14:05:00,128076,128112,128071,128078,29
2026-05-26 14:10:00,128078,128129,128075,128129,18
2026-05-26 14:15:00,128129,128130,128100,128100,22
2026-05-26 14:20:00,128106,128118,128077,128089,24
2026-05-26 14:25:00,128089,128104,128078,128100,7
2026-05-26 14:30:00,128100,128110,128100,128110,4
2026-05-26 14:35:00,128110,128110,128084,128090,18
2026-05-26 14:40:00,128096,128131,128072,128079,43
2026-05-26 14:45:00,128079,128155,128066,128132,86
2026-05-26 14:50:00,128132,128187,128132,128145,16
2026-05-26 14:55:00,128145,128164,128129,128164,36
2026-05-26 15:00:00,128164,128164,128100,128105,18
2026-05-26 15:05:00,128105,128144,128088,128110,40
2026-05-26 15:10:00,128110,128159,128082,128090,73
2026-05-26 15:15:00,128090,128151,128070,128099,76
2026-05-26 15:20:00,128099,128127,128099,128103,21
2026-05-26 15:25:00,128103,128141,128081,128141,13
2026-05-26 15:30:00,128141,128190,128137,128179,43
2026-05-26 15:35:00,128160,128230,128160,128230,20
2026-05-26 15:40:00,128247,128299,128247,128297,40
2026-05-26 15:45:00,128297,128310,128209,128295,72
2026-05-26 15:50:00,128295,128309,128246,128308,56
2026-05-26 15:55:00,128308,128390,128254,128376,67
2026-05-26 16:00:00,128359,128415,128300,128350,82
2026-05-26 16:05:00,128350,128382,128251,128293,26
2026-05-26 16:10:00,128293,128313,128252,128252,14
2026-05-26 16:15:00,128252,128333,128252,128290,21
2026-05-26 16:20:00,128290,128333,128271,128305,22
2026-05-26 16:25:00,128305,128313,128305,128305,10
2026-05-26 16:30:00,128305,128339,128305,128339,18
2026-05-26 16:35:00,128339,128361,128300,128319,34
2026-05-26 16:40:00,128319,128355,128317,128350,15
2026-05-26 16:45:00,128350,128355,128250,128250,60
2026-05-26 16:50:00,128271,128272,128205,128252,33
2026-05-26 16:55:00,128252,128252,128205,128223,9
2026-05-26 17:00:00,128223,128240,128130,128205,70
2026-05-26 17:05:00,128205,128205,128110,128169,40
2026-05-26 17:10:00,128169,128230,128100,128174,66
2026-05-26 17:15:00,128174,128200,128174,128178,42
2026-05-26 17:20:00,128150,128215,128120,128127,41
2026-05-26 17:25:00,128127,128199,128068,128146,121
2026-05-26 17:30:00,128146,128146,128100,128120,8
2026-05-26 17:35:00,128135,128146,128080,128114,55
2026-05-26 17:40:00,128114,128178,128114,128128,17
2026-05-26 17:45:00,128128,128174,128125,128141,26
2026-05-26 17:50:00,128141,128154,128116,128154,14
2026-05-26 17:55:00,128157,128157,128111,128117,47
2026-05-26 18:00:00,128117,128162,128080,128125,83
2026-05-26 18:05:00,128125,128143,128070,128093,37
2026-05-26 18:10:00,128093,128093,128070,128093,50
2026-05-26 18:15:00,128093,128173,128079,128119,62
2026-05-26 18:20:00,128119,128161,128071,128115,79
2026-05-26 18:25:00,128115,128144,128098,128110,81
2026-05-26 18:30:00,128110,128115,128071,128115,22
2026-05-26 18:35:00,128147,128150,128018,128090,92
2026-05-26 18:40:00,128090,128119,128000,128031,146
2026-05-26 18:45:00,128031,128038,128000,128000,101
2026-05-26 18:50:00,128071,128161,128069,128136,82
2026-05-26 18:55:00,128136,128140,128078,128086,89
2026-05-26 19:00:00,128086,128182,128086,128110,74
2026-05-26 19:05:00,128110,128175,128110,128172,21
2026-05-26 19:10:00,128172,128180,128150,128176,15
2026-05-26 19:15:00,128176,128177,128155,128177,7
2026-05-26 19:20:00,128177,128177,128005,128006,66
2026-05-26 19:25:00,128006,128049,128006,128032,11
2026-05-26 19:30:00,128032,128052,128020,128052,24
2026-05-26 19:35:00,128052,128052,128010,128034,32
2026-05-26 19:40:00,128034,128046,128010,128046,13
2026-05-26 19:45:00,128046,128079,128019,128079,22
2026-05-26 19:50:00,128094,128122,128094,128122,6
2026-05-26 19:55:00,128122,128128,128078,128078,67
2026-05-26 20:00:00,128078,128120,128066,128092,20
2026-05-26 20:05:00,128092,128149,128081,128149,24
2026-05-26 20:10:00,128149,128149,128095,128101,10
2026-05-26 20:15:00,128101,128131,128101,128101,12
2026-05-26 20:20:00,128101,128119,128081,128119,12
2026-05-26 20:25:00,128119,128119,128051,128073,38
2026-05-26 20:30:00,128073,128073,127956,127998,60
2026-05-26 20:35:00,127998,128019,127992,128001,8
2026-05-26 20:40:00,128001,128001,127950,127972,56
2026-05-26 20:45:00,127950,127985,127906,127938,65
2026-05-26 20:50:00,127958,127968,127906,127935,37
2026-05-26 20:55:00,127935,128064,127913,127944,61
2026-05-26 21:00:00,127944,127974,127918,127945,77
2026-05-26 21:05:00,127945,127993,127938,127962,68
2026-05-26 21:10:00,127968,127998,127952,127970,28
2026-05-26 21:15:00,127970,127990,127950,127986,49
2026-05-26 21:20:00,127970,128017,127960,127964,76
2026-05-26 21:25:00,127964,128000,127960,127981,53
2026-05-26 21:30:00,127981,127998,127960,127965,61
2026-05-26 21:35:00,127960,127967,127920,127945,22
2026-05-26 21:40:00,127945,127947,127900,127900,74
2026-05-26 21:45:00,127900,127950,127854,127925,114
2026-05-26 21:50:00,127925,127927,127875,127923,33
2026-05-26 21:55:00,127923,127998,127890,127933,30
2026-05-26 22:00:00,127940,127998,127934,127997,30
2026-05-26 22:05:00,127997,128093,127997,128000,58
2026-05-26 22:10:00,127999,128023,127976,127992,22
2026-05-26 22:15:00,127992,128014,127942,127958,27
2026-05-26 22:20:00,127958,127984,127903,127980,71
2026-05-26 22:25:00,127980,128007,127950,127950,41
2026-05-26 22:30:00,127950,127989,127855,127944,95
2026-05-26 22:35:00,127944,127979,127874,127874,45
2026-05-26 22:40:00,127874,127902,127750,127794,181
2026-05-26 22:45:00,127794,127881,127794,127847,33
2026-05-26 22:50:00,127847,127942,127847,127937,74
2026-05-26 22:55:00,127915,127947,127765,127770,144
2026-05-26 23:00:00,127770,127770,127600,127717,512
2026-05-26 23:05:00,127717,127718,127500,127648,363
2026-05-26 23:10:00,127648,127700,127567,127699,196
2026-05-26 23:15:00,127699,127750,127600,127689,289
2026-05-26 23:20:00,127695,127750,127546,127664,238
2026-05-26 23:25:00,127664,127750,127602,127736,152
2026-05-27 09:00:00,127986,127988,127311,127787,312
2026-05-27 09:05:00,127787,127843,127723,127723,197
2026-05-27 09:10:00,127723,127850,127723,127800,164
2026-05-27 09:15:00,127800,127843,127779,127780,127
2026-05-27 09:20:00,127780,127818,127700,127787,148
2026-05-27 09:25:00,127787,127787,127654,127694,91
2026-05-27 09:30:00,127694,127699,127634,127660,90
2026-05-27 09:35:00,127679,127705,127643,127675,68
2026-05-27 09:40:00,127675,127710,127658,127680,47
2026-05-27 09:45:00,127680,127751,127659,127680,118
2026-05-27 09:50:00,127680,127701,127555,127649,203
2026-05-27 09:55:00,127649,127672,127555,127555,53
2026-05-27 10:00:00,127560,127590,127500,127559,69
2026-05-27 10:05:00,127560,127714,127539,127662,86
2026-05-27 10:10:00,127662,127773,127661,127738,71
2026-05-27 10:15:00,127738,127861,127738,127861,85
2026-05-27 10:20:00,127861,127861,127720,127733,48
2026-05-27 10:25:00,127733,127733,127677,127709,22
2026-05-27 10:30:00,127722,127830,127722,127808,24
2026-05-27 10:35:00,127808,127815,127755,127755,9
2026-05-27 10:40:00,127755,127795,127721,127721,46
2026-05-27 10:45:00,127721,127721,127661,127661,16
2026-05-27 10:50:00,127661,127715,127661,127715,13
2026-05-27 10:55:00,127715,127750,127715,127750,7
2026-05-27 11:00:00,127750,127765,127550,127610,46
2026-05-27 11:05:00,127610,127649,127590,127600,98
2026-05-27 11:10:00,127600,127600,127501,127532,66
2026-05-27 11:15:00,127532,127532,127450,127500,102
2026-05-27 11:20:00,127500,127558,127493,127550,220
2026-05-27 11:25:00,127550,127550,127470,127483,45
2026-05-27 11:30:00,127482,127483,127426,127446,32
2026-05-27 11:35:00,127446,127502,127446,127502,34
2026-05-27 11:40:00,127502,127513,127460,127460,11
2026-05-27 11:45:00,127460,127489,127359,127363,65
2026-05-27 11:50:00,127363,127363,127251,127279,101
2026-05-27 11:55:00,127279,127290,127210,127210,91
2026-05-27 12:00:00,127210,127237,127101,127195,121
2026-05-27 12:05:00,127198,127232,127170,127195,42
2026-05-27 12:10:00,127195,127319,127190,127319,96
2026-05-27 12:15:00,127319,127360,127287,127338,42
2026-05-27 12:20:00,127338,127360,127305,127315,41
2026-05-27 12:25:00,127315,127317,127220,127220,38
2026-05-27 12:30:00,127220,127250,127193,127211,49
2026-05-27 12:35:00,127211,127244,127159,127195,25
2026-05-27 12:40:00,127195,127228,127134,127134,43
2026-05-27 12:45:00,127134,127196,127120,127162,32
2026-05-27 12:50:00,127162,127250,127162,127240,22
2026-05-27 12:55:00,127240,127240,127195,127201,12
2026-05-27 13:00:00,127201,127296,127201,127245,50
2026-05-27 13:05:00,127245,127256,127160,127199,44
2026-05-27 13:10:00,127199,127199,127161,127197,17
2026-05-27 13:15:00,127197,127200,127139,127139,29
2026-05-27 13:20:00,127151,127151,127053,127103,92
2026-05-27 13:25:00,127103,127144,127103,127144,20
2026-05-27 13:30:00,127144,127242,127144,127227,50
2026-05-27 13:35:00,127227,127227,127149,127193,11
2026-05-27 13:40:00,127193,127193,127155,127155,10
2026-05-27 13:45:00,127155,127185,127155,127179,12
2026-05-27 13:50:00,127179,127231,127160,127231,44
2026-05-27 13:55:00,127231,127231,127175,127175,21
2026-05-27 14:00:00,127175,127175,127155,127168,48
2026-05-27 14:05:00,127168,127184,127166,127183,55
2026-05-27 14:10:00,127183,127292,127183,127266,27
2026-05-27 14:15:00,127266,127325,127266,127302,37
2026-05-27 14:20:00,127302,127385,127292,127370,64
2026-05-27 14:25:00,127370,127370,127251,127300,18
2026-05-27 14:30:00,127300,127333,127215,127235,24
2026-05-27 14:35:00,127235,127254,127200,127201,18
2026-05-27 14:40:00,127201,127219,127194,127217,9
2026-05-27 14:45:00,127217,127245,127201,127240,21
2026-05-27 14:50:00,127240,127249,127180,127180,24
2026-05-27 14:55:00,127180,127180,127100,127118,34
2026-05-27 15:00:00,127118,127200,127118,127179,44
2026-05-27 15:05:00,127179,127227,127179,127227,22
2026-05-27 15:10:00,127227,127251,127211,127238,16
2026-05-27 15:15:00,127235,127237,127211,127230,8
2026-05-27 15:20:00,127230,127269,127230,127261,11
2026-05-27 15:25:00,127261,127285,127261,127285,17
2026-05-27 15:30:00,127285,127334,127243,127267,75
2026-05-27 15:35:00,127267,127325,127267,127300,22
2026-05-27 15:40:00,127300,127300,127238,127238,19
2026-05-27 15:45:00,127238,127238,127163,127163,37
2026-05-27 15:50:00,127163,127181,127111,127165,62
2026-05-27 15:55:00,127165,127185,127145,127160,8
2026-05-27 16:00:00,127160,127160,127117,127132,25
2026-05-27 16:05:00,127132,127176,127017,127020,101
2026-05-27 16:10:00,127018,127075,127010,127030,95
2026-05-27 16:15:00,127030,127099,126786,126804,233
2026-05-27 16:20:00,126804,126833,126710,126741,136
2026-05-27 16:25:00,126741,126789,126700,126735,117
2026-05-27 16:30:00,126735,126829,126735,126822,33
2026-05-27 16:35:00,126822,126822,126666,126717,96
2026-05-27 16:40:00,126717,126747,126601,126608,93
2026-05-27 16:45:00,126608,126660,126600,126605,60
2026-05-27 16:50:00,126605,126605,126503,126581,103
2026-05-27 16:55:00,126581,126583,126520,126569,59
2026-05-27 17:00:00,126583,126583,126458,126458,161
2026-05-27 17:05:00,126453,126491,126350,126488,150
2026-05-27 17:10:00,126488,126488,126413,126480,345
2026-05-27 17:15:00,126480,126592,126410,126421,93
2026-05-27 17:20:00,126421,126472,126339,126416,84
2026-05-27 17:25:00,126416,126416,126300,126302,132
2026-05-27 17:30:00,126302,126494,126302,126330,122
2026-05-27 17:35:00,126330,126364,126300,126300,93
2026-05-27 17:40:00,126300,126300,126120,126242,194
2026-05-27 17:45:00,126242,126569,126126,126485,223
2026-05-27 17:50:00,126485,126699,126450,126580,198
2026-05-27 17:55:00,126580,126653,126526,126560,94
2026-05-27 18:00:00,126577,126641,126475,126499,108
2026-05-27 18:05:00,126499,126598,126416,126577,116
2026-05-27 18:10:00,126577,126577,126425,126489,51
2026-05-27 18:15:00,126489,126492,126332,126450,45
2026-05-27 18:20:00,126430,126466,126363,126458,26
2026-05-27 18:25:00,126458,126522,126386,126386,13
2026-05-27 18:30:00,126386,126478,126285,126389,122
2026-05-27 18:35:00,126389,126389,126008,126021,297
2026-05-27 18:40:00,126021,126150,125950,125961,281
2026-05-27 18:45:00,125961,126027,125862,125893,330
2026-05-27 18:50:00,125900,125915,125800,125915,227
2026-05-27 18:55:00,125915,125972,125840,125929,118
2026-05-27 19:00:00,125929,126081,125910,126067,82
2026-05-27 19:05:00,126067,126090,125970,126019,56
2026-05-27 19:10:00,126019,126102,126019,126067,38
2026-05-27 19:15:00,126067,126194,126043,126098,97
2026-05-27 19:20:00,126098,126270,126098,126220,85
2026-05-27 19:25:00,126228,126366,126103,126247,135
2026-05-27 19:30:00,126247,126366,126222,126360,63
2026-05-27 19:35:00,126366,126494,126356,126373,153
2026-05-27 19:40:00,126373,126450,126100,126405,129
2026-05-27 19:45:00,126405,126430,126328,126430,60
2026-05-27 19:50:00,126450,126482,126300,126317,88
2026-05-27 19:55:00,126312,126341,126265,126325,46
2026-05-27 20:00:00,126325,126379,126203,126203,70
2026-05-27 20:05:00,126203,126299,126189,126234,61
2026-05-27 20:10:00,126274,126340,126256,126319,26
2026-05-27 20:15:00,126319,126400,126319,126374,31
2026-05-27 20:20:00,126365,126365,126241,126241,13
2026-05-27 20:25:00,126241,126256,126200,126208,74
2026-05-27 20:30:00,126208,126478,126205,126311,171
2026-05-27 20:35:00,126311,126311,126201,126270,59
2026-05-27 20:40:00,126262,126336,126200,126315,33
2026-05-27 20:45:00,126315,126315,126212,126234,85
2026-05-27 20:50:00,126234,126251,126126,126228,57
2026-05-27 20:55:00,126228,126239,126160,126232,45
2026-05-27 21:00:00,126232,126350,126232,126293,64
2026-05-27 21:05:00,126306,126326,126186,126211,100
2026-05-27 21:10:00,126211,126270,126211,126222,35
2026-05-27 21:15:00,126222,126325,126190,126190,34
2026-05-27 21:20:00,126200,126285,126200,126257,23
2026-05-27 21:25:00,126257,126257,126220,126243,12
2026-05-27 21:30:00,126243,126333,126243,126290,21
2026-05-27 21:35:00,126290,126290,126204,126255,14
2026-05-27 21:40:00,126255,126291,126215,126258,53
2026-05-27 21:45:00,126258,126311,126225,126290,65
2026-05-27 21:50:00,126290,126410,126290,126393,108
2026-05-27 21:55:00,126434,126460,126406,126450,105
2026-05-27 22:00:00,126451,126490,126450,126490,36
2026-05-27 22:05:00,126490,126526,126483,126520,102
2026-05-27 22:10:00,126520,126589,126500,126510,132
2026-05-27 22:15:00,126510,126510,126400,126479,62
2026-05-27 22:20:00,126479,126479,126367,126395,26
2026-05-27 22:25:00,126395,126436,126346,126384,44
2026-05-27 22:30:00,126384,126434,126333,126434,31
2026-05-27 22:35:00,126434,126493,126418,126418,33
2026-05-27 22:40:00,126418,126431,126408,126415,12
2026-05-27 22:45:00,126415,126415,126352,126352,76
2026-05-27 22:50:00,126352,126406,126352,126395,29
2026-05-27 22:55:00,126395,126455,126364,126455,21
2026-05-27 23:00:00,126455,126497,126433,126460,13
2026-05-27 23:05:00,126460,126528,126455,126493,64
2026-05-27 23:10:00,126493,126499,126450,126479,35
2026-05-27 23:15:00,126479,126481,126420,126420,54
2026-05-27 23:20:00,126422,126482,126400,126425,102
2026-05-27 23:25:00,126482,126625,126423,126625,129
2026-05-28 17:00:00,125808,125896,125111,125371,511
2026-05-28 17:05:00,125318,125399,125301,125379,192
2026-05-28 17:10:00,125379,125439,125354,125386,141
2026-05-28 17:15:00,125386,125419,125100,125139,212
2026-05-28 17:20:00,125120,125141,124916,125001,239
2026-05-28 17:25:00,125001,125200,124992,125196,147
2026-05-28 17:30:00,125196,125219,125031,125087,129
2026-05-28 17:35:00,125094,125197,125038,125177,91
2026-05-28 17:40:00,125177,125217,125151,125217,49
2026-05-28 17:45:00,125217,125242,125090,125153,101
2026-05-28 17:50:00,125153,125153,124932,124992,274
2026-05-28 17:55:00,124992,125089,124992,125089,45
2026-05-28 18:00:00,125089,125178,125079,125178,84
2026-05-28 18:05:00,125178,125260,125170,125241,91
2026-05-28 18:10:00,125257,125257,125200,125230,95
2026-05-28 18:15:00,125230,125412,125230,125412,191
2026-05-28 18:20:00,125412,125550,125403,125500,284
2026-05-28 18:25:00,125500,125646,125493,125646,184
2026-05-28 18:30:00,125625,125670,125537,125632,121
2026-05-28 18:35:00,125632,125728,125535,125558,168
2026-05-28 18:40:00,125558,125634,125533,125613,34
2026-05-28 18:45:00,125613,125663,125549,125604,66
2026-05-28 18:50:00,125604,125666,125604,125623,71
2026-05-28 18:55:00,125623,125698,125623,125651,59
2026-05-28 19:00:00,125651,125651,125500,125530,145
2026-05-28 19:05:00,125530,125569,125513,125547,36
2026-05-28 19:10:00,125547,125580,125501,125580,19
2026-05-28 19:15:00,125580,125749,125580,125702,122
2026-05-28 19:20:00,125702,125806,125702,125702,43
2026-05-28 19:25:00,125702,125747,125702,125734,16
2026-05-28 19:30:00,125748,125748,125609,125649,69
2026-05-28 19:35:00,125649,125826,125615,125826,186
2026-05-28 19:40:00,125838,126478,125800,126478,482
2026-05-28 19:45:00,126456,126564,126114,126442,483
2026-05-28 19:50:00,126442,126458,126150,126373,360
2026-05-28 19:55:00,126373,126474,126305,126321,151
2026-05-28 20:00:00,126321,126467,126312,126330,106
2026-05-28 20:05:00,126330,126398,126204,126343,89
2026-05-28 20:10:00,126343,126500,126302,126442,104
2026-05-28 20:15:00,126442,126563,126414,126461,176
2026-05-28 20:20:00,126461,126563,126461,126563,75
2026-05-28 20:25:00,126563,126563,126403,126481,102
2026-05-28 20:30:00,126481,126563,126481,126555,45
2026-05-28 20:35:00,126555,126669,126545,126598,110
2026-05-28 20:40:00,126598,126650,126557,126650,65
2026-05-28 20:45:00,126650,126659,126575,126605,60
2026-05-28 20:50:00,126605,126612,126556,126580,49
2026-05-28 20:55:00,126580,126699,126580,126674,45
2026-05-28 21:00:00,126674,126790,126674,126726,112
2026-05-28 21:05:00,126726,126873,126709,126764,118
2026-05-28 21:10:00,126764,126799,126733,126770,32
2026-05-28 21:15:00,126770,126845,126763,126800,63
2026-05-28 21:20:00,126800,126803,126761,126761,34
2026-05-28 21:25:00,126761,126770,126700,126750,105
2026-05-28 21:30:00,126750,126868,126685,126700,106
2026-05-28 21:35:00,126700,126799,126700,126760,54
2026-05-28 21:40:00,126760,126814,126750,126750,32
2026-05-28 21:45:00,126750,126999,126750,126995,140
2026-05-28 21:50:00,126995,127093,126941,127093,173
2026-05-28 21:55:00,127090,127123,127016,127057,157
2026-05-28 22:00:00,127057,127206,127057,127075,136
2026-05-28 22:05:00,127075,127174,127013,127053,97
2026-05-28 22:10:00,127053,127199,127053,127199,82
2026-05-28 22:15:00,127200,127398,127200,127337,153
2026-05-28 22:20:00,127338,127406,127320,127320,160
2026-05-28 22:25:00,127320,127320,127251,127310,108
2026-05-28 22:30:00,127320,127400,127320,127324,93
2026-05-28 22:35:00,127324,127350,127225,127305,140
2026-05-28 22:40:00,127350,127351,127286,127286,51
2026-05-28 22:45:00,127286,127300,127108,127108,182
2026-05-28 22:50:00,127108,127242,127010,127242,82
2026-05-28 22:55:00,127235,127235,127120,127171,77
2026-05-28 23:00:00,127171,127196,127140,127143,40
2026-05-28 23:05:00,127143,127280,127141,127191,65
2026-05-28 23:10:00,127191,127275,127162,127230,36
2026-05-28 23:15:00,127230,127306,127209,127306,62
2026-05-28 23:20:00,127306,127352,127282,127344,112
2026-05-28 23:25:00,127308,127352,127303,127350,84
2026-05-29 09:00:00,126951,127352,126821,126991,262
2026-05-29 09:05:00,126991,127015,126900,126918,71
2026-05-29 09:10:00,126918,127044,126900,127037,56
2026-05-29 09:15:00,127037,127041,127000,127014,34
2026-05-29 09:20:00,127014,127075,127014,127059,47
2026-05-29 09:25:00,127059,127074,127031,127035,30
2026-05-29 09:30:00,127035,127200,127027,127179,67
2026-05-29 09:35:00,127179,127179,127092,127127,21
2026-05-29 09:40:00,127150,127176,127112,127130,23
2026-05-29 09:45:00,127130,127165,127129,127165,19
2026-05-29 09:50:00,127165,127433,127143,127433,116
2026-05-29 09:55:00,127481,127582,127363,127558,2450
2026-05-29 10:00:00,127552,127552,127420,127478,53
2026-05-29 10:05:00,127478,127568,127400,127416,64
2026-05-29 10:10:00,127416,127431,127197,127230,117
2026-05-29 10:15:00,127230,127312,127201,127300,39
2026-05-29 10:20:00,127300,127300,127219,127219,67
2026-05-29 10:25:00,127219,127267,127174,127255,222
2026-05-29 10:30:00,127249,127250,127205,127212,61
2026-05-29 10:35:00,127214,127215,127176,127196,90
2026-05-29 10:40:00,127196,127220,127185,127190,125
2026-05-29 10:45:00,127190,127241,127181,127241,81
2026-05-29 10:50:00,127241,127280,127219,127219,46
2026-05-29 10:55:00,127220,127220,127199,127199,92
2026-05-29 11:00:00,127199,127300,127181,127181,85
2026-05-29 11:05:00,127181,127199,127091,127091,81
2026-05-29 11:10:00,127091,127153,126975,127125,163
2026-05-29 11:15:00,127125,127125,127050,127072,16
2026-05-29 11:20:00,127072,127268,127011,127262,72
2026-05-29 11:25:00,127256,127257,127200,127208,26
2026-05-29 11:30:00,127208,127300,127152,127281,66
2026-05-29 11:35:00,127281,127377,127200,127220,32
2026-05-29 11:40:00,127220,127250,127182,127200,79
2026-05-29 11:45:00,127200,127205,127098,127098,41
2026-05-29 11:50:00,127098,127320,127098,127320,159
2026-05-29 11:55:00,127349,127368,127254,127295,70
2026-05-29 12:00:00,127295,127375,127266,127290,52
2026-05-29 12:05:00,127290,127338,127257,127288,26
2026-05-29 12:10:00,127288,127288,127182,127236,32
2026-05-29 12:15:00,127236,127387,127236,127345,37
2026-05-29 12:20:00,127345,127359,127321,127359,19
2026-05-29 12:25:00,127359,127400,127359,127374,50
2026-05-29 12:30:00,127374,127400,127355,127355,61
2026-05-29 12:35:00,127355,127377,127313,127346,28
2026-05-29 12:40:00,127346,127389,127289,127289,94
2026-05-29 12:45:00,127289,127289,127216,127220,31
2026-05-29 12:50:00,127220,127299,127220,127233,53
2026-05-29 12:55:00,127280,127298,127271,127275,22
2026-05-29 13:00:00,127275,127309,127275,127309,34
2026-05-29 13:05:00,127309,127400,127309,127332,57
2026-05-29 13:10:00,127332,127376,127299,127360,45
2026-05-29 13:15:00,127360,127391,127343,127354,40
2026-05-29 13:20:00,127354,127399,127346,127387,40
2026-05-29 13:25:00,127387,127387,127282,127315,5
2026-05-29 13:30:00,127315,127315,127230,127230,16
2026-05-29 13:35:00,127230,127230,127121,127122,64
2026-05-29 13:40:00,127122,127177,127059,127063,61
2026-05-29 13:45:00,127063,127211,127042,127047,60
2026-05-29 13:50:00,127047,127119,127011,127084,26
2026-05-29 13:55:00,127084,127189,127012,127132,50
2026-05-29 14:00:00,127132,127132,127039,127039,21
2026-05-29 14:05:00,127039,127059,127020,127059,46
2026-05-29 14:10:00,127059,127076,127045,127076,17
2026-05-29 14:15:00,127076,127076,126963,126963,74
2026-05-29 14:20:00,126963,127000,126927,126937,173
2026-05-29 14:25:00,126937,126949,126864,126872,51
2026-05-29 14:30:00,126891,127124,126891,127124,35
2026-05-29 14:35:00,127124,127175,127081,127175,31
2026-05-29 14:40:00,127175,127194,127134,127194,27
2026-05-29 14:45:00,127194,127197,127157,127157,9
2026-05-29 14:50:00,127157,127189,127092,127092,27
2026-05-29 14:55:00,127092,127182,127067,127141,21
2026-05-29 15:00:00,127141,127177,127090,127105,25
2026-05-29 15:05:00,127105,127142,127074,127120,38
2026-05-29 15:10:00,127120,127139,127113,127127,9
2026-05-29 15:15:00,127127,127199,127125,127199,32
2026-05-29 15:20:00,127199,127199,127070,127070,18
2026-05-29 15:25:00,127120,127132,127067,127097,44
2026-05-29 15:30:00,127097,127097,126994,127028,40
2026-05-29 15:35:00,127028,127160,127028,127065,36
2026-05-29 15:40:00,127065,127085,127034,127067,27
2026-05-29 15:45:00,127067,127154,127067,127101,56
2026-05-29 15:50:00,127101,127101,127012,127062,20
2026-05-29 15:55:00,127062,127164,127036,127164,25
2026-05-29 16:00:00,127164,127254,127164,127235,44
2026-05-29 16:05:00,127235,127255,127126,127199,54
2026-05-29 16:10:00,127199,127222,127126,127141,35
2026-05-29 16:15:00,127141,127241,127141,127190,54
2026-05-29 16:20:00,127190,127249,127168,127168,63
2026-05-29 16:25:00,127168,127200,127168,127185,42
2026-05-29 16:30:00,127185,127260,127185,127258,67
2026-05-29 16:35:00,127258,127259,127134,127210,30
2026-05-29 16:40:00,127210,127210,127169,127200,22
2026-05-29 16:45:00,127200,127210,127175,127197,23
2026-05-29 16:50:00,127197,127223,127197,127223,3
2026-05-29 16:55:00,127223,127229,127050,127088,51
2026-05-29 17:00:00,127088,127098,127050,127076,39
2026-05-29 17:05:00,127076,127200,127067,127114,64
2026-05-29 17:10:00,127114,127172,127092,127130,12
2026-05-29 17:15:00,127130,127154,127092,127092,15
2026-05-29 17:20:00,127092,127150,127068,127147,25
2026-05-29 17:25:00,127147,127165,127070,127075,33
2026-05-29 17:30:00,127075,127075,126926,126945,138
2026-05-29 17:35:00,126945,127010,126943,127010,31
2026-05-29 17:40:00,127010,127028,126800,126890,118
2026-05-29 17:45:00,126890,126916,126838,126867,36
2026-05-29 17:50:00,126867,126867,126649,126714,164
2026-05-29 17:55:00,126714,126755,126674,126748,84
2026-05-29 18:00:00,126748,126748,126552,126604,142
2026-05-29 18:05:00,126604,126740,126566,126615,69
2026-05-29 18:10:00,126615,126682,126603,126671,73
2026-05-29 18:15:00,126649,126654,126550,126650,141
2026-05-29 18:20:00,126650,126668,126551,126584,51
2026-05-29 18:25:00,126584,126700,126584,126700,43
2026-05-29 18:30:00,126700,126799,126605,126769,90
2026-05-29 18:35:00,126793,126887,126696,126887,161
2026-05-29 18:40:00,126887,126920,126719,126785,212
2026-05-29 18:45:00,126785,126801,126729,126729,47
2026-05-29 18:50:00,126729,126796,126700,126700,47
2026-05-29 18:55:00,126700,126826,126700,126814,25
2026-05-29 19:00:00,126814,126880,126716,126752,54
2026-05-29 19:05:00,126752,126814,126659,126766,70
2026-05-29 19:10:00,126766,126820,126710,126715,105
2026-05-29 19:15:00,126715,126800,126701,126800,77
2026-05-29 19:20:00,126800,126900,126782,126900,36
2026-05-29 19:25:00,126900,126920,126804,126919,115
2026-05-29 19:30:00,126919,127199,126919,127136,137
2026-05-29 19:35:00,127136,127199,127080,127105,48
2026-05-29 19:40:00,127105,127105,127040,127043,22
2026-05-29 19:45:00,127043,127050,126852,126945,147
2026-05-29 19:50:00,126945,126968,126841,126841,36
2026-05-29 19:55:00,126841,126884,126794,126884,76
2026-05-29 20:00:00,126850,126958,126812,126958,44
2026-05-29 20:05:00,126958,126958,126872,126872,18
2026-05-29 20:10:00,126890,126968,126884,126968,51
2026-05-29 20:15:00,126968,126968,126866,126965,24
2026-05-29 20:20:00,126965,127143,126922,126998,194
2026-05-29 20:25:00,127000,127125,126994,127090,68
2026-05-29 20:30:00,127090,127200,127065,127200,108
2026-05-29 20:35:00,127229,127480,127206,127450,291
2026-05-29 20:40:00,127450,127700,127420,127621,448
2026-05-29 20:45:00,127621,127655,127501,127532,110
2026-05-29 20:50:00,127532,127538,127420,127457,74
2026-05-29 20:55:00,127457,127500,127391,127399,51
2026-05-29 21:00:00,127399,127600,127399,127523,91
2026-05-29 21:05:00,127523,127523,127401,127440,33
2026-05-29 21:10:00,127440,127474,127260,127386,95
2026-05-29 21:15:00,127386,127400,127271,127350,34
2026-05-29 21:20:00,127354,127385,127329,127357,32
2026-05-29 21:25:00,127323,127370,127300,127370,17
2026-05-29 21:30:00,127370,127390,127362,127390,23
2026-05-29 21:35:00,127390,127390,127337,127352,12
2026-05-29 21:40:00,127352,127352,127200,127200,72
2026-05-29 21:45:00,127200,127338,127200,127286,21
2026-05-29 21:50:00,127286,127337,127286,127331,6
2026-05-29 21:55:00,127331,127362,127238,127362,53
2026-05-29 22:00:00,127362,127410,127362,127368,43
2026-05-29 22:05:00,127368,127495,127368,127452,116
2026-05-29 22:10:00,127441,127441,127350,127429,99
2026-05-29 22:15:00,127429,127429,127304,127325,101
2026-05-29 22:20:00,127325,127492,127256,127489,106
2026-05-29 22:25:00,127489,127489,127419,127430,14
2026-05-29 22:30:00,127430,127470,127353,127398,54
2026-05-29 22:35:00,127398,127425,127364,127425,19
2026-05-29 22:40:00,127425,127425,127363,127367,25
2026-05-29 22:45:00,127367,127374,127313,127354,98
2026-05-29 22:50:00,127362,127378,127285,127378,68
2026-05-29 22:55:00,127378,127378,127276,127308,91
2026-05-29 23:00:00,127308,127364,127271,127308,59
2026-05-29 23:05:00,127308,127326,127271,127325,36
2026-05-29 23:10:00,127325,127330,127287,127330,26
2026-05-29 23:15:00,127330,127330,127227,127269,75
2026-05-29 23:20:00,127282,127301,127227,127261,98
2026-05-29 23:25:00,127234,127303,127234,127245,108
2026-06-01 09:00:00,126630,126902,126504,126761,242
2026-06-01 09:05:00,126761,126816,126630,126639,197
2026-06-01 09:10:00,126639,126639,126400,126464,218
2026-06-01 09:15:00,126464,126578,126381,126576,165
2026-06-01 09:20:00,126539,126550,126400,126523,172
2026-06-01 09:25:00,126523,126583,126506,126577,85
2026-06-01 09:30:00,126565,126650,126450,126610,151
2026-06-01 09:35:00,126597,126606,126500,126525,97
2026-06-01 09:40:00,126525,126548,126460,126540,80
2026-06-01 09:45:00,126540,126589,126460,126573,103
2026-06-01 09:50:00,126573,126585,126479,126573,94
2026-06-01 09:55:00,126573,126589,126461,126548,76
2026-06-01 10:00:00,126548,126548,126442,126513,109
2026-06-01 10:05:00,126513,126600,126482,126530,67
2026-06-01 10:10:00,126530,126670,126530,126607,252
2026-06-01 10:15:00,126607,126664,126500,126534,218
2026-06-01 10:20:00,126534,126644,126534,126644,97
2026-06-01 10:25:00,126644,126663,126610,126618,6
2026-06-01 10:30:00,126618,126670,126618,126670,18
2026-06-01 10:35:00,126670,126670,126648,126648,20
2026-06-01 10:40:00,126648,126664,126600,126664,18
2026-06-01 10:45:00,126664,126748,126645,126748,60
2026-06-01 10:50:00,126748,126758,126717,126758,27
2026-06-01 10:55:00,126756,126758,126724,126724,28
2026-06-01 11:00:00,126724,126797,126646,126656,62
2026-06-01 11:05:00,126656,126777,126620,126741,48
2026-06-01 11:10:00,126741,126764,126733,126750,24
2026-06-01 11:15:00,126750,126860,126712,126840,47
2026-06-01 11:20:00,126840,126859,126800,126816,25
2026-06-01 11:25:00,126816,126837,126765,126765,21
2026-06-01 11:30:00,126765,126771,126670,126703,48
2026-06-01 11:35:00,126703,126730,126693,126721,9
2026-06-01 11:40:00,126721,126730,126631,126674,26
2026-06-01 11:45:00,126674,126674,126603,126603,33
2026-06-01 11:50:00,126603,126621,126549,126560,71
2026-06-01 11:55:00,126560,126669,126560,126669,14
2026-06-01 12:00:00,126660,126686,126597,126651,27
2026-06-01 12:05:00,126651,126651,126521,126548,37
2026-06-01 12:10:00,126548,126563,126546,126563,6
2026-06-01 12:15:00,126563,126563,126525,126531,17
2026-06-01 12:20:00,126531,126531,126500,126528,50
2026-06-01 12:25:00,126528,126562,126528,126528,9
2026-06-01 12:30:00,126528,126613,126515,126582,12
2026-06-01 12:35:00,126582,126627,126580,126627,11
2026-06-01 12:40:00,126627,126627,126580,126627,9
2026-06-01 12:45:00,126627,126646,126609,126612,7
2026-06-01 12:50:00,126612,126612,126562,126562,10
2026-06-01 12:55:00,126562,126602,126561,126561,8
2026-06-01 13:00:00,126561,126616,126532,126538,25
2026-06-01 13:05:00,126558,126558,126522,126552,12
2026-06-01 13:10:00,126552,126552,126491,126491,41
2026-06-01 13:15:00,126491,126500,126385,126417,59
2026-06-01 13:20:00,126417,126430,126399,126403,16
2026-06-01 13:25:00,126401,126567,126401,126567,28
2026-06-01 13:30:00,126573,126585,126441,126441,36
2026-06-01 13:35:00,126441,126574,126430,126494,47
2026-06-01 13:40:00,126494,126555,126455,126531,14
2026-06-01 13:45:00,126531,126531,126423,126423,34
2026-06-01 13:50:00,126423,126449,126385,126390,52
2026-06-01 13:55:00,126404,126416,126361,126413,47
2026-06-01 14:00:00,126413,126413,126360,126380,21
2026-06-01 14:05:00,126380,126400,126360,126387,12
2026-06-01 14:10:00,126387,126500,126362,126475,42
2026-06-01 14:15:00,126475,126485,126429,126485,9
2026-06-01 14:20:00,126485,126521,126409,126409,15
2026-06-01 14:25:00,126409,126448,126409,126438,11
2026-06-01 14:30:00,126448,126489,126437,126489,29
2026-06-01 14:35:00,126489,126511,126467,126489,40
2026-06-01 14:40:00,126489,126520,126489,126520,4
2026-06-01 14:45:00,126520,126630,126520,126630,64
2026-06-01 14:50:00,126630,126630,126480,126502,31
2026-06-01 14:55:00,126502,126502,126460,126470,10
2026-06-01 15:00:00,126470,126480,126390,126420,46
2026-06-01 15:05:00,126420,126504,126420,126497,17
2026-06-01 15:10:00,126497,126566,126490,126566,13
2026-06-01 15:15:00,126560,126576,126410,126468,39
2026-06-01 15:20:00,126468,126498,126000,126455,378
2026-06-01 15:25:00,126455,126510,126453,126467,19
2026-06-01 15:30:00,126510,126562,126500,126562,83
2026-06-01 15:35:00,126562,126599,126530,126599,32
2026-06-01 15:40:00,126581,126613,126526,126544,64
2026-06-01 15:45:00,126544,126559,126500,126500,15
2026-06-01 15:50:00,126500,126543,126464,126543,14
2026-06-01 15:55:00,126543,126599,126543,126571,27
2026-06-01 16:00:00,126571,126572,126560,126572,4
2026-06-01 16:05:00,126572,126615,126570,126600,36
2026-06-01 16:10:00,126600,126600,126536,126556,17
2026-06-01 16:15:00,126556,126629,126556,126597,17
2026-06-01 16:20:00,126597,126630,126562,126562,9
2026-06-01 16:25:00,126562,126562,126500,126510,16
2026-06-01 16:30:00,126510,126559,126400,126436,77
2026-06-01 16:35:00,126436,126661,126436,126598,120
2026-06-01 16:40:00,126598,126598,126492,126492,24
2026-06-01 16:45:00,126492,126628,126492,126597,19
2026-06-01 16:50:00,126597,126625,126593,126616,21
2026-06-01 16:55:00,126616,126616,126570,126616,14
2026-06-01 17:00:00,126616,126629,126588,126588,10
2026-06-01 17:05:00,126588,126601,126582,126601,10
2026-06-01 17:10:00,126601,126602,126553,126566,27
2026-06-01 17:15:00,126545,126569,126545,126569,7
2026-06-01 17:20:00,126569,126578,126544,126544,11
2026-06-01 17:25:00,126544,126544,126471,126471,14
2026-06-01 17:30:00,126471,126534,126471,126534,14
2026-06-01 17:35:00,126534,126590,126534,126590,7
2026-06-01 17:40:00,126590,126621,126505,126505,12
2026-06-01 17:45:00,126505,126505,126465,126471,27
2026-06-01 17:50:00,126471,126620,126371,126554,132
2026-06-01 17:55:00,126554,126620,126554,126589,28
2026-06-01 18:00:00,126589,126589,126411,126533,63
2026-06-01 18:05:00,126533,126598,126528,126558,24
2026-06-01 18:10:00,126558,126567,126520,126559,31
2026-06-01 18:15:00,126559,126600,126556,126581,36
2026-06-01 18:20:00,126581,126618,126560,126618,17
2026-06-01 18:25:00,126618,126618,126451,126546,35
2026-06-01 18:30:00,126546,126579,126486,126559,37
2026-06-01 18:35:00,126559,126561,126488,126561,32
2026-06-01 18:40:00,126561,126561,126179,126306,265
2026-06-01 18:45:00,126306,126359,126220,126250,90
2026-06-01 18:50:00,126250,126258,126058,126100,133
2026-06-01 18:55:00,126100,126125,126000,126036,193
2026-06-01 19:00:00,126036,126144,125931,126144,221
2026-06-01 19:05:00,126144,126250,126079,126195,122
2026-06-01 19:10:00,126195,126195,126086,126148,87
2026-06-01 19:15:00,126148,126148,126076,126083,56
2026-06-01 19:20:00,126076,126117,125901,125901,231
2026-06-01 19:25:00,125901,125966,125863,125904,147
2026-06-01 19:30:00,125900,125960,125880,125960,59
2026-06-01 19:35:00,125960,126066,125899,126066,92
2026-06-01 19:40:00,126092,126111,125981,126036,123
2026-06-01 19:45:00,126036,126063,125937,125950,33
2026-06-01 19:50:00,125950,126037,125950,126003,26
2026-06-01 19:55:00,126007,126007,125891,125937,45
2026-06-01 20:00:00,125937,126031,125937,125994,24
2026-06-01 20:05:00,125994,126032,125965,126032,42
2026-06-01 20:10:00,126032,126077,126007,126053,22
2026-06-01 20:15:00,126053,126053,126003,126025,25
2026-06-01 20:20:00,126020,126050,125936,126004,46
2026-06-01 20:25:00,126004,126034,125966,125971,41
2026-06-01 20:30:00,125971,126072,125971,125996,23
2026-06-01 20:35:00,125996,126040,125907,126040,45
2026-06-01 20:40:00,126040,126156,126040,126146,41
2026-06-01 20:45:00,126146,126156,126118,126118,42
2026-06-01 20:50:00,126118,126140,126100,126128,28
2026-06-01 20:55:00,126128,126152,126115,126152,26
2026-06-01 21:00:00,126152,126300,126152,126300,174
2026-06-01 21:05:00,126300,126300,126210,126225,52
2026-06-01 21:10:00,126225,126266,126158,126158,21
2026-06-01 21:15:00,126173,126194,126119,126154,56
2026-06-01 21:20:00,126154,126225,126119,126225,9
2026-06-01 21:25:00,126225,126240,126196,126204,55
2026-06-01 21:30:00,126204,126240,126150,126150,34
2026-06-01 21:35:00,126150,126150,126007,126030,50
2026-06-01 21:40:00,126030,126080,126000,126052,72
2026-06-01 21:45:00,126052,126092,126016,126092,22
2026-06-01 21:50:00,126092,126139,126092,126139,7
2026-06-01 21:55:00,126139,126148,126088,126136,29
2026-06-01 22:00:00,126136,126180,126116,126116,34
2026-06-01 22:05:00,126116,126175,126116,126122,14
2026-06-01 22:10:00,126122,126137,126084,126098,13
2026-06-01 22:15:00,126098,126136,126090,126096,23
2026-06-01 22:20:00,126096,126195,126096,126195,43
2026-06-01 22:25:00,126195,126245,126171,126234,80
2026-06-01 22:30:00,126234,126234,126104,126128,38
2026-06-01 22:35:00,126128,126191,126128,126161,18
2026-06-01 22:40:00,126161,126191,126161,126187,39
2026-06-01 22:45:00,126187,126190,126180,126180,11
2026-06-01 22:50:00,126180,126199,126152,126152,38
2026-06-01 22:55:00,126152,126252,126122,126252,50
2026-06-01 23:00:00,126271,126276,126122,126259,86
2026-06-01 23:05:00,126259,126270,126216,126270,46
2026-06-01 23:10:00,126270,126350,126244,126346,52
2026-06-01 23:15:00,126346,126421,126343,126400,165
2026-06-01 23:20:00,126400,126401,126305,126306,54
2026-06-01 23:25:00,126306,126407,126306,126307,67
2026-06-02 09:00:00,126709,126709,126221,126440,195
2026-06-02 09:05:00,126440,126451,126400,126414,44
2026-06-02 09:10:00,126414,126445,126400,126408,18
2026-06-02 09:15:00,126408,126437,126400,126403,33
2026-06-02 09:20:00,126403,126514,126403,126474,29
2026-06-02 09:25:00,126474,126518,126467,126489,16
2026-06-02 09:30:00,126489,126600,126489,126600,69
2026-06-02 09:35:00,126600,126600,126525,126600,66
2026-06-02 09:40:00,126600,126601,126571,126601,26
2026-06-02 09:45:00,126601,126700,126601,126685,83
2026-06-02 09:50:00,126685,126685,126569,126569,121
2026-06-02 09:55:00,126569,126569,126456,126500,186
2026-06-02 10:00:00,126510,126529,126367,126513,151
2026-06-02 10:05:00,126513,126591,126513,126568,35
2026-06-02 10:10:00,126568,126669,126568,126661,61
2026-06-02 10:15:00,126661,126750,126651,126750,94
2026-06-02 10:20:00,126750,126750,126699,126700,31
2026-06-02 10:25:00,126700,126789,126699,126777,71
2026-06-02 10:30:00,126784,126848,126781,126800,100
2026-06-02 10:35:00,126800,126814,126761,126811,22
2026-06-02 10:40:00,126813,126848,126800,126808,54
2026-06-02 10:45:00,126808,126899,126808,126891,59
2026-06-02 10:50:00,126891,126900,126850,126878,35
2026-06-02 10:55:00,126855,126900,126800,126885,38
2026-06-02 11:00:00,126885,126997,126885,126996,108
2026-06-02 11:05:00,126996,127057,126956,126957,131
2026-06-02 11:10:00,126957,126986,126888,126950,111
2026-06-02 11:15:00,126950,126999,126889,126955,68
2026-06-02 11:20:00,126955,126955,126841,126900,66
2026-06-02 11:25:00,126900,126909,126848,126907,51
2026-06-02 11:30:00,126907,126985,126907,126985,10
2026-06-02 11:35:00,126985,127010,126946,126984,49
2026-06-02 11:40:00,126984,126984,126896,126896,9
2026-06-02 11:45:00,126896,126945,126884,126919,13
2026-06-02 11:50:00,126919,127100,126919,127048,68
2026-06-02 11:55:00,127048,127126,127008,127122,56
2026-06-02 12:00:00,127122,127189,127062,127185,110
2026-06-02 12:05:00,127185,127185,127105,127120,74
2026-06-02 12:10:00,127120,127120,127067,127115,28
2026-06-02 12:15:00,127115,127130,127093,127124,37
2026-06-02 12:20:00,127124,127124,127084,127100,14
2026-06-02 12:25:00,127100,127165,127100,127165,45
2026-06-02 12:30:00,127175,127200,127127,127160,51
2026-06-02 12:35:00,127160,127182,127138,127170,14
2026-06-02 12:40:00,127170,127254,127165,127254,94
2026-06-02 12:45:00,127260,127260,127172,127200,46
2026-06-02 12:50:00,127200,127220,127115,127189,42
2026-06-02 12:55:00,127161,127161,127061,127061,30
2026-06-02 13:00:00,127061,127142,127061,127142,15
2026-06-02 13:05:00,127142,127221,127129,127177,20
2026-06-02 13:10:00,127177,127177,127081,127111,23
2026-06-02 13:15:00,127111,127111,127001,127039,45
2026-06-02 13:20:00,127039,127081,127009,127028,23
2026-06-02 13:25:00,127028,127137,127028,127137,21
2026-06-02 13:30:00,127137,127210,127137,127210,18
2026-06-02 13:35:00,127210,127257,127013,127180,48
2026-06-02 13:40:00,127180,127180,127099,127130,47
2026-06-02 13:45:00,127130,127142,127069,127123,38
2026-06-02 13:50:00,127123,127123,127050,127092,14
2026-06-02 13:55:00,127092,127092,127029,127043,13
2026-06-02 14:00:00,127043,127055,127000,127055,21
2026-06-02 14:05:00,127055,127055,127008,127011,11
2026-06-02 14:10:00,127011,127038,127000,127000,29
2026-06-02 14:15:00,127000,127010,127000,127002,8
2026-06-02 14:20:00,127002,127013,126960,126984,31
2026-06-02 14:25:00,126969,127010,126950,126950,18
2026-06-02 14:30:00,126950,126950,126913,126924,37
2026-06-02 14:35:00,126924,127085,126924,127070,22
2026-06-02 14:40:00,127070,127078,127070,127072,9
2026-06-02 14:45:00,127072,127125,127051,127093,26
2026-06-02 14:50:00,127093,127093,127024,127024,5
2026-06-02 14:55:00,127024,127024,126906,126925,21
2026-06-02 15:00:00,126925,126950,126905,126933,9
2026-06-02 15:05:00,126933,127065,126933,127038,29
2026-06-02 15:10:00,127038,127038,126979,127034,17
2026-06-02 15:15:00,127034,127038,127034,127037,5
2026-06-02 15:20:00,127037,127086,127023,127065,8
2026-06-02 15:25:00,127065,127120,127045,127089,60
2026-06-02 15:30:00,127089,127120,127080,127100,69
2026-06-02 15:35:00,127100,127126,127100,127126,19
2026-06-02 15:40:00,127126,127187,127109,127142,52
2026-06-02 15:45:00,127142,127143,127120,127130,15
2026-06-02 15:50:00,127127,127149,127036,127057,52
2026-06-02 15:55:00,127057,127091,127057,127079,43
2026-06-02 16:00:00,127079,127100,127079,127100,10
2026-06-02 16:05:00,127100,127100,127079,127094,4
2026-06-02 16:10:00,127094,127094,127079,127079,4
2026-06-02 16:15:00,127079,127116,127079,127116,19
2026-06-02 16:20:00,127116,127140,127116,127140,24
2026-06-02 16:25:00,127140,127269,127140,127220,137
2026-06-02 16:30:00,127220,127259,127200,127207,65
2026-06-02 16:35:00,127207,127212,127184,127184,25
2026-06-02 16:40:00,127184,127200,127183,127183,9
2026-06-02 16:45:00,127183,127183,127140,127149,58
2026-06-02 16:50:00,127149,127149,127140,127140,36
2026-06-02 16:55:00,127140,127162,127140,127147,16
2026-06-02 17:00:00,127147,127198,127147,127198,9
2026-06-02 17:05:00,127198,127198,127123,127123,154
2026-06-02 17:10:00,127123,127170,127113,127169,10
2026-06-02 17:15:00,127169,127169,127148,127160,21
2026-06-02 17:20:00,127160,127191,127149,127191,45
2026-06-02 17:25:00,127191,127202,127160,127160,7
2026-06-02 17:30:00,127160,127166,127150,127166,6
2026-06-02 17:35:00,127166,127166,127148,127158,39
2026-06-02 17:40:00,127158,127183,127133,127158,11
2026-06-02 17:45:00,127158,127158,127129,127135,24
2026-06-02 17:50:00,127135,127199,127135,127153,26
2026-06-02 17:55:00,127153,127199,127143,127199,21
2026-06-02 18:00:00,127199,127199,127048,127096,84
2026-06-02 18:05:00,127096,127121,127000,127050,32
2026-06-02 18:10:00,127050,127089,127033,127059,20
2026-06-02 18:15:00,127059,127093,127052,127052,7
2026-06-02 18:20:00,127052,127065,126905,126928,106
2026-06-02 18:25:00,126928,126948,126906,126919,34
2026-06-02 18:30:00,126919,126970,126901,126936,58
2026-06-02 18:35:00,126936,127000,126916,126927,19
2026-06-02 18:40:00,126927,126965,126915,126915,19
2026-06-02 18:45:00,126915,126935,126854,126886,96
2026-06-02 18:50:00,126886,126886,126809,126850,52
2026-06-02 18:55:00,126850,126933,126825,126825,50
2026-06-02 19:00:00,126806,126834,126770,126801,104
2026-06-02 19:05:00,126801,126867,126801,126867,54
2026-06-02 19:10:00,126867,126999,126867,126867,27
2026-06-02 19:15:00,126867,126913,126865,126894,14
2026-06-02 19:20:00,126894,126929,126872,126872,20
2026-06-02 19:25:00,126872,126872,126801,126801,39
2026-06-02 19:30:00,126801,126893,126770,126819,98
2026-06-02 19:35:00,126824,126852,126785,126790,39
2026-06-02 19:40:00,126790,126815,126790,126815,23
2026-06-02 19:45:00,126815,126837,126680,126697,149
2026-06-02 19:50:00,126697,126728,126602,126661,53
2026-06-02 19:55:00,126661,126697,126651,126670,28
2026-06-02 20:00:00,126670,126799,126653,126799,58
2026-06-02 20:05:00,126799,126950,126799,126892,64
2026-06-02 20:10:00,126892,126892,126819,126848,21
2026-06-02 20:15:00,126848,126900,126848,126900,31
2026-06-02 20:20:00,126900,126900,126823,126823,23
2026-06-02 20:25:00,126823,126848,126771,126771,9
2026-06-02 20:30:00,126771,126898,126771,126897,13
2026-06-02 20:35:00,126897,126899,126861,126882,11
2026-06-02 20:40:00,126882,126882,126788,126788,17
2026-06-02 20:45:00,126788,126815,126710,126815,61
2026-06-02 20:50:00,126815,126855,126800,126818,11
2026-06-02 20:55:00,126818,126818,126803,126817,5
2026-06-02 21:00:00,126817,126818,126793,126801,6
2026-06-02 21:05:00,126801,126839,126801,126820,6
2026-06-02 21:10:00,126828,126828,126757,126758,31
2026-06-02 21:15:00,126758,126802,126746,126785,10
2026-06-02 21:20:00,126785,126785,126749,126749,19
2026-06-02 21:25:00,126749,126749,126720,126735,20
2026-06-02 21:30:00,126735,126735,126700,126700,25
2026-06-02 21:35:00,126701,126769,126701,126769,30
2026-06-02 21:40:00,126769,126826,126769,126786,30
2026-06-02 21:45:00,126786,126786,126660,126660,43
2026-06-02 21:50:00,126660,126660,126609,126650,82
2026-06-02 21:55:00,126650,126677,126547,126590,93
2026-06-02 22:00:00,126590,126590,126559,126571,21
2026-06-02 22:05:00,126571,126629,126571,126574,22
2026-06-02 22:10:00,126574,126627,126574,126627,24
2026-06-02 22:15:00,126627,126650,126627,126650,22
2026-06-02 22:20:00,126645,126665,126604,126610,19
2026-06-02 22:25:00,126610,126623,126605,126605,9
2026-06-02 22:30:00,126605,126650,126585,126585,52
2026-06-02 22:35:00,126583,126613,126523,126523,41
2026-06-02 22:40:00,126523,126584,126523,126584,12
2026-06-02 22:45:00,126584,126770,126550,126580,177
2026-06-02 22:50:00,126580,126580,126519,126550,28
2026-06-02 22:55:00,126550,126560,126519,126549,21
2026-06-02 23:00:00,126549,126549,126502,126528,48
2026-06-02 23:05:00,126528,126528,126411,126411,79
2026-06-02 23:10:00,126411,126509,126411,126509,47
2026-06-02 23:15:00,126509,126644,126446,126589,118
2026-06-02 23:20:00,126644,126644,126500,126550,64
2026-06-02 23:25:00,126502,126647,126421,126647,151
2026-06-03 09:00:00,126202,126528,126123,126482,122
2026-06-03 09:05:00,126482,126588,126479,126530,93
2026-06-03 09:10:00,126530,126558,126490,126490,60
2026-06-03 09:15:00,126490,126526,126396,126396,81
2026-06-03 09:20:00,126396,126497,126388,126423,27
2026-06-03 09:25:00,126423,126552,126423,126511,28
2026-06-03 09:30:00,126511,126710,126511,126710,62
2026-06-03 09:35:00,126578,126667,126561,126561,38
2026-06-03 09:40:00,126561,126632,126561,126630,12
2026-06-03 09:45:00,126630,126673,126502,126502,31
2026-06-03 09:50:00,126502,126541,126500,126540,15
2026-06-03 09:55:00,126540,126540,126450,126450,65
2026-06-03 10:00:00,126448,126448,126304,126336,51
2026-06-03 10:05:00,126332,126365,126304,126304,51
2026-06-03 10:10:00,126304,126438,126303,126438,28
2026-06-03 10:15:00,126438,126438,126300,126302,40
2026-06-03 10:20:00,126302,126326,126211,126255,106
2026-06-03 10:25:00,126255,126255,126111,126228,124
2026-06-03 10:30:00,126200,126250,126103,126230,120
2026-06-03 10:35:00,126230,126300,126174,126290,50
2026-06-03 10:40:00,126290,126350,126290,126350,17
2026-06-03 10:45:00,126350,126350,126350,126350,5
2026-06-03 10:50:00,126350,126390,126255,126255,16
2026-06-03 10:55:00,126255,126255,126200,126241,13
2026-06-03 11:00:00,126241,126241,126105,126139,76
2026-06-03 11:05:00,126139,126192,126101,126132,36
2026-06-03 11:10:00,126132,126155,126075,126080,30
2026-06-03 11:15:00,126080,126252,126072,126252,37
2026-06-03 11:20:00,126252,126300,126138,126138,35
2026-06-03 11:25:00,126138,126157,126072,126086,25
2026-06-03 11:30:00,126070,126188,126070,126188,22
2026-06-03 11:35:00,126188,126233,126132,126224,13
2026-06-03 11:40:00,126224,126269,126169,126209,51
2026-06-03 11:45:00,126209,126296,126060,126245,94
2026-06-03 11:50:00,126245,126268,126129,126129,26
2026-06-03 11:55:00,126129,126153,126102,126144,16
2026-06-03 12:00:00,126144,126144,126013,126013,64
2026-06-03 12:05:00,126013,126111,126013,126111,7
2026-06-03 12:10:00,126111,126169,126111,126127,23
2026-06-03 12:15:00,126127,126127,126040,126070,9
2026-06-03 12:20:00,126105,126140,126073,126121,15
2026-06-03 12:25:00,126121,126169,126121,126169,22
2026-06-03 12:30:00,126169,126244,126166,126230,36
2026-06-03 12:35:00,126230,126230,126147,126213,45
2026-06-03 12:40:00,126213,126350,126206,126345,85
2026-06-03 12:45:00,126345,126345,126262,126280,17
2026-06-03 12:50:00,126280,126280,126249,126280,28
2026-06-03 12:55:00,126280,126282,126215,126215,52
2026-06-03 13:00:00,126201,126249,126168,126249,39
2026-06-03 13:05:00,126249,126252,126200,126200,7
2026-06-03 13:10:00,126200,126250,126150,126246,82
2026-06-03 13:15:00,126246,126258,126202,126235,23
2026-06-03 13:20:00,126235,126269,126235,126250,14
2026-06-03 13:25:00,126250,126250,126098,126102,26
2026-06-03 13:30:00,126102,126160,126080,126110,32
2026-06-03 13:35:00,126110,126144,126081,126100,46
2026-06-03 13:40:00,126100,126100,126050,126079,16
2026-06-03 13:45:00,126079,126090,126051,126078,30
2026-06-03 13:50:00,126078,126085,126026,126054,21
2026-06-03 13:55:00,126054,126133,126025,126131,25
2026-06-03 14:00:00,126131,126149,126101,126101,18
2026-06-03 14:05:00,126101,126127,126083,126127,7
2026-06-03 14:10:00,126127,126155,126104,126104,15
2026-06-03 14:15:00,126104,126189,126104,126151,13
2026-06-03 14:20:00,126151,126179,125875,125900,216
2026-06-03 14:25:00,125900,125900,125756,125772,128
2026-06-03 14:30:00,125772,126069,125772,125989,84
2026-06-03 14:35:00,125989,126124,125989,126043,36
2026-06-03 14:40:00,126043,126059,125938,125938,14
2026-06-03 14:45:00,125938,125940,125843,125912,33
2026-06-03 14:50:00,125912,126031,125900,125900,40
2026-06-03 14:55:00,125900,125900,125820,125820,19
2026-06-03 15:00:00,125820,125861,125787,125819,50
2026-06-03 15:05:00,125819,125886,125802,125864,40
2026-06-03 15:10:00,125864,125878,125825,125825,27
2026-06-03 15:15:00,125825,125850,125800,125850,29
2026-06-03 15:20:00,125850,125898,125832,125862,58
2026-06-03 15:25:00,125862,125862,125800,125819,42
2026-06-03 15:30:00,125844,125913,125801,125909,53
2026-06-03 15:35:00,125909,126177,125892,126090,130
2026-06-03 15:40:00,126090,126140,126048,126139,38
2026-06-03 15:45:00,126126,126189,126113,126188,48
2026-06-03 15:50:00,126188,126189,126000,126004,106
2026-06-03 15:55:00,126004,126084,125978,126084,26
2026-06-03 16:00:00,126084,126158,126084,126158,16
2026-06-03 16:05:00,126158,126158,126111,126111,10
2026-06-03 16:10:00,126111,126111,126040,126079,20
2026-06-03 16:15:00,126079,126109,126048,126054,44
2026-06-03 16:20:00,126054,126126,126053,126070,15
2026-06-03 16:25:00,126070,126152,126070,126129,20
2026-06-03 16:30:00,126129,126199,126115,126197,17
2026-06-03 16:35:00,126197,126240,126180,126220,53
2026-06-03 16:40:00,126220,126300,126215,126215,166
2026-06-03 16:45:00,126215,126250,126033,126133,131
2026-06-03 16:50:00,126133,126202,126133,126199,19
2026-06-03 16:55:00,126199,126264,126199,126243,42
2026-06-03 17:00:00,126243,126316,126243,126257,32
2026-06-03 17:05:00,126257,126315,126257,126306,21
2026-06-03 17:10:00,126306,126306,126235,126235,4
2026-06-03 17:15:00,126235,126245,126183,126241,31
2026-06-03 17:20:00,126241,126293,126220,126250,44
2026-06-03 17:25:00,126250,126267,126212,126226,32
2026-06-03 17:30:00,126226,126249,126187,126249,6
2026-06-03 17:35:00,126249,126250,126160,126160,15
2026-06-03 17:40:00,126160,126188,126119,126160,22
2026-06-03 17:45:00,126160,126220,126022,126022,109
2026-06-03 17:50:00,126022,126126,126022,126098,22
2026-06-03 17:55:00,126098,126098,126000,126000,30
2026-06-03 18:00:00,126000,126116,125980,126010,47
2026-06-03 18:05:00,126010,126010,125893,125914,67
2026-06-03 18:10:00,125914,126127,125914,126082,30
2026-06-03 18:15:00,126082,126159,126082,126159,17
2026-06-03 18:20:00,126159,126249,126159,126200,63
2026-06-03 18:25:00,126200,126200,126125,126125,20
2026-06-03 18:30:00,126125,126230,126125,126220,30
2026-06-03 18:35:00,126220,126234,126220,126230,17
2026-06-03 18:40:00,126230,126295,126230,126264,38
2026-06-03 18:45:00,126264,126273,126200,126229,25
2026-06-03 18:50:00,126229,126229,126085,126120,16
2026-06-03 18:55:00,126120,126120,126035,126074,26
2026-06-03 19:00:00,126074,126155,126074,126079,18
2026-06-03 19:05:00,126079,126117,126079,126100,17
2026-06-03 19:10:00,126100,126100,125701,125740,253
2026-06-03 19:15:00,125740,125963,125740,125934,386
2026-06-03 19:20:00,125934,126031,125901,125965,117
2026-06-03 19:25:00,125965,126046,125913,125981,46
2026-06-03 19:30:00,126003,126007,125812,125884,156
2026-06-03 19:35:00,125884,125985,125866,125968,62
2026-06-03 19:40:00,125968,126050,125968,125990,21
2026-06-03 19:45:00,125990,126063,125922,125952,26
2026-06-03 19:50:00,125952,126062,125952,125995,32
2026-06-03 19:55:00,125995,126001,125940,125998,21
2026-06-03 20:00:00,125998,126022,125908,125933,12
2026-06-03 20:05:00,125933,126044,125933,126006,17
2026-06-03 20:10:00,126006,126006,125960,126005,10
2026-06-03 20:15:00,126005,126042,125966,126021,13
2026-06-03 20:20:00,126021,126152,126005,126151,52
2026-06-03 20:25:00,126151,126187,126105,126137,39
2026-06-03 20:30:00,126137,126137,126073,126073,6
2026-06-03 20:35:00,126073,126073,126006,126035,28
2026-06-03 20:40:00,126035,126035,125988,125988,15
2026-06-03 20:45:00,125988,126070,125919,125992,67
2026-06-03 20:50:00,125992,125992,125909,125934,11
2026-06-03 20:55:00,125934,125977,125905,125969,24
2026-06-03 21:00:00,125969,126008,125928,125928,19
2026-06-03 21:05:00,125928,125930,125900,125900,44
2026-06-03 21:10:00,125900,125931,125870,125870,22
2026-06-03 21:15:00,125870,125895,125845,125895,11
2026-06-03 21:20:00,125895,125953,125895,125926,23
2026-06-03 21:25:00,125926,125949,125920,125927,13
2026-06-03 21:30:00,125927,125927,125900,125919,9
2026-06-03 21:35:00,125919,125937,125900,125902,39
2026-06-03 21:40:00,125902,125933,125847,125913,41
2026-06-03 21:45:00,125913,125923,125880,125880,20
2026-06-03 21:50:00,125880,125909,125854,125873,27
2026-06-03 21:55:00,125873,125873,125836,125836,33
2026-06-03 22:00:00,125836,125907,125832,125907,16
2026-06-03 22:05:00,125907,125937,125900,125924,19
2026-06-03 22:10:00,125924,125933,125894,125895,11
2026-06-03 22:15:00,125895,125918,125871,125918,15
2026-06-03 22:20:00,125918,125918,125886,125892,10
2026-06-03 22:25:00,125892,126008,125892,126008,32
2026-06-03 22:30:00,126008,126012,125951,125983,20
2026-06-03 22:35:00,125983,126028,125983,126028,16
2026-06-03 22:40:00,126028,126028,125945,125945,23
2026-06-03 22:45:00,125945,125945,125900,125919,11
2026-06-03 22:50:00,125919,125944,125918,125940,13
2026-06-03 22:55:00,125940,125988,125940,125968,5
2026-06-03 23:00:00,125968,126006,125929,125976,32
2026-06-03 23:05:00,125976,125993,125952,125953,22
2026-06-03 23:10:00,125953,126027,125952,125958,136
2026-06-03 23:15:00,125958,126044,125956,125990,41
2026-06-03 23:20:00,125990,126131,125986,126048,98
2026-06-03 23:25:00,126047,126047,125950,125950,75
2026-06-04 09:00:00,126311,126469,126300,126357,157
2026-06-04 09:05:00,126357,126357,126178,126200,55
2026-06-04 09:10:00,126200,126260,126150,126150,52
2026-06-04 09:15:00,126150,126203,126125,126130,86
2026-06-04 09:20:00,126148,126250,126145,126202,48
2026-06-04 09:25:00,126202,126262,126202,126248,26
2026-06-04 09:30:00,126248,126250,126227,126237,20
2026-06-04 09:35:00,126237,126285,126236,126253,21
2026-06-04 09:40:00,126253,126385,126253,126379,63
2026-06-04 09:45:00,126379,126408,126355,126362,55
2026-06-04 09:50:00,126362,126450,126362,126449,60
2026-06-04 09:55:00,126449,126449,126400,126403,32
2026-06-04 10:00:00,126403,126500,126403,126500,98
2026-06-04 10:05:00,126500,126548,126481,126510,37
2026-06-04 10:10:00,126510,126550,126510,126533,50
2026-06-04 10:15:00,126533,126533,126479,126485,16
2026-06-04 10:20:00,126485,126510,126450,126496,30
2026-06-04 10:25:00,126496,126600,126496,126511,85
2026-06-04 10:30:00,126511,126550,126464,126465,49
2026-06-04 10:35:00,126465,126494,126345,126345,61
2026-06-04 10:40:00,126345,126500,126315,126473,54
2026-06-04 10:45:00,126473,126475,126442,126475,7
2026-06-04 10:50:00,126475,126475,126321,126321,35
2026-06-04 10:55:00,126320,126411,126315,126411,70
2026-06-04 11:00:00,126411,126411,126308,126369,34
2026-06-04 11:05:00,126369,126369,126310,126342,11
2026-06-04 11:10:00,126342,126350,126320,126350,9
2026-06-04 11:15:00,126350,126363,126297,126297,23
2026-06-04 11:20:00,126297,126302,126272,126272,14
2026-06-04 11:25:00,126272,126317,126272,126317,8
2026-06-04 11:30:00,126317,126385,126317,126385,16
2026-06-04 11:35:00,126385,126490,126370,126450,59
2026-06-04 11:40:00,126450,126474,126422,126458,24
2026-06-04 11:45:00,126458,126458,126323,126326,18
2026-06-04 11:50:00,126326,126385,126326,126357,23
2026-06-04 11:55:00,126357,126438,126357,126438,26
2026-06-04 12:00:00,126438,126457,126419,126419,17
2026-06-04 12:05:00,126419,126472,126397,126403,16
2026-06-04 12:10:00,126427,126427,126377,126395,17
2026-06-04 12:15:00,126395,126395,126341,126358,9
2026-06-04 12:20:00,126378,126400,126358,126400,4
2026-06-04 12:25:00,126400,126410,126378,126378,12
2026-06-04 12:30:00,126378,126391,126350,126391,8
2026-06-04 12:35:00,126391,126394,126346,126360,11
2026-06-04 12:40:00,126360,126372,126360,126372,2
2026-06-04 12:45:00,126372,126393,126348,126383,6
2026-06-04 12:50:00,126383,126383,126359,126359,7
2026-06-04 12:55:00,126359,126359,126297,126300,16
2026-06-04 13:00:00,126300,126381,126300,126378,13
2026-06-04 13:05:00,126370,126378,126339,126350,18
2026-06-04 13:10:00,126350,126350,126301,126303,19
2026-06-04 13:15:00,126303,126317,126275,126315,23
2026-06-04 13:20:00,126315,126315,126273,126273,31
2026-06-04 13:25:00,126273,126298,126261,126290,22
2026-06-04 13:30:00,126290,126330,126263,126263,25
2026-06-04 13:35:00,126263,126333,126263,126315,10
2026-06-04 13:40:00,126316,126316,126280,126280,21
2026-06-04 13:45:00,126280,126300,126280,126300,13
2026-06-04 13:50:00,126300,126300,126225,126240,31
2026-06-04 13:55:00,126240,126257,126220,126257,26
2026-06-04 14:00:00,126257,126345,126257,126322,48
2026-06-04 14:05:00,126322,126333,126289,126289,9
2026-06-04 14:10:00,126289,126308,126289,126308,7
2026-06-04 14:15:00,126308,126319,126308,126310,7
2026-06-04 14:20:00,126310,126315,126261,126287,7
2026-06-04 14:25:00,126287,126345,126287,126345,7
2026-06-04 14:30:00,126345,126433,126313,126433,50
2026-06-04 14:35:00,126433,126436,126420,126430,7
2026-06-04 14:40:00,126430,126450,126302,126355,49
2026-06-04 14:45:00,126355,126355,126335,126347,3
2026-06-04 14:50:00,126347,126430,126347,126430,7
2026-06-04 14:55:00,126430,126439,126403,126439,14
2026-06-04 15:00:00,126439,126439,126346,126403,10
2026-06-04 15:05:00,126403,126426,126400,126410,12
2026-06-04 15:10:00,126410,126426,126395,126426,15
2026-06-04 15:15:00,126426,126480,126424,126469,52
2026-06-04 15:20:00,126469,126499,126467,126468,30
2026-06-04 15:25:00,126468,126499,126450,126450,16
2026-06-04 15:30:00,126450,126476,126430,126450,58
2026-06-04 15:35:00,126450,126455,126427,126427,16
2026-06-04 15:40:00,126427,126479,126423,126466,19
2026-06-04 15:45:00,126466,126466,126450,126450,4
2026-06-04 15:50:00,126450,126450,126377,126378,9
2026-06-04 15:55:00,126378,126412,126360,126412,10
2026-06-04 16:00:00,126412,126443,126365,126443,18
2026-06-04 16:05:00,126443,126445,126411,126445,3
2026-06-04 16:10:00,126445,126490,126441,126490,12
2026-06-04 16:15:00,126490,126490,126417,126462,30
2026-06-04 16:20:00,126462,126462,126390,126428,13
2026-06-04 16:25:00,126428,126461,126428,126430,3
2026-06-04 16:30:00,126430,126482,126430,126444,16
2026-06-04 16:35:00,126444,126593,126444,126593,85
2026-06-04 16:40:00,126593,126593,126520,126535,33
2026-06-04 16:45:00,126535,126585,126532,126579,25
2026-06-04 16:50:00,126579,126620,126572,126611,61
2026-06-04 16:55:00,126611,126798,126611,126754,197
2026-06-04 17:00:00,126754,126791,126720,126738,93
2026-06-04 17:05:00,126738,126750,126623,126750,64
2026-06-04 17:10:00,126750,126825,126713,126825,114
2026-06-04 17:15:00,126825,126950,126771,126883,332
2026-06-04 17:20:00,126883,126989,126872,126961,124
2026-06-04 17:25:00,126961,127111,126961,127077,319
2026-06-04 17:30:00,127077,127151,126900,126900,182
2026-06-04 17:35:00,126900,126975,126854,126904,57
2026-06-04 17:40:00,126904,126925,126827,126851,55
2026-06-04 17:45:00,126851,126906,126802,126810,54
2026-06-04 17:50:00,126810,126905,126810,126895,58
2026-06-04 17:55:00,126895,126999,126895,126945,62
2026-06-04 18:00:00,126945,126999,126945,126970,37
2026-06-04 18:05:00,126970,126980,126945,126952,42
2026-06-04 18:10:00,126952,126982,126950,126963,18
2026-06-04 18:15:00,126963,126978,126932,126932,18
2026-06-04 18:20:00,126932,127091,126932,127050,112
2026-06-04 18:25:00,127072,127072,127000,127023,44
2026-06-04 18:30:00,127023,127085,126924,127022,57
2026-06-04 18:35:00,127022,127053,127005,127033,16
2026-06-04 18:40:00,127000,127000,126905,126954,30
2026-06-04 18:45:00,126954,127053,126954,127053,24
2026-06-04 18:50:00,127053,127053,126966,126971,24
2026-06-04 18:55:00,126971,127000,126955,127000,31
2026-06-04 19:00:00,127000,127003,126980,126986,36
2026-06-04 19:05:00,126986,127044,126986,127036,14
2026-06-04 19:10:00,127036,127070,127007,127070,43
2026-06-04 19:15:00,127070,127084,126990,127001,52
2026-06-04 19:20:00,127001,127049,126900,126900,31
2026-06-04 19:25:00,126900,126969,126850,126851,57
2026-06-04 19:30:00,126851,126904,126830,126889,73
2026-06-04 19:35:00,126889,126889,126762,126762,87
2026-06-04 19:40:00,126750,126812,126733,126733,45
2026-06-04 19:45:00,126733,126887,126726,126790,28
2026-06-04 19:50:00,126790,126790,126730,126749,28
2026-06-04 19:55:00,126749,126782,126701,126764,97
2026-06-04 20:00:00,126764,126764,126700,126764,40
2026-06-04 20:05:00,126739,126750,126696,126709,38
2026-06-04 20:10:00,126709,126754,126612,126647,37
2026-06-04 20:15:00,126647,126651,126550,126550,108
2026-06-04 20:20:00,126550,126650,126400,126477,203
2026-06-04 20:25:00,126477,126566,126437,126566,58
2026-06-04 20:30:00,126566,126617,126564,126592,40
2026-06-04 20:35:00,126592,126592,126508,126547,39
2026-06-04 20:40:00,126550,126629,126534,126540,75
2026-06-04 20:45:00,126540,126591,126540,126591,10
2026-06-04 20:50:00,126591,126591,126543,126572,22
2026-06-04 20:55:00,126572,126572,126527,126539,13
2026-06-04 21:00:00,126539,126539,126520,126524,5
2026-06-04 21:05:00,126524,126600,126524,126600,15
2026-06-04 21:10:00,126600,126600,126550,126550,28
2026-06-04 21:15:00,126550,126579,126550,126579,12
2026-06-04 21:20:00,126579,126605,126579,126605,21
2026-06-04 21:25:00,126605,126610,126605,126610,7
2026-06-04 21:30:00,126610,126681,126600,126630,21
2026-06-04 21:35:00,126630,126672,126630,126672,15
2026-06-04 21:40:00,126672,126681,126641,126641,23
2026-06-04 21:45:00,126641,126680,126638,126680,2
2026-06-04 21:50:00,126680,126699,126658,126691,19
2026-06-04 21:55:00,126691,126699,126649,126689,20
2026-06-04 22:00:00,126689,126700,126650,126680,18
2026-06-04 22:05:00,126680,126699,126678,126678,7
2026-06-04 22:10:00,126678,126700,126672,126675,14
2026-06-04 22:15:00,126675,126705,126675,126688,9
2026-06-04 22:20:00,126688,126688,126636,126636,20
2026-06-04 22:25:00,126636,126651,126621,126651,30
2026-06-04 22:30:00,126651,126652,126650,126650,2
2026-06-04 22:35:00,126650,126669,126650,126650,10
2026-06-04 22:40:00,126650,126650,126582,126586,23
2026-06-04 22:45:00,126586,126586,126500,126510,37
2026-06-04 22:50:00,126510,126520,126510,126511,39
2026-06-04 22:55:00,126511,126708,126511,126570,45
2026-06-04 23:00:00,126570,126683,126556,126660,26
2026-06-04 23:05:00,126660,126660,126558,126651,27
2026-06-04 23:10:00,126651,126656,126581,126581,37
2026-06-04 23:15:00,126581,126659,126581,126581,43
2026-06-04 23:20:00,126584,126649,126584,126604,59
2026-06-04 23:25:00,126604,126642,126515,126516,102
2026-06-05 09:00:00,126049,126100,125844,126010,295
2026-06-05 09:05:00,126010,126010,125853,125857,224
2026-06-05 09:10:00,125862,125995,125855,125958,148
2026-06-05 09:15:00,125958,125970,125872,125946,75
2026-06-05 09:20:00,125946,125970,125917,125930,50
2026-06-05 09:25:00,125930,126000,125901,126000,45
2026-06-05 09:30:00,126000,126010,125989,125989,34
2026-06-05 09:35:00,125989,126004,125989,125989,12
2026-06-05 09:40:00,125989,125992,125950,125950,39
2026-06-05 09:45:00,125950,125966,125929,125954,20
2026-06-05 09:50:00,125954,125954,125915,125941,20
2026-06-05 09:55:00,125941,125959,125941,125948,15
2026-06-05 10:00:00,125948,125948,125901,125929,23
2026-06-05 10:05:00,125929,125969,125898,125938,49
2026-06-05 10:10:00,125938,126015,125921,126015,74
2026-06-05 10:15:00,126015,126015,125885,125936,40
2026-06-05 10:20:00,125936,126005,125885,125885,37
2026-06-05 10:25:00,125885,125929,125801,125929,111
2026-06-05 10:30:00,125929,125941,125868,125919,44
2026-06-05 10:35:00,125919,125919,125555,125577,272
2026-06-05 10:40:00,125577,125755,125577,125755,90
2026-06-05 10:45:00,125750,125750,125650,125681,30
2026-06-05 10:50:00,125700,125783,125696,125743,70
2026-06-05 10:55:00,125743,125769,125705,125705,19
2026-06-05 11:00:00,125705,125705,125626,125670,52
2026-06-05 11:05:00,125670,125765,125670,125750,19
2026-06-05 11:10:00,125796,125796,125732,125732,33
2026-06-05 11:15:00,125732,125737,125653,125700,23
2026-06-05 11:20:00,125700,125730,125695,125700,6
2026-06-05 11:25:00,125700,125720,125646,125675,77
2026-06-05 11:30:00,125675,125713,125642,125642,18
2026-06-05 11:35:00,125642,125681,125642,125675,14
2026-06-05 11:40:00,125671,125682,125500,125530,137
2026-06-05 11:45:00,125530,125530,125500,125500,29
