date,open,high,low,close,volume
2026-04-06 12:30:00,23082.5,23082.6,23013.1,23014.0,2535
2026-04-06 12:35:00,23014.0,23045.9,23010.2,23027.1,4225
2026-04-06 12:40:00,23027.1,23041.0,23018.5,23041.0,1430
2026-04-06 12:45:00,23041.0,23122.0,23041.0,23122.0,15015
2026-04-06 12:50:00,23122.0,23152.1,23120.0,23149.8,10010
2026-04-06 12:55:00,23149.8,23180.0,23149.8,23164.0,6435
2026-04-06 13:00:00,23164.0,23185.0,23131.1,23148.2,3250
2026-04-06 13:05:00,23148.2,23175.0,23139.1,23175.0,3315
2026-04-06 13:10:00,23175.0,23249.9,23175.0,23240.0,20930
2026-04-06 13:15:00,23240.0,23260.0,23226.0,23245.5,6890
2026-04-06 13:20:00,23245.5,23284.6,23245.5,23257.4,15210
2026-04-06 13:25:00,23257.4,23266.2,23244.3,23250.0,3770
2026-04-06 13:30:00,23250.0,23275.0,23250.0,23267.3,2795
2026-04-06 13:35:00,23267.3,23280.0,23251.0,23251.0,2535
2026-04-06 13:40:00,23251.0,23255.1,23219.9,23230.0,2925
2026-04-06 13:45:00,23230.0,23246.2,23220.0,23230.0,1495
2026-04-06 13:50:00,23230.0,23261.4,23222.2,23258.8,1495
2026-04-06 13:55:00,23258.8,23260.1,23240.0,23240.0,1430
2026-04-06 14:00:00,23240.0,23268.0,23240.0,23260.0,1820
2026-04-06 14:05:00,23260.0,23274.0,23250.0,23250.0,1365
2026-04-06 14:10:00,23250.0,23288.0,23245.0,23288.0,3185
2026-04-06 14:15:00,23288.0,23300.0,23270.1,23290.9,3380
2026-04-06 14:20:00,23290.9,23308.5,23280.9,23280.9,2860
2026-04-06 14:25:00,23280.9,23290.0,23260.0,23280.9,2080
2026-04-06 14:30:00,23280.9,23305.0,23280.0,23305.0,3575
2026-04-06 14:35:00,23305.0,23310.6,23290.0,23306.0,2405
2026-04-06 14:40:00,23306.0,23306.0,23277.0,23297.2,650
2026-04-06 14:45:00,23297.2,23300.0,23293.5,23293.5,650
2026-04-06 14:50:00,23293.5,23310.0,23290.0,23296.0,1560
2026-04-06 14:55:00,23296.0,23302.8,23258.5,23302.8,1950
2026-04-06 15:00:00,23302.8,23343.0,23302.8,23330.0,4290
2026-04-06 15:05:00,23330.0,23354.3,23330.0,23350.4,3900
2026-04-06 15:10:00,23350.4,23373.8,23345.5,23370.0,6890
2026-04-06 15:15:00,23370.0,23370.0,23335.2,23345.0,3510
2026-04-06 15:20:00,23345.0,23349.7,23333.0,23345.0,4875
2026-04-06 15:25:00,23345.0,23347.9,23323.0,23345.0,6435
2026-04-07 09:15:00,23217.0,23217.0,23105.4,23146.1,14625
2026-04-07 09:20:00,23146.1,23184.6,23126.0,23175.0,6630
2026-04-07 09:25:00,23175.0,23249.9,23175.0,23231.9,10595
2026-04-07 09:30:00,23231.9,23245.0,23200.0,23200.0,9425
2026-04-07 09:35:00,23200.0,23225.7,23186.0,23199.9,18005
2026-04-07 09:40:00,23199.9,23219.9,23147.3,23162.7,10270
2026-04-07 09:45:00,23162.7,23201.2,23155.0,23170.6,10465
2026-04-07 09:50:00,23170.6,23200.0,23170.6,23200.0,5785
2026-04-07 09:55:00,23200.0,23240.0,23199.9,23240.0,11115
2026-04-07 10:00:00,23240.0,23274.1,23230.1,23274.1,16510
2026-04-07 10:05:00,23274.1,23285.7,23243.8,23243.8,9035
2026-04-07 10:10:00,23243.8,23265.0,23243.8,23265.0,4550
2026-04-07 10:15:00,23265.0,23300.0,23265.0,23299.0,2795
2026-04-07 10:20:00,23299.0,23310.0,23269.0,23270.0,2210
2026-04-07 10:25:00,23270.0,23301.0,23270.0,23301.0,585
2026-04-07 10:30:00,23301.0,23302.0,23280.0,23280.0,1170
2026-04-07 10:35:00,23280.0,23280.7,23247.0,23280.7,975
2026-04-07 10:40:00,23280.7,23308.5,23280.2,23303.0,3380
2026-04-07 10:45:00,23303.0,23303.0,23269.0,23274.6,715
2026-04-07 10:50:00,23274.6,23287.5,23205.0,23210.0,3835
2026-04-07 10:55:00,23210.0,23249.1,23195.0,23195.7,1950
2026-04-07 11:00:00,23195.7,23208.9,23180.0,23206.1,1495
2026-04-07 11:05:00,23206.1,23235.0,23200.0,23226.7,1560
2026-04-07 11:10:00,23226.7,23235.2,23200.0,23211.4,11960
2026-04-07 11:15:00,23212.6,23254.5,23212.6,23251.9,12090
2026-04-07 11:20:00,23251.9,23288.5,23248.6,23284.5,3835
2026-04-07 11:25:00,23284.5,23300.0,23274.1,23290.6,1885
2026-04-07 11:30:00,23290.6,23296.7,23284.5,23296.7,1300
2026-04-07 11:35:00,23296.7,23310.4,23274.8,23310.4,1365
2026-04-07 11:40:00,23310.4,23310.4,23265.2,23275.0,715
2026-04-07 11:45:00,23275.0,23280.0,23258.0,23266.0,780
2026-04-07 11:50:00,23266.0,23281.7,23260.9,23281.7,780
2026-04-07 11:55:00,23281.7,23328.9,23281.7,23320.7,7475
2026-04-07 12:00:00,23320.7,23328.6,23277.0,23285.3,2925
2026-04-07 12:05:00,23285.3,23299.0,23270.1,23298.5,3055
2026-04-07 12:10:00,23298.5,23298.5,23261.0,23261.0,715
2026-04-07 12:15:00,23261.0,23290.0,23261.0,23274.7,390
2026-04-07 12:20:00,23274.7,23274.7,23250.1,23260.0,520
2026-04-07 12:25:00,23260.0,23267.8,23252.0,23267.8,1950
2026-04-07 12:30:00,23267.8,23273.8,23267.8,23273.8,65
2026-04-07 12:35:00,23273.8,23289.9,23270.0,23289.9,390
2026-04-07 12:40:00,23289.9,23296.6,23280.9,23296.6,455
2026-04-07 12:45:00,23296.6,23296.6,23271.6,23280.7,455
2026-04-07 12:50:00,23280.7,23292.7,23274.9,23280.2,455
2026-04-07 12:55:00,23280.2,23293.0,23257.9,23257.9,455
2026-04-07 13:00:00,23257.9,23279.0,23250.0,23279.0,1820
2026-04-07 13:05:00,23279.0,23279.0,23270.0,23270.0,325
2026-04-07 13:10:00,23270.0,23296.0,23251.6,23290.0,2275
2026-04-07 13:15:00,23290.0,23315.0,23280.0,23313.0,1820
2026-04-07 13:20:00,23313.0,23313.0,23289.9,23292.0,1755
2026-04-07 13:25:00,23292.0,23301.9,23276.0,23300.0,2665
2026-04-07 13:30:00,23300.0,23386.0,23300.0,23355.5,9360
2026-04-07 13:35:00,23355.5,23377.8,23350.0,23377.8,1950
2026-04-07 13:40:00,23377.8,23410.3,23358.3,23397.2,8125
2026-04-07 13:45:00,23397.2,23408.3,23352.8,23365.7,9165
2026-04-07 13:50:00,23365.7,23393.0,23347.4,23390.0,3965
2026-04-07 13:55:00,23390.0,23390.0,23318.0,23340.1,5785
2026-04-07 14:00:00,23340.1,23365.0,23332.0,23365.0,5395
2026-04-07 14:05:00,23365.0,23370.0,23346.0,23360.0,3185
2026-04-07 14:10:00,23360.0,23365.0,23345.0,23360.0,1885
2026-04-07 14:15:00,23360.0,23376.4,23348.0,23350.0,4940
2026-04-07 14:20:00,23350.0,23362.5,23340.0,23351.9,4420
2026-04-07 14:25:00,23351.9,23379.0,23350.0,23369.7,1755
2026-04-07 14:30:00,23369.7,23398.0,23360.0,23385.2,3445
2026-04-07 14:35:00,23385.2,23388.0,23350.0,23355.0,2925
2026-04-07 14:40:00,23355.0,23375.0,23354.9,23375.0,9620
2026-04-07 14:45:00,23375.0,23400.0,23370.0,23400.0,2340
2026-04-07 14:50:00,23400.0,23414.9,23395.0,23403.4,4485
2026-04-07 14:55:00,23403.4,23446.6,23403.4,23444.0,8905
2026-04-07 15:00:00,23444.0,23460.0,23420.0,23455.0,13715
2026-04-07 15:05:00,23455.0,23468.4,23450.2,23450.2,4810
2026-04-07 15:10:00,23450.2,23455.9,23425.2,23442.3,8190
2026-04-07 15:15:00,23442.3,23453.2,23435.0,23445.7,5330
2026-04-07 15:20:00,23445.7,23459.3,23445.3,23457.3,7150
2026-04-07 15:25:00,23457.1,23475.4,23457.1,23474.0,9685
2026-04-08 09:15:00,24117.1,24224.0,24098.4,24200.0,41600
2026-04-08 09:20:00,24200.0,24239.9,24180.0,24180.0,18590
2026-04-08 09:25:00,24180.0,24216.5,24175.0,24187.9,10075
2026-04-08 09:30:00,24187.9,24229.9,24187.9,24210.0,8320
2026-04-08 09:35:00,24210.0,24235.8,24210.0,24235.0,6305
2026-04-08 09:40:00,24235.0,24241.4,24223.1,24236.0,6435
2026-04-08 09:45:00,24236.0,24277.4,24236.0,24270.0,8905
2026-04-08 09:50:00,24270.0,24284.5,24236.1,24252.2,6955
2026-04-08 09:55:00,24252.2,24261.0,24217.1,24231.2,4095
2026-04-08 10:00:00,24231.2,24240.3,24225.0,24225.0,4225
2026-04-08 10:05:00,24225.0,24260.4,24220.9,24228.9,4680
2026-04-08 10:10:00,24228.9,24231.0,24205.0,24205.0,2860
2026-04-08 10:15:00,24205.0,24238.9,24196.7,24220.0,2860
2026-04-08 10:20:00,24220.0,24237.0,24210.0,24216.1,1560
2026-04-08 10:25:00,24216.1,24247.3,24212.1,24239.0,2990
2026-04-08 10:30:00,24239.0,24250.0,24234.6,24250.0,1625
2026-04-08 10:35:00,24250.0,24251.0,24229.5,24248.3,2275
2026-04-08 10:40:00,24248.3,24270.0,24238.0,24270.0,1885
2026-04-08 10:45:00,24270.0,24285.0,24257.8,24275.0,2730
2026-04-08 10:50:00,24275.0,24300.0,24268.5,24300.0,4355
2026-04-08 10:55:00,24300.0,24318.2,24297.8,24312.4,6045
2026-04-08 11:00:00,24312.4,24331.5,24312.4,24320.0,4680
2026-04-08 11:05:00,24320.0,24330.0,24311.1,24327.0,3250
2026-04-08 11:10:00,24327.0,24330.0,24310.9,24323.9,4160
2026-04-08 11:15:00,24323.9,24340.0,24313.1,24320.0,2080
2026-04-08 11:20:00,24320.0,24343.7,24320.0,24343.0,2535
2026-04-08 11:25:00,24343.0,24343.0,24317.0,24317.0,2210
2026-04-08 11:30:00,24317.0,24326.7,24314.0,24314.0,1690
2026-04-08 11:35:00,24314.0,24325.0,24289.8,24301.8,4030
2026-04-08 11:40:00,24301.8,24323.6,24301.0,24323.0,1430
2026-04-08 11:45:00,24323.0,24326.0,24322.9,24323.6,455
2026-04-08 11:50:00,24323.6,24323.6,24280.0,24280.5,1755
2026-04-08 11:55:00,24280.5,24290.1,24275.0,24275.0,1820
2026-04-08 12:00:00,24275.0,24289.2,24275.0,24275.2,390
2026-04-08 12:05:00,24275.2,24310.5,24275.2,24305.0,1170
2026-04-08 12:10:00,24305.0,24306.0,24300.0,24305.0,1235
2026-04-08 12:15:00,24305.0,24309.9,24300.1,24300.1,975
2026-04-08 12:20:00,24300.1,24305.0,24299.0,24300.0,520
2026-04-08 12:25:00,24300.0,24300.0,24290.1,24290.1,1040
2026-04-08 12:30:00,24290.1,24290.1,24247.0,24250.0,3250
2026-04-08 12:35:00,24250.0,24263.6,24250.0,24261.0,1235
2026-04-08 12:40:00,24261.0,24272.1,24250.0,24272.1,650
2026-04-08 12:45:00,24272.1,24290.0,24265.1,24288.0,1170
2026-04-08 12:50:00,24288.0,24299.0,24288.0,24296.8,260
2026-04-08 12:55:00,24296.8,24325.0,24296.8,24323.7,1300
2026-04-08 13:00:00,24323.7,24324.3,24300.0,24300.0,520
2026-04-08 13:05:00,24300.0,24310.0,24296.0,24310.0,1300
2026-04-08 13:10:00,24310.0,24321.8,24310.0,24310.0,1625
2026-04-08 13:15:00,24310.0,24315.0,24310.0,24315.0,780
2026-04-08 13:20:00,24315.0,24321.8,24310.0,24321.8,715
2026-04-08 13:25:00,24321.8,24325.0,24310.3,24325.0,1885
2026-04-08 13:30:00,24325.0,24325.0,24310.0,24325.0,1625
2026-04-08 13:35:00,24325.0,24350.0,24325.0,24350.0,6630
2026-04-08 13:40:00,24350.0,24350.0,24315.0,24315.0,3315
2026-04-08 13:45:00,24315.0,24325.0,24315.0,24318.0,1820
2026-04-08 13:50:00,24318.0,24330.0,24313.2,24313.2,2470
2026-04-08 13:55:00,24313.2,24328.5,24313.2,24320.7,455
2026-04-08 14:00:00,24320.7,24320.7,24313.3,24314.0,585
2026-04-08 14:05:00,24314.0,24315.9,24291.7,24303.8,1365
2026-04-08 14:10:00,24303.8,24312.0,24290.9,24290.9,1820
2026-04-08 14:15:00,24290.9,24305.5,24290.5,24305.5,2210
2026-04-08 14:20:00,24305.5,24331.0,24303.9,24314.5,3510
2026-04-08 14:25:00,24314.5,24327.9,24312.2,24318.6,2730
2026-04-08 14:30:00,24318.6,24337.5,24313.9,24320.3,2665
2026-04-08 14:35:00,24320.3,24335.9,24319.9,24321.7,3445
2026-04-08 14:40:00,24321.7,24350.0,24321.7,24350.0,4355
2026-04-08 14:45:00,24350.0,24365.7,24328.4,24329.1,4485
2026-04-08 14:50:00,24329.1,24344.4,24314.2,24325.9,2470
2026-04-08 14:55:00,24325.9,24345.0,24325.9,24345.0,1495
2026-04-08 15:00:00,24345.0,24345.0,24300.0,24325.4,8450
2026-04-08 15:05:00,24325.4,24340.0,24325.4,24333.6,6175
2026-04-08 15:10:00,24333.6,24340.0,24330.0,24330.0,8060
2026-04-08 15:15:00,24330.0,24340.0,24323.5,24328.3,7605
2026-04-08 15:20:00,24328.3,24338.0,24328.0,24331.6,7540
2026-04-08 15:25:00,24331.6,24374.0,24331.6,24360.0,10595
2026-04-09 09:15:00,24290.0,24290.0,24186.0,24249.8,18655
2026-04-09 09:20:00,24249.8,24298.0,24249.8,24289.2,8060
2026-04-09 09:25:00,24289.2,24323.7,24289.2,24315.0,6370
2026-04-09 09:30:00,24315.0,24319.3,24250.0,24255.4,7735
2026-04-09 09:35:00,24255.4,24275.0,24240.0,24243.9,5135
2026-04-09 09:40:00,24243.9,24261.1,24220.0,24220.0,3965
2026-04-09 09:45:00,24220.0,24239.0,24171.1,24180.0,11830
2026-04-09 09:50:00,24180.0,24183.7,24156.0,24161.0,6500
2026-04-09 09:55:00,24161.0,24163.9,24131.0,24150.0,7085
2026-04-09 10:00:00,24150.0,24181.2,24125.0,24176.0,4225
2026-04-09 10:05:00,24176.0,24186.4,24159.1,24178.3,6175
2026-04-09 10:10:00,24178.3,24209.0,24178.3,24200.5,6305
2026-04-09 10:15:00,24200.5,24220.0,24175.0,24220.0,2405
2026-04-09 10:20:00,24220.0,24220.2,24200.0,24220.2,2275
2026-04-09 10:25:00,24220.2,24220.2,24174.0,24181.0,2470
2026-04-09 10:30:00,24181.0,24210.5,24181.0,24210.5,1170
2026-04-09 10:35:00,24210.5,24210.5,24188.0,24188.1,1430
2026-04-09 10:40:00,24188.1,24189.0,24156.9,24156.9,1690
2026-04-09 10:45:00,24156.9,24174.4,24156.9,24174.4,325
2026-04-09 10:50:00,24174.4,24185.1,24170.3,24183.5,780
2026-04-09 10:55:00,24183.5,24195.0,24183.5,24189.5,390
2026-04-09 11:00:00,24189.5,24210.0,24185.0,24200.0,2470
2026-04-09 11:05:00,24200.0,24220.0,24200.0,24219.2,1625
2026-04-09 11:10:00,24219.2,24219.2,24197.0,24197.0,585
2026-04-09 11:15:00,24197.0,24210.6,24180.9,24187.4,2015
2026-04-09 11:20:00,24187.4,24199.2,24170.1,24199.2,1235
2026-04-09 11:25:00,24199.2,24209.0,24187.9,24209.0,390
2026-04-09 11:30:00,24209.0,24225.0,24201.9,24215.5,715
2026-04-09 11:35:00,24215.5,24220.0,24201.3,24220.0,325
2026-04-09 11:40:00,24220.0,24220.0,24215.0,24219.8,260
2026-04-09 11:45:00,24219.8,24238.0,24206.1,24238.0,650
2026-04-09 11:50:00,24238.0,24249.0,24238.0,24242.5,910
2026-04-09 11:55:00,24242.5,24251.3,24241.0,24241.0,520
2026-04-09 12:00:00,24241.0,24248.3,24230.1,24230.1,1755
2026-04-09 12:05:00,24230.1,24248.3,24217.8,24244.7,780
2026-04-09 12:10:00,24244.7,24260.0,24234.7,24234.7,1170
2026-04-09 12:15:00,24234.7,24234.7,24233.5,24233.5,390
2026-04-09 12:20:00,24233.5,24240.0,24224.9,24224.9,325
2026-04-09 12:25:00,24224.9,24229.9,24211.0,24229.9,910
2026-04-09 12:30:00,24229.9,24248.9,24215.0,24215.0,715
2026-04-09 12:35:00,24215.0,24235.3,24205.1,24205.1,1885
2026-04-09 12:40:00,24205.1,24210.0,24202.0,24210.0,325
2026-04-09 12:45:00,24210.0,24210.0,24163.5,24163.5,2925
2026-04-09 12:50:00,24163.5,24182.3,24160.4,24174.4,1430
2026-04-09 12:55:00,24174.4,24199.1,24169.3,24185.3,4030
2026-04-09 13:00:00,24185.3,24193.4,24179.4,24186.8,650
2026-04-09 13:05:00,24186.8,24190.0,24174.4,24190.0,845
2026-04-09 13:10:00,24190.0,24190.0,24160.0,24161.5,1755
2026-04-09 13:15:00,24161.5,24161.5,24153.5,24154.0,1820
2026-04-09 13:20:00,24154.0,24157.0,24131.0,24134.8,4615
2026-04-09 13:25:00,24134.8,24149.8,24130.0,24130.0,2080
2026-04-09 13:30:00,24130.0,24148.0,24120.0,24137.7,3315
2026-04-09 13:35:00,24137.7,24151.6,24123.1,24127.9,1820
2026-04-09 13:40:00,24127.9,24129.6,24115.0,24115.9,2600
2026-04-09 13:45:00,24115.9,24128.7,24105.0,24120.3,2470
2026-04-09 13:50:00,24120.3,24140.0,24110.1,24130.0,2665
2026-04-09 13:55:00,24130.0,24140.0,24115.0,24115.0,2015
2026-04-09 14:00:00,24115.0,24138.9,24114.8,24134.0,2275
2026-04-09 14:05:00,24138.0,24150.0,24118.5,24130.1,2925
2026-04-09 14:10:00,24130.1,24137.7,24106.0,24106.0,2015
2026-04-09 14:15:00,24106.0,24124.9,24101.0,24102.0,2405
2026-04-09 14:20:00,24102.0,24105.0,24090.0,24092.5,8840
2026-04-09 14:25:00,24092.5,24093.7,24065.4,24071.0,4615
2026-04-09 14:30:00,24071.0,24074.2,24050.1,24050.1,3185
2026-04-09 14:35:00,24050.1,24075.2,24050.1,24063.0,2600
2026-04-09 14:40:00,24063.0,24115.9,24060.8,24092.9,2925
2026-04-09 14:45:00,24092.9,24101.1,24083.0,24098.9,2600
2026-04-09 14:50:00,24098.9,24105.0,24089.9,24105.0,1820
2026-04-09 14:55:00,24105.0,24105.0,24091.0,24099.1,2210
2026-04-09 15:00:00,24105.0,24171.2,24105.0,24142.6,2925
2026-04-09 15:05:00,24142.6,24160.0,24128.0,24156.0,2275
2026-04-09 15:10:00,24156.0,24171.2,24155.0,24164.1,1495
2026-04-09 15:15:00,24164.1,24171.0,24150.1,24160.0,2015
2026-04-09 15:20:00,24160.0,24164.4,24150.0,24151.0,1365
2026-04-09 15:25:00,24151.0,24160.0,24150.5,24160.0,4485
2026-04-10 09:15:00,24185.9,24289.0,24185.9,24285.7,10400
2026-04-10 09:20:00,24285.7,24294.0,24254.4,24254.7,5005
2026-04-10 09:25:00,24254.7,24275.0,24244.0,24266.1,2925
2026-04-10 09:30:00,24266.1,24284.0,24260.8,24283.0,2340
2026-04-10 09:35:00,24283.0,24283.0,24264.8,24275.0,2275
2026-04-10 09:40:00,24275.0,24290.0,24275.0,24290.0,1430
2026-04-10 09:45:00,24290.0,24310.0,24280.4,24294.3,8190
2026-04-10 09:50:00,24294.3,24310.0,24294.3,24304.8,1755
2026-04-10 09:55:00,24304.8,24320.0,24303.1,24320.0,3900
2026-04-10 10:00:00,24320.0,24320.0,24303.9,24306.0,1365
2026-04-10 10:05:00,24306.0,24306.0,24265.0,24282.0,1430
2026-04-10 10:10:00,24282.0,24315.0,24282.0,24315.0,1560
2026-04-10 10:15:00,24315.0,24340.0,24315.0,24340.0,9295
2026-04-10 10:20:00,24340.0,24345.0,24334.6,24345.0,1820
2026-04-10 10:25:00,24345.0,24362.0,24323.7,24325.0,7345
2026-04-10 10:30:00,24325.0,24352.5,24325.0,24340.0,2860
2026-04-10 10:35:00,24340.0,24351.0,24326.4,24326.4,2340
2026-04-10 10:40:00,24326.4,24348.2,24326.4,24335.4,1300
2026-04-10 10:45:00,24335.4,24339.7,24322.0,24325.0,1625
2026-04-10 10:50:00,24325.0,24329.3,24315.0,24315.0,1040
2026-04-10 10:55:00,24315.0,24330.0,24301.5,24330.0,1820
2026-04-10 11:00:00,24330.0,24338.2,24318.5,24336.9,325
2026-04-10 11:05:00,24336.9,24336.9,24320.0,24320.6,195
2026-04-10 11:10:00,24320.6,24336.0,24320.6,24336.0,715
2026-04-10 11:15:00,24336.0,24340.0,24321.0,24321.0,2535
2026-04-10 11:20:00,24321.0,24341.0,24317.1,24317.1,2990
2026-04-10 11:25:00,24317.1,24328.2,24317.1,24328.2,130
2026-04-10 11:30:00,24328.2,24331.4,24320.0,24320.0,390
2026-04-10 11:35:00,24320.0,24326.4,24312.0,24320.0,1170
2026-04-10 11:40:00,24320.0,24323.0,24309.8,24320.0,455
2026-04-10 11:45:00,24320.0,24320.0,24293.7,24305.9,2340
2026-04-10 11:50:00,24305.9,24320.0,24305.9,24320.0,260
2026-04-10 11:55:00,24320.0,24328.0,24319.0,24325.0,390
2026-04-10 12:00:00,24325.0,24325.3,24313.3,24325.3,1040
2026-04-10 12:05:00,24325.3,24335.0,24325.0,24332.3,1495
2026-04-10 12:10:00,24332.3,24340.0,24327.6,24336.2,1300
2026-04-10 12:15:00,24336.2,24336.2,24325.0,24325.0,1430
2026-04-10 12:20:00,24325.0,24344.0,24323.0,24338.5,1430
2026-04-10 12:25:00,24338.5,24355.0,24335.0,24335.0,2600
2026-04-10 12:30:00,24335.0,24347.6,24335.0,24341.5,1105
2026-04-10 12:35:00,24341.5,24341.5,24335.0,24337.0,780
2026-04-10 12:40:00,24337.0,24349.9,24335.0,24335.0,3120
2026-04-10 12:45:00,24335.0,24349.2,24324.7,24332.6,1300
2026-04-10 12:50:00,24332.6,24339.9,24317.0,24320.9,1430
2026-04-10 12:55:00,24320.9,24336.5,24318.9,24328.1,1170
2026-04-10 13:00:00,24328.1,24341.9,24326.2,24332.6,1105
2026-04-10 13:05:00,24332.6,24340.0,24331.6,24340.0,1105
2026-04-10 13:10:00,24340.0,24340.0,24316.5,24323.2,1170
2026-04-10 13:15:00,24323.2,24340.0,24317.4,24318.8,1235
2026-04-10 13:20:00,24318.8,24335.8,24315.6,24324.0,7670
2026-04-10 13:25:00,24324.0,24330.0,24317.0,24319.1,7475
2026-04-10 13:30:00,24319.1,24328.0,24316.7,24323.0,1040
2026-04-10 13:35:00,24323.0,24332.8,24322.8,24325.0,1170
2026-04-10 13:40:00,24325.0,24347.1,24325.0,24334.9,1560
2026-04-10 13:45:00,24334.9,24342.7,24326.6,24326.6,1040
2026-04-10 13:50:00,24326.6,24345.0,24325.0,24333.0,1690
2026-04-10 13:55:00,24333.0,24364.5,24332.7,24364.5,3185
2026-04-10 14:00:00,24364.5,24370.0,24353.9,24368.6,4095
2026-04-10 14:05:00,24368.6,24370.0,24358.8,24361.0,2470
2026-04-10 14:10:00,24361.0,24370.0,24325.0,24332.6,3250
2026-04-10 14:15:00,24332.6,24332.6,24275.0,24307.2,9035
2026-04-10 14:20:00,24307.2,24321.8,24280.0,24280.0,1950
2026-04-10 14:25:00,24280.0,24289.2,24270.0,24285.0,2600
2026-04-10 14:30:00,24285.0,24298.0,24271.6,24298.0,2080
2026-04-10 14:35:00,24298.0,24298.0,24271.2,24277.2,1300
2026-04-10 14:40:00,24277.2,24286.5,24277.2,24285.3,1690
2026-04-10 14:45:00,24285.3,24335.0,24282.0,24323.2,2340
2026-04-10 14:50:00,24323.2,24336.9,24305.9,24312.0,2145
2026-04-10 14:55:00,24312.0,24328.0,24310.9,24315.7,1365
2026-04-10 15:00:00,24315.7,24347.0,24311.5,24343.2,2210
2026-04-10 15:05:00,24343.2,24375.0,24343.2,24370.0,6890
2026-04-10 15:10:00,24370.0,24385.0,24370.0,24377.0,4225
2026-04-10 15:15:00,24377.0,24385.0,24363.1,24367.0,8905
2026-04-10 15:20:00,24367.0,24379.0,24360.0,24375.0,16770
2026-04-10 15:25:00,24375.0,24380.0,24375.0,24376.0,10985
2026-04-13 09:15:00,24001.1,24056.5,23900.0,23944.0,48815
2026-04-13 09:20:00,23944.0,23950.0,23935.0,23942.0,10595
2026-04-13 09:25:00,23942.0,23960.6,23940.0,23959.0,6305
2026-04-13 09:30:00,23959.0,23959.0,23930.1,23955.0,12870
2026-04-13 09:35:00,23955.0,23955.0,23925.0,23930.0,6630
2026-04-13 09:40:00,23930.0,23989.1,23930.0,23970.0,7020
2026-04-13 09:45:00,23970.0,23978.8,23950.1,23960.9,4680
2026-04-13 09:50:00,23960.9,23984.0,23960.9,23983.3,5395
2026-04-13 09:55:00,23983.3,24010.8,23983.3,24006.4,3640
2026-04-13 10:00:00,24006.4,24010.6,23996.9,24000.0,11310
2026-04-13 10:05:00,24000.0,24010.6,23995.5,24009.0,1755
2026-04-13 10:10:00,24009.0,24014.1,23990.0,23990.0,1755
2026-04-13 10:15:00,23990.0,24000.0,23971.0,24000.0,1625
2026-04-13 10:20:00,24000.0,24042.6,23997.8,24042.2,5980
2026-04-13 10:25:00,24042.2,24050.0,24029.4,24045.0,2730
2026-04-13 10:30:00,24045.0,24050.0,24042.6,24048.0,1430
2026-04-13 10:35:00,24048.0,24060.0,24035.0,24060.0,1950
2026-04-13 10:40:00,24060.0,24068.0,24030.2,24040.0,2665
2026-04-13 10:45:00,24040.0,24069.3,24040.0,24061.0,1170
2026-04-13 10:50:00,24061.0,24070.0,24050.1,24055.9,1755
2026-04-13 10:55:00,24055.9,24076.0,24055.0,24055.0,1040
2026-04-13 11:00:00,24055.0,24069.4,24055.0,24056.4,2015
2026-04-13 11:05:00,24056.4,24074.9,24054.0,24070.0,650
2026-04-13 11:10:00,24070.0,24074.9,24060.1,24060.1,650
2026-04-13 11:15:00,24060.1,24073.0,24060.1,24066.0,325
2026-04-13 11:20:00,24066.0,24075.0,24060.5,24075.0,845
2026-04-13 11:25:00,24075.0,24080.0,24070.0,24070.0,975
2026-04-13 11:30:00,24070.0,24070.0,24054.5,24067.4,1040
2026-04-13 11:35:00,24067.4,24090.0,24067.4,24090.0,1430
2026-04-13 11:40:00,24090.0,24090.0,24080.4,24082.0,715
2026-04-13 11:45:00,24082.0,24092.0,24080.0,24092.0,1365
2026-04-13 11:50:00,24100.0,24125.0,24100.0,24125.0,2860
2026-04-13 11:55:00,24125.0,24128.0,24105.4,24105.4,1170
2026-04-13 12:00:00,24105.4,24119.4,24105.0,24105.7,910
2026-04-13 12:05:00,24105.7,24125.0,24105.7,24120.0,585
2026-04-13 12:10:00,24120.0,24130.5,24117.6,24130.5,1560
2026-04-13 12:15:00,24130.5,24137.9,24130.4,24132.0,910
2026-04-13 12:20:00,24132.0,24143.0,24130.0,24140.0,1625
2026-04-13 12:25:00,24140.0,24151.3,24135.0,24151.3,3510
2026-04-13 12:30:00,24151.3,24160.7,24145.0,24145.0,1235
2026-04-13 12:35:00,24145.0,24159.9,24145.0,24159.9,455
2026-04-13 12:40:00,24159.9,24165.0,24145.5,24165.0,2015
2026-04-13 12:45:00,24165.0,24165.0,24143.1,24161.7,2340
2026-04-13 12:50:00,24161.7,24161.7,24145.1,24145.5,390
2026-04-13 12:55:00,24145.5,24145.5,24103.0,24137.7,1300
2026-04-13 13:00:00,24137.7,24137.7,24100.0,24100.1,1170
2026-04-13 13:05:00,24100.1,24134.1,24100.1,24134.1,1365
2026-04-13 13:10:00,24134.1,24134.5,24127.0,24134.0,325
2026-04-13 13:15:00,24134.0,24145.0,24124.7,24139.2,1040
2026-04-13 13:20:00,24139.2,24152.9,24139.0,24139.0,780
2026-04-13 13:25:00,24139.0,24150.0,24137.8,24149.8,455
2026-04-13 13:30:00,24149.8,24166.0,24143.9,24160.5,585
2026-04-13 13:35:00,24160.5,24160.5,24155.0,24155.0,1885
2026-04-13 13:40:00,24155.0,24155.0,24143.8,24144.8,1495
2026-04-13 13:45:00,24144.8,24159.0,24140.0,24150.0,650
2026-04-13 13:50:00,24150.0,24187.0,24150.0,24187.0,2535
2026-04-13 13:55:00,24187.0,24225.0,24187.0,24217.6,4875
2026-04-13 14:00:00,24217.6,24219.0,24200.0,24201.0,2015
2026-04-13 14:05:00,24201.0,24201.1,24165.2,24165.2,1560
2026-04-13 14:10:00,24165.2,24167.0,24150.0,24167.0,845
2026-04-13 14:15:00,24167.0,24176.9,24150.0,24176.9,780
2026-04-13 14:20:00,24176.9,24182.4,24170.0,24175.0,650
2026-04-13 14:25:00,24175.0,24194.4,24170.0,24174.4,1235
2026-04-13 14:30:00,24174.4,24200.0,24174.4,24189.0,1170
2026-04-13 14:35:00,24189.0,24204.3,24188.0,24188.0,715
2026-04-13 14:40:00,24188.0,24190.0,24150.0,24160.0,11050
2026-04-13 14:45:00,24160.0,24194.6,24160.0,24184.4,650
2026-04-13 14:50:00,24184.4,24196.7,24184.4,24196.7,845
2026-04-13 14:55:00,24196.7,24205.0,24191.2,24205.0,1235
2026-04-13 15:00:00,24205.0,24205.0,24144.0,24170.0,2275
2026-04-13 15:05:00,24170.0,24170.0,24150.0,24150.1,2600
2026-04-13 15:10:00,24150.1,24158.0,24150.0,24151.0,975
2026-04-13 15:15:00,24151.0,24158.0,24147.0,24152.1,2795
2026-04-13 15:20:00,24152.1,24152.9,24141.0,24141.0,2860
2026-04-13 15:25:00,24141.0,24152.5,24128.5,24152.5,4550
2026-04-15 09:15:00,24306.6,24599.2,24306.6,24543.0,39650
2026-04-15 09:20:00,24540.0,24543.4,24521.3,24521.8,10010
2026-04-15 09:25:00,24521.8,24522.0,24500.0,24505.0,9035
2026-04-15 09:30:00,24505.0,24510.0,24488.0,24496.2,5720
2026-04-15 09:35:00,24496.2,24499.0,24470.0,24470.0,5330
2026-04-15 09:40:00,24470.0,24525.0,24461.2,24510.6,7865
2026-04-15 09:45:00,24510.6,24535.1,24501.3,24512.6,3835
2026-04-15 09:50:00,24512.6,24525.0,24500.0,24510.0,2145
2026-04-15 09:55:00,24510.0,24528.6,24506.3,24518.0,1560
2026-04-15 10:00:00,24518.0,24539.0,24515.9,24539.0,3185
2026-04-15 10:05:00,24539.0,24549.0,24539.0,24541.0,2275
2026-04-15 10:10:00,24541.0,24550.0,24541.0,24541.0,1105
2026-04-15 10:15:00,24541.0,24569.0,24541.0,24569.0,7085
2026-04-15 10:20:00,24569.0,24574.0,24560.0,24574.0,2795
2026-04-15 10:25:00,24574.0,24574.0,24560.0,24566.0,3315
2026-04-15 10:30:00,24566.0,24575.0,24556.7,24556.7,3250
2026-04-15 10:35:00,24556.7,24560.0,24547.4,24550.0,1430
2026-04-15 10:40:00,24550.0,24552.7,24543.3,24548.0,1560
2026-04-15 10:45:00,24548.0,24550.0,24541.0,24550.0,1625
2026-04-15 10:50:00,24550.0,24550.0,24514.0,24517.6,1690
2026-04-15 10:55:00,24517.6,24536.2,24517.6,24536.2,195
2026-04-15 11:00:00,24536.2,24536.2,24513.3,24515.0,2015
2026-04-15 11:05:00,24515.0,24522.3,24500.0,24500.0,2470
2026-04-15 11:10:00,24500.0,24501.0,24490.0,24492.4,2145
2026-04-15 11:15:00,24492.4,24520.0,24490.0,24500.0,2080
2026-04-15 11:20:00,24500.0,24517.0,24500.0,24517.0,585
2026-04-15 11:25:00,24517.0,24517.0,24500.0,24500.0,845
2026-04-15 11:30:00,24500.0,24512.1,24500.0,24510.1,1040
2026-04-15 11:35:00,24510.1,24512.0,24510.1,24512.0,390
2026-04-15 11:40:00,24512.0,24529.9,24512.0,24529.9,260
2026-04-15 11:45:00,24529.9,24535.0,24525.0,24535.0,325
2026-04-15 11:50:00,24535.0,24549.9,24530.4,24530.4,1170
2026-04-15 11:55:00,24530.4,24543.1,24530.0,24530.4,715
2026-04-15 12:00:00,24530.4,24535.0,24525.0,24535.0,455
2026-04-15 12:05:00,24535.0,24542.7,24535.0,24537.0,130
2026-04-15 12:10:00,24537.0,24537.0,24537.0,24537.0,65
2026-04-15 12:15:00,24537.0,24537.0,24525.0,24525.0,325
2026-04-15 12:20:00,24525.0,24525.0,24506.1,24506.1,585
2026-04-15 12:25:00,24506.1,24538.9,24506.1,24538.6,910
2026-04-15 12:30:00,24538.6,24538.6,24509.0,24509.0,520
2026-04-15 12:35:00,24509.0,24538.0,24509.0,24530.2,650
2026-04-15 12:40:00,24530.2,24537.9,24519.1,24519.1,390
2026-04-15 12:45:00,24519.1,24535.3,24506.6,24511.0,1365
2026-04-15 12:50:00,24511.0,24533.9,24511.0,24517.0,260
2026-04-15 12:55:00,24517.0,24522.7,24506.1,24506.1,585
2026-04-15 13:00:00,24506.1,24525.0,24500.0,24520.9,1105
2026-04-15 13:05:00,24520.9,24520.9,24506.1,24510.0,325
2026-04-15 13:10:00,24510.0,24530.0,24510.0,24530.0,260
2026-04-15 13:15:00,24530.0,24533.0,24513.3,24533.0,650
2026-04-15 13:20:00,24533.0,24533.0,24497.0,24497.0,1300
2026-04-15 13:25:00,24497.0,24511.6,24497.0,24507.0,585
2026-04-15 13:30:00,24507.0,24532.2,24491.6,24532.2,910
2026-04-15 13:35:00,24532.2,24532.2,24506.0,24506.0,260
2026-04-15 13:40:00,24506.0,24525.0,24495.0,24525.0,390
2026-04-15 13:45:00,24525.0,24527.0,24525.0,24527.0,195
2026-04-15 13:50:00,24527.0,24527.0,24515.0,24515.0,325
2026-04-15 13:55:00,24515.0,24520.0,24515.0,24520.0,195
2026-04-15 14:00:00,24520.0,24529.0,24520.0,24528.0,520
2026-04-15 14:05:00,24528.0,24535.0,24525.0,24525.0,390
2026-04-15 14:10:00,24525.0,24531.7,24525.0,24527.1,2665
2026-04-15 14:15:00,24527.1,24535.0,24525.0,24525.0,195
2026-04-15 14:20:00,24525.0,24545.0,24525.0,24535.0,1560
2026-04-15 14:25:00,24535.0,24539.0,24526.0,24535.0,975
2026-04-15 14:30:00,24535.0,24544.4,24530.1,24540.0,2080
2026-04-15 14:35:00,24540.0,24540.0,24528.0,24528.0,455
2026-04-15 14:40:00,24528.0,24530.0,24520.0,24530.0,1170
2026-04-15 14:45:00,24530.0,24539.0,24520.2,24539.0,1690
2026-04-15 14:50:00,24539.0,24554.9,24533.0,24554.9,3445
2026-04-15 14:55:00,24554.9,24558.0,24542.8,24558.0,1170
2026-04-15 15:00:00,24558.0,24558.0,24525.5,24543.0,1105
2026-04-15 15:05:00,24543.0,24548.8,24520.0,24520.0,1755
2026-04-15 15:10:00,24520.0,24523.6,24510.5,24520.0,1495
2026-04-15 15:15:00,24520.0,24532.0,24520.0,24527.1,3055
2026-04-15 15:20:00,24527.1,24527.1,24516.0,24516.0,2665
2026-04-15 15:25:00,24516.0,24523.0,24509.8,24518.0,8515
2026-04-16 09:15:00,24599.9,24650.0,24599.9,24647.0,24310
2026-04-16 09:20:00,24647.0,24658.0,24642.0,24649.5,10660
2026-04-16 09:25:00,24649.5,24663.0,24649.5,24660.0,8385
2026-04-16 09:30:00,24660.0,24660.0,24625.0,24627.3,5590
2026-04-16 09:35:00,24627.3,24630.0,24591.0,24614.7,6825
2026-04-16 09:40:00,24614.7,24614.9,24585.1,24585.2,4225
2026-04-16 09:45:00,24585.2,24612.8,24583.4,24612.8,4550
2026-04-16 09:50:00,24612.8,24620.1,24590.0,24590.0,6240
2026-04-16 09:55:00,24590.0,24595.2,24563.1,24563.1,3770
2026-04-16 10:00:00,24563.1,24584.9,24560.0,24584.9,2210
2026-04-16 10:05:00,24584.9,24590.3,24562.0,24590.3,1235
2026-04-16 10:10:00,24590.3,24598.7,24580.0,24597.3,910
2026-04-16 10:15:00,24597.3,24597.3,24581.4,24596.3,520
2026-04-16 10:20:00,24596.3,24596.3,24589.0,24590.0,650
2026-04-16 10:25:00,24590.0,24596.3,24585.0,24590.0,845
2026-04-16 10:30:00,24590.0,24599.0,24582.0,24585.0,585
2026-04-16 10:35:00,24585.0,24600.0,24575.0,24575.0,1560
2026-04-16 10:40:00,24575.0,24600.0,24572.0,24588.2,520
2026-04-16 10:45:00,24588.2,24607.6,24588.2,24589.3,1040
2026-04-16 10:50:00,24589.3,24603.6,24589.3,24595.0,455
2026-04-16 10:55:00,24595.0,24600.0,24585.0,24585.0,390
2026-04-16 11:00:00,24585.0,24585.0,24585.0,24585.0,0
2026-04-16 11:05:00,24585.0,24605.0,24585.0,24605.0,585
2026-04-16 11:10:00,24605.0,24608.8,24590.0,24590.0,325
2026-04-16 11:15:00,24590.0,24594.9,24585.0,24594.9,455
2026-04-16 11:20:00,24594.9,24598.4,24580.1,24594.9,455
2026-04-16 11:25:00,24594.9,24594.9,24570.0,24570.0,715
2026-04-16 11:30:00,24570.0,24584.7,24570.0,24580.5,1170
2026-04-16 11:35:00,24580.5,24580.5,24555.0,24562.3,2535
2026-04-16 11:40:00,24562.3,24563.4,24545.0,24545.0,3510
2026-04-16 11:45:00,24545.0,24545.0,24505.0,24534.1,6890
2026-04-16 11:50:00,24534.1,24534.1,24515.0,24526.4,1170
2026-04-16 11:55:00,24526.4,24526.4,24490.0,24494.6,6825
2026-04-16 12:00:00,24494.6,24494.6,24450.0,24455.0,6760
2026-04-16 12:05:00,24455.0,24467.6,24444.0,24466.4,6110
2026-04-16 12:10:00,24466.4,24484.3,24460.0,24479.7,4940
2026-04-16 12:15:00,24479.7,24482.5,24461.5,24461.5,2405
2026-04-16 12:20:00,24461.5,24474.3,24452.0,24452.0,1365
2026-04-16 12:25:00,24452.0,24464.3,24450.0,24459.0,1300
2026-04-16 12:30:00,24459.0,24465.0,24439.9,24440.5,2990
2026-04-16 12:35:00,24440.5,24450.4,24426.0,24450.4,3055
2026-04-16 12:40:00,24450.4,24460.5,24430.1,24430.1,1430
2026-04-16 12:45:00,24430.1,24452.4,24430.0,24440.0,1755
2026-04-16 12:50:00,24440.0,24446.7,24425.0,24430.0,2405
2026-04-16 12:55:00,24430.0,24435.0,24425.0,24435.0,910
2026-04-16 13:00:00,24435.0,24450.0,24435.0,24450.0,845
2026-04-16 13:05:00,24450.0,24450.0,24429.2,24429.2,1690
2026-04-16 13:10:00,24429.2,24429.9,24410.0,24425.5,3315
2026-04-16 13:15:00,24425.5,24435.8,24416.3,24435.8,715
2026-04-16 13:20:00,24435.8,24435.8,24413.0,24413.0,1495
2026-04-16 13:25:00,24413.0,24422.0,24405.1,24419.2,2535
2026-04-16 13:30:00,24419.2,24424.8,24417.9,24424.4,910
2026-04-16 13:35:00,24424.4,24424.4,24419.3,24419.3,975
2026-04-16 13:40:00,24419.3,24440.4,24416.0,24438.0,1755
2026-04-16 13:45:00,24438.0,24450.8,24438.0,24450.8,2340
2026-04-16 13:50:00,24450.8,24483.9,24450.8,24481.7,4355
2026-04-16 13:55:00,24482.3,24484.9,24460.5,24473.5,2535
2026-04-16 14:00:00,24473.5,24473.5,24440.0,24440.0,845
2026-04-16 14:05:00,24440.0,24450.0,24432.1,24450.0,715
2026-04-16 14:10:00,24450.0,24460.4,24445.0,24450.4,390
2026-04-16 14:15:00,24450.4,24462.5,24450.4,24458.5,455
2026-04-16 14:20:00,24458.5,24460.0,24450.0,24450.0,520
2026-04-16 14:25:00,24450.0,24478.7,24450.0,24478.0,910
2026-04-16 14:30:00,24478.0,24510.0,24478.0,24508.4,4030
2026-04-16 14:35:00,24508.4,24522.0,24505.4,24505.4,1625
2026-04-16 14:40:00,24505.4,24530.0,24505.4,24515.0,2600
2026-04-16 14:45:00,24515.0,24529.0,24510.5,24529.0,2730
2026-04-16 14:50:00,24529.0,24529.0,24518.0,24520.0,1170
2026-04-16 14:55:00,24520.0,24525.0,24504.4,24520.0,650
2026-04-16 15:00:00,24520.0,24520.0,24490.0,24508.0,975
2026-04-16 15:05:00,24508.0,24508.0,24477.0,24480.9,2275
2026-04-16 15:10:00,24480.9,24494.8,24480.9,24485.0,845
2026-04-16 15:15:00,24485.0,24494.0,24481.0,24481.1,2080
2026-04-16 15:20:00,24481.1,24493.4,24481.0,24485.0,1690
2026-04-16 15:25:00,24485.0,24493.5,24478.0,24480.2,6630
2026-04-17 09:15:00,24487.4,24504.1,24387.4,24492.0,11180
2026-04-17 09:20:00,24492.0,24515.0,24490.0,24490.3,4420
2026-04-17 09:25:00,24490.3,24511.0,24490.3,24508.2,3055
2026-04-17 09:30:00,24508.2,24510.0,24480.0,24492.6,1690
2026-04-17 09:35:00,24492.6,24495.0,24460.0,24495.0,2080
2026-04-17 09:40:00,24495.0,24495.0,24470.0,24470.0,1755
2026-04-17 09:45:00,24470.0,24500.0,24470.0,24500.0,2015
2026-04-17 09:50:00,24500.0,24510.0,24498.9,24506.0,2080
2026-04-17 09:55:00,24506.0,24518.0,24501.2,24506.4,3250
2026-04-17 10:00:00,24506.4,24535.0,24500.0,24535.0,7475
2026-04-17 10:05:00,24535.0,24553.0,24533.8,24538.2,7735
2026-04-17 10:10:00,24538.2,24555.0,24538.2,24555.0,3120
2026-04-17 10:15:00,24555.0,24575.0,24555.0,24562.6,5980
2026-04-17 10:20:00,24562.6,24570.0,24562.6,24566.8,3575
2026-04-17 10:25:00,24566.8,24585.0,24566.8,24583.0,4745
2026-04-17 10:30:00,24583.0,24583.0,24550.0,24550.3,2990
2026-04-17 10:35:00,24550.3,24562.4,24548.0,24548.0,2860
2026-04-17 10:40:00,24548.0,24559.4,24534.1,24555.4,1040
2026-04-17 10:45:00,24555.4,24555.4,24548.0,24551.0,1105
2026-04-17 10:50:00,24551.0,24561.0,24550.0,24559.0,1170
2026-04-17 10:55:00,24559.0,24559.0,24550.0,24558.0,325
2026-04-17 11:00:00,24558.0,24558.0,24531.0,24531.0,390
2026-04-17 11:05:00,24531.0,24540.0,24531.0,24540.0,130
2026-04-17 11:10:00,24540.0,24565.2,24540.0,24564.9,1235
2026-04-17 11:15:00,24564.9,24564.9,24554.0,24558.4,390
2026-04-17 11:20:00,24558.4,24575.0,24558.4,24574.5,1105
2026-04-17 11:25:00,24574.5,24574.5,24555.0,24555.0,455
2026-04-17 11:30:00,24555.0,24577.0,24555.0,24570.0,1560
2026-04-17 11:35:00,24570.0,24582.0,24570.0,24573.2,1950
2026-04-17 11:40:00,24573.2,24585.0,24573.2,24583.4,1950
2026-04-17 11:45:00,24583.4,24583.4,24563.6,24565.2,1625
2026-04-17 11:50:00,24565.2,24600.0,24565.2,24600.0,4095
2026-04-17 11:55:00,24600.0,24607.0,24572.8,24572.8,3120
2026-04-17 12:00:00,24572.8,24572.8,24555.1,24569.2,1170
2026-04-17 12:05:00,24569.2,24570.9,24564.6,24564.6,325
2026-04-17 12:10:00,24564.6,24577.0,24564.6,24577.0,325
2026-04-17 12:15:00,24577.0,24580.0,24576.2,24576.2,650
2026-04-17 12:20:00,24576.2,24580.0,24573.1,24575.2,975
2026-04-17 12:25:00,24575.2,24580.0,24572.4,24579.0,585
2026-04-17 12:30:00,24579.0,24579.0,24560.6,24560.6,520
2026-04-17 12:35:00,24560.6,24572.0,24560.6,24572.0,130
2026-04-17 12:40:00,24572.0,24572.0,24560.1,24560.1,390
2026-04-17 12:45:00,24560.1,24576.4,24557.0,24557.0,715
2026-04-17 12:50:00,24557.0,24557.0,24550.3,24550.3,650
2026-04-17 12:55:00,24550.3,24560.0,24550.3,24551.0,520
2026-04-17 13:00:00,24551.0,24572.5,24551.0,24569.0,325
2026-04-17 13:05:00,24569.0,24585.0,24569.0,24578.1,1755
2026-04-17 13:10:00,24578.1,24586.0,24574.8,24576.7,1040
2026-04-17 13:15:00,24576.7,24581.6,24574.9,24581.6,1495
2026-04-17 13:20:00,24581.6,24585.0,24575.0,24575.0,1495
2026-04-17 13:25:00,24575.0,24585.8,24565.5,24580.0,1235
2026-04-17 13:30:00,24580.0,24585.0,24578.0,24583.3,1105
2026-04-17 13:35:00,24583.3,24594.0,24583.3,24594.0,1430
2026-04-17 13:40:00,24594.0,24605.2,24587.0,24589.0,6175
2026-04-17 13:45:00,24589.0,24602.9,24589.0,24596.0,2015
2026-04-17 13:50:00,24596.0,24596.0,24582.0,24587.1,2340
2026-04-17 13:55:00,24587.1,24592.0,24581.2,24590.0,520
2026-04-17 14:00:00,24590.0,24597.0,24588.0,24593.0,780
2026-04-17 14:05:00,24593.0,24596.0,24585.7,24596.0,1105
2026-04-17 14:10:00,24596.0,24607.0,24595.0,24605.1,1430
2026-04-17 14:15:00,24605.1,24605.1,24600.1,24605.0,780
2026-04-17 14:20:00,24605.0,24615.0,24600.0,24603.6,2730
2026-04-17 14:25:00,24603.6,24610.0,24592.4,24592.4,1495
2026-04-17 14:30:00,24592.4,24610.0,24590.3,24610.0,1950
2026-04-17 14:35:00,24610.0,24624.0,24610.0,24614.4,3835
2026-04-17 14:40:00,24614.4,24629.9,24614.4,24628.4,1560
2026-04-17 14:45:00,24628.4,24649.0,24628.0,24642.0,6110
2026-04-17 14:50:00,24642.0,24643.5,24633.5,24642.3,2795
2026-04-17 14:55:00,24642.3,24642.3,24638.7,24638.7,3640
2026-04-17 15:00:00,24638.7,24649.0,24623.0,24639.8,3705
2026-04-17 15:05:00,24639.8,24650.0,24639.8,24642.1,3055
2026-04-17 15:10:00,24642.1,24661.0,24642.1,24645.0,9230
2026-04-17 15:15:00,24645.0,24662.6,24640.1,24646.0,12415
2026-04-17 15:20:00,24646.0,24664.9,24646.0,24660.0,3965
2026-04-17 15:25:00,24660.0,24666.6,24655.0,24666.6,6825
2026-04-20 09:15:00,24717.0,24720.3,24551.0,24612.0,22360
2026-04-20 09:20:00,24612.0,24671.6,24612.0,24670.0,12415
2026-04-20 09:25:00,24670.0,24683.0,24654.0,24660.0,8905
2026-04-20 09:30:00,24660.0,24670.0,24615.0,24630.1,7865
2026-04-20 09:35:00,24630.1,24647.8,24619.1,24621.8,4875
2026-04-20 09:40:00,24621.8,24637.6,24580.0,24580.0,9490
2026-04-20 09:45:00,24580.0,24588.0,24560.8,24577.6,5915
2026-04-20 09:50:00,24577.6,24616.7,24562.8,24615.0,3965
2026-04-20 09:55:00,24615.0,24616.5,24599.0,24607.8,2210
2026-04-20 10:00:00,24607.8,24649.3,24603.0,24631.9,2275
2026-04-20 10:05:00,24631.9,24669.2,24627.5,24669.2,3705
2026-04-20 10:10:00,24669.2,24669.2,24638.9,24650.0,1820
2026-04-20 10:15:00,24650.0,24670.0,24645.3,24660.0,4095
2026-04-20 10:20:00,24660.0,24675.0,24655.0,24675.0,1820
2026-04-20 10:25:00,24675.0,24688.9,24670.0,24680.0,2795
2026-04-20 10:30:00,24680.0,24725.0,24680.0,24707.0,9685
2026-04-20 10:35:00,24707.0,24724.0,24699.7,24704.0,2665
2026-04-20 10:40:00,24704.0,24725.5,24704.0,24714.3,3120
2026-04-20 10:45:00,24714.3,24720.0,24700.2,24705.0,1820
2026-04-20 10:50:00,24705.0,24709.9,24693.0,24700.0,5655
2026-04-20 10:55:00,24700.0,24710.0,24693.0,24710.0,1560
2026-04-20 11:00:00,24710.0,24711.0,24697.7,24710.0,1430
2026-04-20 11:05:00,24710.0,24720.0,24693.1,24693.1,1300
2026-04-20 11:10:00,24693.1,24693.1,24675.7,24685.7,2925
2026-04-20 11:15:00,24685.7,24706.8,24685.0,24706.0,585
2026-04-20 11:20:00,24706.0,24725.0,24706.0,24725.0,3185
2026-04-20 11:25:00,24725.0,24738.4,24719.7,24738.4,2925
2026-04-20 11:30:00,24738.4,24746.0,24721.9,24721.9,2210
2026-04-20 11:35:00,24721.9,24734.6,24720.0,24734.6,2210
2026-04-20 11:40:00,24734.6,24740.0,24722.5,24722.8,1170
2026-04-20 11:45:00,24722.8,24739.9,24722.4,24726.0,780
2026-04-20 11:50:00,24726.0,24727.0,24720.0,24724.0,650
2026-04-20 11:55:00,24724.0,24731.0,24724.0,24731.0,975
2026-04-20 12:00:00,24731.0,24738.8,24726.3,24729.0,1105
2026-04-20 12:05:00,24729.0,24730.0,24720.0,24724.0,845
2026-04-20 12:10:00,24724.0,24726.6,24703.0,24703.0,3445
2026-04-20 12:15:00,24703.0,24710.0,24696.0,24696.0,8970
2026-04-20 12:20:00,24696.0,24720.0,24692.1,24720.0,6110
2026-04-20 12:25:00,24720.0,24730.0,24719.4,24730.0,1365
2026-04-20 12:30:00,24730.0,24739.0,24723.5,24739.0,910
2026-04-20 12:35:00,24739.0,24740.0,24730.0,24739.0,520
2026-04-20 12:40:00,24739.0,24745.0,24725.6,24725.6,2340
2026-04-20 12:45:00,24725.6,24745.0,24725.6,24745.0,585
2026-04-20 12:50:00,24745.0,24749.6,24738.6,24749.6,1365
2026-04-20 12:55:00,24749.6,24749.6,24730.0,24730.0,1820
2026-04-20 13:00:00,24730.0,24738.7,24700.0,24705.7,4095
2026-04-20 13:05:00,24705.7,24711.0,24690.0,24703.0,1430
2026-04-20 13:10:00,24703.0,24703.0,24660.0,24692.6,3185
2026-04-20 13:15:00,24692.6,24692.6,24662.0,24690.2,1625
2026-04-20 13:20:00,24690.2,24690.2,24647.0,24647.1,2665
2026-04-20 13:25:00,24647.1,24650.0,24625.0,24650.0,4745
2026-04-20 13:30:00,24650.0,24670.0,24647.0,24665.2,1105
2026-04-20 13:35:00,24665.2,24665.2,24631.3,24647.7,1820
2026-04-20 13:40:00,24647.7,24664.0,24643.0,24664.0,715
2026-04-20 13:45:00,24664.0,24666.7,24648.0,24654.9,1040
2026-04-20 13:50:00,24654.9,24654.9,24635.0,24650.4,1105
2026-04-20 13:55:00,24650.4,24658.2,24640.0,24650.0,1040
2026-04-20 14:00:00,24650.0,24652.5,24633.2,24652.5,1300
2026-04-20 14:05:00,24652.5,24653.7,24630.0,24636.0,845
2026-04-20 14:10:00,24636.0,24654.3,24636.0,24650.0,780
2026-04-20 14:15:00,24650.0,24660.0,24641.6,24641.6,910
2026-04-20 14:20:00,24641.6,24664.0,24641.6,24664.0,650
2026-04-20 14:25:00,24665.7,24692.4,24665.7,24690.0,2015
2026-04-20 14:30:00,24690.0,24690.0,24679.1,24679.1,585
2026-04-20 14:35:00,24679.1,24680.0,24661.0,24666.6,650
2026-04-20 14:40:00,24666.6,24666.6,24651.1,24652.4,520
2026-04-20 14:45:00,24652.4,24658.0,24635.0,24640.0,2275
2026-04-20 14:50:00,24640.0,24660.0,24640.0,24655.0,780
2026-04-20 14:55:00,24655.0,24666.8,24653.2,24666.8,845
2026-04-20 15:00:00,24666.8,24680.0,24666.8,24675.0,1170
2026-04-20 15:05:00,24670.0,24670.0,24643.5,24650.0,2015
2026-04-20 15:10:00,24650.0,24660.0,24640.0,24640.0,1105
2026-04-20 15:15:00,24640.0,24640.0,24588.8,24593.7,22360
2026-04-20 15:20:00,24593.7,24600.7,24580.0,24580.0,4420
2026-04-20 15:25:00,24592.4,24605.0,24583.4,24590.0,8515
2026-04-21 09:15:00,24639.9,24719.9,24639.8,24719.9,19110
2026-04-21 09:20:00,24712.0,24730.0,24704.3,24715.1,11440
2026-04-21 09:25:00,24715.0,24723.2,24704.3,24718.5,6565
2026-04-21 09:30:00,24718.5,24720.0,24695.0,24719.8,5005
2026-04-21 09:35:00,24719.8,24728.9,24710.9,24726.6,5005
2026-04-21 09:40:00,24726.6,24726.6,24706.0,24713.4,6240
2026-04-21 09:45:00,24713.4,24770.0,24713.4,24765.0,14820
2026-04-21 09:50:00,24765.0,24768.9,24740.0,24747.1,5200
2026-04-21 09:55:00,24747.1,24760.0,24743.0,24760.0,2665
2026-04-21 10:00:00,24760.0,24775.0,24750.9,24774.0,3965
2026-04-21 10:05:00,24774.0,24780.0,24769.0,24770.3,3445
2026-04-21 10:10:00,24770.3,24779.0,24763.0,24770.4,3900
2026-04-21 10:15:00,24770.4,24775.0,24766.5,24766.5,3315
2026-04-21 10:20:00,24766.5,24766.5,24745.0,24750.0,3705
2026-04-21 10:25:00,24750.0,24750.0,24740.0,24741.9,4225
2026-04-21 10:30:00,24741.9,24776.0,24741.9,24776.0,16055
2026-04-21 10:35:00,24776.0,24792.0,24776.0,24783.0,5070
2026-04-21 10:40:00,24783.0,24788.0,24770.0,24788.0,2795
2026-04-21 10:45:00,24788.0,24790.0,24771.1,24790.0,780
2026-04-21 10:50:00,24790.0,24800.0,24779.0,24800.0,8190
2026-04-21 10:55:00,24800.0,24813.0,24795.0,24813.0,5785
2026-04-21 11:00:00,24813.0,24813.0,24794.0,24800.0,1170
2026-04-21 11:05:00,24800.8,24819.0,24800.8,24808.0,3705
2026-04-21 11:10:00,24808.0,24813.0,24800.0,24803.4,1950
2026-04-21 11:15:00,24803.4,24812.9,24800.0,24800.0,1885
2026-04-21 11:20:00,24800.0,24800.1,24790.0,24800.0,2275
2026-04-21 11:25:00,24800.0,24803.9,24786.0,24786.0,1820
2026-04-21 11:30:00,24786.0,24790.0,24775.0,24775.1,2405
2026-04-21 11:35:00,24775.1,24786.0,24771.4,24779.7,1820
2026-04-21 11:40:00,24779.7,24789.0,24775.5,24789.0,1885
2026-04-21 11:45:00,24789.0,24811.2,24785.5,24802.4,3315
2026-04-21 11:50:00,24802.4,24804.7,24780.2,24780.8,7670
2026-04-21 11:55:00,24780.8,24799.2,24780.8,24789.0,650
2026-04-21 12:00:00,24789.0,24801.7,24786.6,24801.7,975
2026-04-21 12:05:00,24801.7,24809.9,24794.9,24794.9,3770
2026-04-21 12:10:00,24794.9,24820.0,24794.9,24816.0,1755
2026-04-21 12:15:00,24816.0,24822.7,24810.0,24815.0,3315
2026-04-21 12:20:00,24815.0,24835.0,24815.0,24823.0,3510
2026-04-21 12:25:00,24823.0,24834.0,24823.0,24823.0,2015
2026-04-21 12:30:00,24823.0,24834.0,24815.0,24815.0,4290
2026-04-21 12:35:00,24815.0,24823.0,24810.1,24822.0,910
2026-04-21 12:40:00,24822.0,24822.0,24810.0,24821.7,910
2026-04-21 12:45:00,24821.7,24821.7,24790.0,24793.9,2860
2026-04-21 12:50:00,24793.9,24809.9,24791.0,24795.2,1105
2026-04-21 12:55:00,24795.2,24804.9,24794.0,24804.9,2015
2026-04-21 13:00:00,24804.9,24809.5,24790.0,24790.0,2795
2026-04-21 13:05:00,24790.0,24805.0,24785.0,24800.0,1365
2026-04-21 13:10:00,24800.0,24819.6,24787.3,24812.4,5720
2026-04-21 13:15:00,24812.4,24821.0,24805.1,24805.1,1105
2026-04-21 13:20:00,24805.1,24815.0,24805.1,24812.0,715
2026-04-21 13:25:00,24812.0,24815.0,24805.0,24805.0,585
2026-04-21 13:30:00,24805.0,24828.9,24805.0,24828.9,2600
2026-04-21 13:35:00,24828.9,24828.9,24806.0,24806.0,15210
2026-04-21 13:40:00,24806.0,24814.8,24773.9,24795.0,5135
2026-04-21 13:45:00,24795.0,24800.0,24782.0,24800.0,2210
2026-04-21 13:50:00,24800.0,24812.0,24799.3,24811.9,2210
2026-04-21 13:55:00,24811.9,24828.0,24809.0,24825.0,2145
2026-04-21 14:00:00,24825.0,24826.8,24805.6,24815.3,1755
2026-04-21 14:05:00,24815.3,24815.3,24790.0,24790.0,2275
2026-04-21 14:10:00,24790.0,24814.9,24790.0,24813.5,2470
2026-04-21 14:15:00,24813.5,24830.0,24813.5,24825.6,2210
2026-04-21 14:20:00,24825.6,24838.0,24816.3,24832.2,6500
2026-04-21 14:25:00,24832.2,24842.0,24829.0,24829.0,3315
2026-04-21 14:30:00,24829.0,24840.0,24829.0,24831.0,2210
2026-04-21 14:35:00,24831.0,24831.0,24812.0,24812.0,1235
2026-04-21 14:40:00,24812.0,24812.1,24800.0,24808.9,2275
2026-04-21 14:45:00,24808.9,24823.5,24800.0,24823.0,1495
2026-04-21 14:50:00,24823.0,24840.0,24821.0,24821.1,3900
2026-04-21 14:55:00,24821.1,24845.0,24821.0,24844.1,5980
2026-04-21 15:00:00,24844.1,24849.0,24830.0,24839.6,5460
2026-04-21 15:05:00,24835.0,24840.0,24830.0,24835.0,3185
2026-04-21 15:10:00,24835.0,24839.9,24835.0,24836.0,7085
2026-04-21 15:15:00,24836.0,24850.0,24830.0,24830.9,14820
2026-04-21 15:20:00,24830.9,24846.9,24830.0,24840.0,4615
2026-04-21 15:25:00,24840.0,24847.9,24840.0,24845.0,12610
2026-04-22 09:15:00,24729.2,24800.0,24674.3,24729.0,3575
2026-04-22 09:20:00,24721.0,24746.0,24713.5,24714.9,4030
2026-04-22 09:25:00,24714.9,24715.0,24695.3,24695.3,7085
2026-04-22 09:30:00,24695.3,24720.2,24687.8,24698.0,8905
2026-04-22 09:35:00,24698.0,24720.3,24695.5,24695.5,3835
2026-04-22 09:40:00,24695.5,24696.3,24675.0,24675.0,10140
2026-04-22 09:45:00,24675.0,24691.2,24660.0,24664.0,8515
2026-04-22 09:50:00,24664.0,24680.8,24663.3,24664.4,2925
2026-04-22 09:55:00,24664.4,24664.4,24648.0,24648.0,10660
2026-04-22 10:00:00,24648.0,24648.0,24617.8,24642.8,8905
2026-04-22 10:05:00,24642.8,24644.0,24629.6,24630.0,4810
2026-04-22 10:10:00,24630.0,24648.9,24625.1,24633.6,3120
2026-04-22 10:15:00,24633.6,24641.8,24625.0,24630.0,3185
2026-04-22 10:20:00,24630.0,24632.2,24605.0,24608.9,5915
2026-04-22 10:25:00,24608.9,24638.7,24608.0,24638.7,2405
2026-04-22 10:30:00,24638.7,24642.6,24618.4,24636.0,4030
2026-04-22 10:35:00,24636.0,24653.8,24626.5,24650.9,1235
2026-04-22 10:40:00,24650.9,24679.1,24646.1,24670.0,2015
2026-04-22 10:45:00,24670.0,24694.0,24660.0,24678.5,2340
2026-04-22 10:50:00,24678.5,24706.3,24678.5,24697.9,2470
2026-04-22 10:55:00,24697.9,24706.7,24694.3,24699.9,1430
2026-04-22 11:00:00,24699.9,24700.0,24685.2,24694.9,3640
2026-04-22 11:05:00,24694.9,24707.2,24682.6,24682.6,2210
2026-04-22 11:10:00,24682.6,24690.7,24664.8,24677.0,1170
2026-04-22 11:15:00,24677.0,24699.0,24677.0,24699.0,780
2026-04-22 11:20:00,24699.0,24700.0,24682.0,24700.0,1820
2026-04-22 11:25:00,24700.0,24716.0,24700.0,24700.0,2210
2026-04-22 11:30:00,24700.0,24715.0,24690.1,24700.4,1300
2026-04-22 11:35:00,24700.4,24708.4,24688.6,24698.8,2275
2026-04-22 11:40:00,24698.8,24703.3,24688.6,24689.1,1105
2026-04-22 11:45:00,24689.1,24689.1,24644.0,24660.0,3315
2026-04-22 11:50:00,24660.0,24683.2,24660.0,24683.2,455
2026-04-22 11:55:00,24683.2,24699.7,24683.2,24699.7,715
2026-04-22 12:00:00,24699.7,24704.0,24689.0,24700.0,1170
2026-04-22 12:05:00,24700.0,24706.7,24689.0,24689.1,975
2026-04-22 12:10:00,24689.1,24698.1,24688.9,24695.0,1235
2026-04-22 12:15:00,24695.0,24695.0,24668.8,24668.8,260
2026-04-22 12:20:00,24668.8,24668.8,24666.3,24666.3,130
2026-04-22 12:25:00,24666.3,24684.1,24660.1,24675.8,585
2026-04-22 12:30:00,24675.8,24690.0,24674.2,24680.0,975
2026-04-22 12:35:00,24680.0,24680.0,24660.0,24668.3,650
2026-04-22 12:40:00,24668.3,24688.1,24667.7,24674.4,2535
2026-04-22 12:45:00,24674.4,24684.0,24660.0,24660.0,780
2026-04-22 12:50:00,24660.0,24674.8,24660.0,24674.8,260
2026-04-22 12:55:00,24674.8,24697.3,24674.8,24695.0,650
2026-04-22 13:00:00,24695.0,24695.0,24675.0,24680.0,455
2026-04-22 13:05:00,24680.0,24700.0,24680.0,24700.0,1625
2026-04-22 13:10:00,24700.0,24700.0,24675.1,24690.0,845
2026-04-22 13:15:00,24690.0,24690.1,24676.4,24676.4,910
2026-04-22 13:20:00,24676.4,24676.4,24640.0,24650.0,8710
2026-04-22 13:25:00,24650.0,24665.8,24646.6,24661.0,6370
2026-04-22 13:30:00,24661.0,24679.7,24660.0,24660.0,10985
2026-04-22 13:35:00,24660.0,24685.0,24660.0,24675.0,195
2026-04-22 13:40:00,24675.0,24685.0,24675.0,24685.0,650
2026-04-22 13:45:00,24685.0,24685.2,24680.0,24685.2,1235
2026-04-22 13:50:00,24685.2,24689.9,24665.0,24670.0,5915
2026-04-22 13:55:00,24670.0,24705.0,24670.0,24705.0,1625
2026-04-22 14:00:00,24705.0,24715.2,24680.0,24682.5,1950
2026-04-22 14:05:00,24682.5,24689.5,24675.2,24689.5,910
2026-04-22 14:10:00,24689.5,24689.5,24663.4,24663.4,780
2026-04-22 14:15:00,24663.4,24663.4,24650.0,24651.5,1365
2026-04-22 14:20:00,24651.5,24675.1,24651.5,24668.2,910
2026-04-22 14:25:00,24668.2,24668.2,24666.7,24666.7,195
2026-04-22 14:30:00,24666.7,24666.7,24656.7,24659.4,650
2026-04-22 14:35:00,24659.4,24690.0,24658.0,24671.0,1105
2026-04-22 14:40:00,24671.0,24682.0,24663.5,24680.6,1105
2026-04-22 14:45:00,24680.6,24683.8,24672.0,24679.9,650
2026-04-22 14:50:00,24679.9,24680.0,24666.5,24680.0,1105
2026-04-22 14:55:00,24680.0,24690.0,24671.6,24678.5,845
2026-04-22 15:00:00,24678.5,24678.5,24640.2,24640.2,3835
2026-04-22 15:05:00,24640.2,24652.7,24639.0,24639.0,3705
2026-04-22 15:10:00,24639.0,24660.9,24630.0,24650.0,2665
2026-04-22 15:15:00,24650.0,24665.0,24650.0,24662.3,2405
2026-04-22 15:20:00,24662.3,24663.9,24652.4,24655.0,3770
2026-04-22 15:25:00,24655.0,24665.6,24649.5,24660.4,11440
2026-04-23 09:15:00,24555.0,24555.0,24401.0,24452.1,34905
2026-04-23 09:20:00,24452.1,24482.9,24450.0,24463.4,7930
2026-04-23 09:25:00,24463.4,24476.0,24440.0,24471.0,12675
2026-04-23 09:30:00,24471.0,24500.0,24452.0,24456.0,5525
2026-04-23 09:35:00,24456.0,24470.0,24440.0,24462.0,5005
2026-04-23 09:40:00,24462.0,24495.0,24451.7,24495.0,3185
2026-04-23 09:45:00,24495.0,24519.0,24480.1,24516.4,4225
2026-04-23 09:50:00,24519.0,24549.0,24516.9,24530.4,6370
2026-04-23 09:55:00,24530.4,24545.0,24530.0,24534.0,3770
2026-04-23 10:00:00,24534.0,24554.2,24517.1,24550.0,7085
2026-04-23 10:05:00,24550.0,24550.0,24530.8,24535.0,3510
2026-04-23 10:10:00,24535.0,24535.0,24515.2,24517.0,1950
2026-04-23 10:15:00,24517.0,24536.0,24515.2,24531.7,1820
2026-04-23 10:20:00,24531.7,24543.0,24520.0,24525.0,1300
2026-04-23 10:25:00,24525.0,24525.0,24510.0,24510.0,4030
2026-04-23 10:30:00,24510.0,24510.0,24490.0,24490.0,2860
2026-04-23 10:35:00,24490.0,24499.9,24465.0,24479.1,4485
2026-04-23 10:40:00,24479.1,24479.1,24460.0,24465.0,780
2026-04-23 10:45:00,24465.0,24465.0,24430.0,24448.0,7085
2026-04-23 10:50:00,24448.0,24465.3,24434.2,24461.3,5330
2026-04-23 10:55:00,24461.3,24461.3,24440.0,24461.3,2795
2026-04-23 11:00:00,24461.3,24469.9,24453.6,24468.0,2210
2026-04-23 11:05:00,24468.0,24468.0,24451.1,24454.2,1820
2026-04-23 11:10:00,24454.2,24454.2,24430.2,24438.9,3120
2026-04-23 11:15:00,24438.9,24452.1,24430.3,24435.0,2340
2026-04-23 11:20:00,24435.0,24453.9,24433.4,24436.0,4550
2026-04-23 11:25:00,24436.0,24452.2,24431.8,24452.2,5135
2026-04-23 11:30:00,24452.2,24459.3,24440.1,24448.0,1820
2026-04-23 11:35:00,24448.0,24450.1,24430.0,24440.0,2210
2026-04-23 11:40:00,24440.0,24457.2,24439.0,24446.3,520
2026-04-23 11:45:00,24446.3,24456.0,24434.0,24444.9,1235
2026-04-23 11:50:00,24444.9,24470.0,24438.7,24464.9,2145
2026-04-23 11:55:00,24464.9,24470.3,24464.9,24467.0,1170
2026-04-23 12:00:00,24467.0,24471.2,24452.0,24452.0,1300
2026-04-23 12:05:00,24452.0,24472.0,24444.0,24472.0,910
2026-04-23 12:10:00,24472.0,24479.0,24461.5,24463.6,715
2026-04-23 12:15:00,24463.6,24479.9,24463.6,24477.7,585
2026-04-23 12:20:00,24477.7,24484.0,24462.1,24472.0,780
2026-04-23 12:25:00,24472.0,24472.0,24444.0,24444.8,780
2026-04-23 12:30:00,24444.8,24444.8,24420.5,24430.0,3510
2026-04-23 12:35:00,24430.0,24439.0,24415.8,24434.0,5070
2026-04-23 12:40:00,24434.0,24449.9,24432.2,24449.9,2340
2026-04-23 12:45:00,24449.9,24450.0,24433.3,24438.5,585
2026-04-23 12:50:00,24438.5,24450.0,24438.5,24450.0,585
2026-04-23 12:55:00,24450.0,24460.0,24449.9,24460.0,2405
2026-04-23 13:00:00,24460.0,24461.9,24460.0,24461.9,130
2026-04-23 13:05:00,24461.9,24464.3,24450.0,24460.0,1040
2026-04-23 13:10:00,24460.0,24462.2,24452.2,24456.7,520
2026-04-23 13:15:00,24456.7,24495.0,24456.7,24495.0,2080
2026-04-23 13:20:00,24495.0,24535.0,24495.0,24535.0,5200
2026-04-23 13:25:00,24535.0,24541.5,24524.8,24535.2,3445
2026-04-23 13:30:00,24535.2,24535.2,24510.0,24510.0,2600
2026-04-23 13:35:00,24510.0,24510.0,24463.7,24463.7,5655
2026-04-23 13:40:00,24463.7,24481.0,24451.5,24461.1,3055
2026-04-23 13:45:00,24460.0,24470.0,24459.0,24467.7,1300
2026-04-23 13:50:00,24467.7,24493.0,24467.7,24480.1,2275
2026-04-23 13:55:00,24480.1,24507.0,24480.1,24495.0,1300
2026-04-23 14:00:00,24495.0,24499.6,24474.8,24474.8,325
2026-04-23 14:05:00,24474.8,24483.6,24470.0,24470.0,780
2026-04-23 14:10:00,24470.0,24474.3,24450.0,24450.0,2080
2026-04-23 14:15:00,24450.0,24463.4,24450.0,24450.0,5330
2026-04-23 14:20:00,24450.0,24465.6,24440.3,24455.1,1495
2026-04-23 14:25:00,24455.1,24455.1,24435.0,24435.0,1820
2026-04-23 14:30:00,24435.0,24442.1,24423.0,24423.0,2990
2026-04-23 14:35:00,24423.0,24431.6,24410.6,24419.0,7215
2026-04-23 14:40:00,24419.0,24425.0,24405.0,24406.0,9035
2026-04-23 14:45:00,24406.0,24428.0,24401.0,24419.0,4355
2026-04-23 14:50:00,24419.0,24430.3,24415.0,24416.4,3770
2026-04-23 14:55:00,24416.4,24429.0,24410.0,24420.0,4225
2026-04-23 15:00:00,24415.0,24445.0,24415.0,24430.0,2990
2026-04-23 15:05:00,24430.0,24434.3,24415.6,24415.6,2795
2026-04-23 15:10:00,24415.6,24420.0,24400.0,24400.0,11830
2026-04-23 15:15:00,24400.0,24415.0,24391.1,24407.0,4290
2026-04-23 15:20:00,24407.0,24429.0,24407.0,24415.7,2145
2026-04-23 15:25:00,24415.7,24429.9,24409.5,24412.0,12935
2026-04-24 09:15:00,24415.8,24483.0,24392.0,24398.0,18330
2026-04-24 09:20:00,24398.0,24398.0,24355.0,24355.0,8645
2026-04-24 09:25:00,24355.0,24360.8,24333.0,24339.2,6110
2026-04-24 09:30:00,24333.0,24335.4,24300.0,24300.0,12480
2026-04-24 09:35:00,24300.0,24314.0,24285.1,24291.2,7930
2026-04-24 09:40:00,24291.2,24292.0,24270.1,24270.1,11310
2026-04-24 09:45:00,24270.1,24270.1,24230.0,24254.1,12155
2026-04-24 09:50:00,24254.1,24270.2,24240.0,24240.0,9100
2026-04-24 09:55:00,24240.0,24245.0,24224.0,24235.0,5655
2026-04-24 10:00:00,24235.0,24279.3,24235.0,24270.0,6890
2026-04-24 10:05:00,24270.0,24285.0,24265.0,24265.0,4290
2026-04-24 10:10:00,24265.0,24285.0,24250.0,24282.0,1885
2026-04-24 10:15:00,24282.0,24282.0,24250.0,24252.0,1690
2026-04-24 10:20:00,24252.0,24259.0,24225.0,24225.0,13650
2026-04-24 10:25:00,24225.0,24242.3,24215.0,24230.0,4680
2026-04-24 10:30:00,24230.0,24244.6,24229.5,24235.0,3055
2026-04-24 10:35:00,24235.0,24243.6,24222.0,24222.0,1755
2026-04-24 10:40:00,24222.0,24234.3,24210.0,24211.8,6435
2026-04-24 10:45:00,24211.8,24219.9,24192.0,24199.9,10920
2026-04-24 10:50:00,24199.9,24221.0,24199.0,24220.0,3250
2026-04-24 10:55:00,24220.0,24230.0,24200.0,24200.0,2730
2026-04-24 11:00:00,24200.0,24214.6,24190.0,24210.0,3185
2026-04-24 11:05:00,24210.0,24217.5,24200.0,24200.0,4485
2026-04-24 11:10:00,24200.0,24212.0,24187.8,24188.2,3640
2026-04-24 11:15:00,24189.0,24200.0,24180.2,24195.0,7020
2026-04-24 11:20:00,24195.0,24211.5,24190.0,24197.0,5200
2026-04-24 11:25:00,24197.0,24215.2,24196.5,24200.0,5135
2026-04-24 11:30:00,24200.0,24222.1,24200.0,24209.8,8970
2026-04-24 11:35:00,24209.8,24210.7,24191.6,24201.9,9360
2026-04-24 11:40:00,24201.9,24205.0,24190.9,24193.4,10920
2026-04-24 11:45:00,24193.4,24193.6,24172.1,24172.1,9425
2026-04-24 11:50:00,24172.1,24172.1,24161.0,24163.4,13000
2026-04-24 11:55:00,24163.4,24170.0,24160.0,24165.0,5590
2026-04-24 12:00:00,24165.0,24173.9,24160.9,24168.1,5265
2026-04-24 12:05:00,24168.1,24190.3,24164.8,24185.0,5915
2026-04-24 12:10:00,24185.0,24198.5,24177.0,24192.6,5590
2026-04-24 12:15:00,24192.6,24200.0,24186.9,24195.0,4745
2026-04-24 12:20:00,24195.0,24195.0,24159.5,24159.5,4225
2026-04-24 12:25:00,24159.5,24159.5,24142.0,24143.1,8580
2026-04-24 12:30:00,24143.1,24160.0,24141.1,24159.2,2080
2026-04-24 12:35:00,24159.2,24172.7,24153.5,24165.0,7215
2026-04-24 12:40:00,24165.0,24166.6,24145.5,24145.5,2015
2026-04-24 12:45:00,24145.5,24167.4,24144.1,24159.5,3705
2026-04-24 12:50:00,24159.5,24170.8,24158.3,24160.0,1950
2026-04-24 12:55:00,24160.0,24175.8,24160.0,24165.6,2080
2026-04-24 13:00:00,24165.6,24165.6,24138.1,24138.1,6175
2026-04-24 13:05:00,24138.1,24140.5,24130.0,24130.0,3250
2026-04-24 13:10:00,24130.0,24133.9,24109.7,24120.0,5980
2026-04-24 13:15:00,24120.0,24122.9,24111.8,24118.0,2470
2026-04-24 13:20:00,24118.0,24132.0,24118.0,24128.3,3705
2026-04-24 13:25:00,24128.3,24135.0,24113.1,24135.0,3510
2026-04-24 13:30:00,24135.0,24135.0,24111.0,24115.1,8580
2026-04-24 13:35:00,24115.1,24128.2,24098.6,24103.7,14170
2026-04-24 13:40:00,24103.7,24108.7,24083.0,24090.0,7865
2026-04-24 13:45:00,24090.0,24115.5,24090.0,24110.6,3250
2026-04-24 13:50:00,24110.6,24120.0,24104.6,24120.0,1755
2026-04-24 13:55:00,24120.0,24124.9,24100.0,24101.4,2730
2026-04-24 14:00:00,24101.4,24114.3,24099.7,24107.7,1495
2026-04-24 14:05:00,24107.7,24108.5,24081.0,24107.1,1755
2026-04-24 14:10:00,24107.1,24110.0,24094.2,24107.1,2210
2026-04-24 14:15:00,24107.1,24125.0,24100.7,24122.1,1885
2026-04-24 14:20:00,24122.1,24147.8,24120.2,24136.0,1950
2026-04-24 14:25:00,24136.0,24160.4,24129.9,24158.5,3055
2026-04-24 14:30:00,24158.5,24185.0,24148.2,24170.0,5980
2026-04-24 14:35:00,24170.0,24189.7,24165.0,24183.0,7215
2026-04-24 14:40:00,24183.0,24188.0,24170.7,24179.8,10855
2026-04-24 14:45:00,24179.8,24190.4,24170.0,24190.0,5850
2026-04-24 14:50:00,24190.0,24193.0,24160.2,24175.4,8580
2026-04-24 14:55:00,24175.4,24182.6,24162.7,24175.0,4420
2026-04-24 15:00:00,24175.0,24175.0,24130.0,24135.0,5590
2026-04-24 15:05:00,24135.0,24166.3,24117.5,24147.9,9490
2026-04-24 15:10:00,24147.9,24151.1,24137.0,24142.4,12935
2026-04-24 15:15:00,24142.4,24173.7,24142.4,24167.9,8385
2026-04-24 15:20:00,24167.9,24172.3,24158.0,24160.0,8840
2026-04-24 15:25:00,24160.0,24170.0,24155.3,24165.0,13325
2026-04-27 09:15:00,24252.7,24300.5,24233.3,24258.2,25155
2026-04-27 09:20:00,24258.2,24304.9,24258.2,24290.0,14170
2026-04-27 09:25:00,24290.0,24310.0,24267.8,24296.8,9945
2026-04-27 09:30:00,24296.8,24306.2,24240.0,24255.9,6305
2026-04-27 09:35:00,24255.9,24284.6,24240.0,24247.6,8125
2026-04-27 09:40:00,24247.6,24281.0,24245.1,24281.0,15665
2026-04-27 09:45:00,24281.0,24325.0,24281.0,24325.0,19500
2026-04-27 09:50:00,24325.0,24340.0,24317.1,24338.0,16055
2026-04-27 09:55:00,24338.0,24347.7,24333.5,24340.4,8385
2026-04-27 10:00:00,24340.4,24342.0,24317.6,24317.6,4615
2026-04-27 10:05:00,24317.6,24333.0,24310.0,24315.9,7735
2026-04-27 10:10:00,24315.9,24334.2,24305.1,24307.8,5980
2026-04-27 10:15:00,24307.1,24343.0,24307.1,24325.7,3900
2026-04-27 10:20:00,24325.7,24340.5,24300.7,24300.7,4680
2026-04-27 10:25:00,24300.7,24312.7,24282.5,24295.1,5720
2026-04-27 10:30:00,24295.1,24308.4,24257.0,24259.4,12350
2026-04-27 10:35:00,24259.4,24270.0,24257.0,24265.5,4940
2026-04-27 10:40:00,24265.5,24293.2,24250.1,24274.2,2600
2026-04-27 10:45:00,24274.2,24308.7,24262.2,24308.7,1300
2026-04-27 10:50:00,24308.7,24326.0,24303.0,24314.8,6825
2026-04-27 10:55:00,24314.8,24322.8,24309.0,24311.0,2860
2026-04-27 11:00:00,24311.0,24313.0,24290.0,24292.4,2730
2026-04-27 11:05:00,24292.4,24299.8,24255.1,24255.1,4095
2026-04-27 11:10:00,24255.1,24300.1,24255.1,24286.8,975
2026-04-27 11:15:00,24286.8,24310.0,24286.8,24310.0,1690
2026-04-27 11:20:00,24310.0,24310.0,24286.2,24301.0,1430
2026-04-27 11:25:00,24301.0,24301.0,24273.0,24273.0,520
2026-04-27 11:30:00,24273.0,24275.0,24245.0,24256.1,5265
2026-04-27 11:35:00,24256.1,24256.1,24211.0,24227.6,5850
2026-04-27 11:40:00,24227.6,24238.0,24220.0,24230.0,2145
2026-04-27 11:45:00,24230.0,24257.7,24220.5,24247.4,1430
2026-04-27 11:50:00,24247.4,24259.0,24240.0,24244.0,650
2026-04-27 11:55:00,24244.0,24273.8,24244.0,24273.6,3120
2026-04-27 12:00:00,24273.6,24273.6,24256.1,24258.0,1300
2026-04-27 12:05:00,24258.0,24280.0,24258.0,24265.6,2860
2026-04-27 12:10:00,24265.6,24275.0,24261.0,24275.0,845
2026-04-27 12:15:00,24275.0,24280.4,24272.5,24280.4,2210
2026-04-27 12:20:00,24280.4,24280.4,24260.0,24268.4,1755
2026-04-27 12:25:00,24268.4,24295.0,24268.4,24295.0,2730
2026-04-27 12:30:00,24295.0,24301.0,24280.1,24301.0,8450
2026-04-27 12:35:00,24301.0,24317.9,24300.0,24304.0,4290
2026-04-27 12:40:00,24304.0,24304.0,24300.0,24302.8,325
2026-04-27 12:45:00,24302.8,24302.8,24290.0,24292.5,4940
2026-04-27 12:50:00,24292.5,24309.3,24288.1,24309.2,4095
2026-04-27 12:55:00,24309.2,24309.2,24282.0,24289.9,1950
2026-04-27 13:00:00,24289.9,24314.0,24289.9,24302.8,4355
2026-04-27 13:05:00,24302.8,24317.0,24290.9,24317.0,1950
2026-04-27 13:10:00,24317.0,24325.0,24300.9,24322.8,8970
2026-04-27 13:15:00,24322.8,24346.1,24322.5,24332.0,11960
2026-04-27 13:20:00,24332.0,24338.2,24312.2,24325.0,4355
2026-04-27 13:25:00,24325.0,24348.9,24325.0,24330.7,6890
2026-04-27 13:30:00,24330.7,24341.0,24315.3,24341.0,7020
2026-04-27 13:35:00,24341.0,24344.0,24327.1,24341.1,5395
2026-04-27 13:40:00,24341.1,24349.0,24327.2,24341.9,4030
2026-04-27 13:45:00,24341.9,24350.0,24330.0,24330.0,3900
2026-04-27 13:50:00,24330.0,24342.8,24319.9,24331.3,3510
2026-04-27 13:55:00,24331.3,24345.0,24330.0,24344.2,2535
2026-04-27 14:00:00,24344.2,24350.0,24330.0,24342.8,6825
2026-04-27 14:05:00,24342.8,24350.6,24329.6,24331.0,2990
2026-04-27 14:10:00,24331.0,24350.0,24331.0,24344.0,2080
2026-04-27 14:15:00,24344.0,24350.0,24333.7,24350.0,2535
2026-04-27 14:20:00,24350.0,24350.0,24330.0,24341.0,3445
2026-04-27 14:25:00,24341.0,24343.5,24326.0,24337.9,780
2026-04-27 14:30:00,24337.9,24337.9,24300.1,24309.7,5460
2026-04-27 14:35:00,24309.7,24336.0,24300.0,24318.2,15470
2026-04-27 14:40:00,24318.2,24331.9,24310.1,24331.9,6175
2026-04-27 14:45:00,24331.9,24331.9,24320.0,24323.3,3250
2026-04-27 14:50:00,24323.3,24337.7,24318.3,24337.7,3445
2026-04-27 14:55:00,24337.7,24344.4,24329.9,24340.0,5720
2026-04-27 15:00:00,24340.0,24340.0,24318.0,24329.0,6760
2026-04-27 15:05:00,24329.0,24330.0,24317.4,24330.0,6955
2026-04-27 15:10:00,24325.0,24345.0,24320.0,24333.7,13000
2026-04-27 15:15:00,24333.7,24338.3,24313.5,24325.0,18655
2026-04-27 15:20:00,24325.0,24340.0,24324.0,24333.0,6305
2026-04-27 15:25:00,24333.0,24344.0,24330.0,24340.0,4875
2026-04-28 09:15:00,24300.0,24307.4,24213.0,24300.0,13585
2026-04-28 09:20:00,24300.0,24319.9,24290.0,24290.0,8320
2026-04-28 09:25:00,24290.0,24347.5,24290.0,24332.8,12415
2026-04-28 09:30:00,24332.9,24332.9,24310.5,24322.7,4810
2026-04-28 09:35:00,24322.7,24325.3,24302.5,24309.6,3250
2026-04-28 09:40:00,24309.6,24348.0,24307.4,24348.0,3705
2026-04-28 09:45:00,24348.0,24360.0,24333.0,24333.0,9880
2026-04-28 09:50:00,24333.0,24342.1,24322.2,24322.7,6305
2026-04-28 09:55:00,24322.7,24366.0,24322.7,24366.0,4160
2026-04-28 10:00:00,24366.0,24381.0,24360.0,24371.0,4875
2026-04-28 10:05:00,24371.0,24372.9,24350.3,24363.0,13780
2026-04-28 10:10:00,24363.0,24366.0,24350.0,24357.0,2015
2026-04-28 10:15:00,24357.0,24372.9,24351.0,24357.0,3120
2026-04-28 10:20:00,24357.0,24382.2,24357.0,24382.2,3835
2026-04-28 10:25:00,24382.2,24382.2,24370.0,24375.0,3965
2026-04-28 10:30:00,24375.0,24381.4,24356.0,24360.0,2535
2026-04-28 10:35:00,24360.0,24362.5,24340.2,24340.2,6240
2026-04-28 10:40:00,24340.2,24349.0,24330.0,24340.0,2015
2026-04-28 10:45:00,24340.0,24355.0,24340.0,24355.0,3185
2026-04-28 10:50:00,24355.0,24365.0,24355.0,24365.0,975
2026-04-28 10:55:00,24365.0,24380.0,24365.0,24371.0,2535
2026-04-28 11:00:00,24371.0,24380.0,24360.0,24377.4,2145
2026-04-28 11:05:00,24377.4,24377.4,24344.0,24350.0,2860
2026-04-28 11:10:00,24350.0,24361.6,24342.7,24347.1,3250
2026-04-28 11:15:00,24347.1,24360.5,24338.0,24343.5,1820
2026-04-28 11:20:00,24343.5,24343.5,24318.8,24318.8,2925
2026-04-28 11:25:00,24318.8,24319.0,24260.0,24267.5,11635
2026-04-28 11:30:00,24265.0,24278.0,24250.0,24266.4,7215
2026-04-28 11:35:00,24266.4,24293.0,24264.0,24290.0,4485
2026-04-28 11:40:00,24290.0,24290.5,24275.0,24288.0,1885
2026-04-28 11:45:00,24288.0,24295.0,24285.0,24292.6,1625
2026-04-28 11:50:00,24292.6,24292.6,24280.0,24280.0,1300
2026-04-28 11:55:00,24280.0,24282.9,24260.0,24261.0,1495
2026-04-28 12:00:00,24261.0,24269.1,24242.5,24251.8,5265
2026-04-28 12:05:00,24251.8,24251.8,24239.0,24250.0,3445
2026-04-28 12:10:00,24250.0,24258.7,24240.0,24256.6,3965
2026-04-28 12:15:00,24256.6,24262.8,24245.0,24245.0,3315
2026-04-28 12:20:00,24245.0,24250.6,24205.0,24212.0,12805
2026-04-28 12:25:00,24212.0,24235.0,24209.6,24223.0,3055
2026-04-28 12:30:00,24223.0,24223.0,24201.0,24210.0,10205
2026-04-28 12:35:00,24210.0,24229.2,24210.0,24226.2,2535
2026-04-28 12:40:00,24226.2,24242.9,24225.0,24237.0,2405
2026-04-28 12:45:00,24237.0,24245.1,24230.0,24242.0,1885
2026-04-28 12:50:00,24242.0,24250.0,24225.0,24225.0,1885
2026-04-28 12:55:00,24225.0,24239.0,24221.0,24224.3,2080
2026-04-28 13:00:00,24224.3,24239.3,24210.1,24239.3,2080
2026-04-28 13:05:00,24239.3,24241.9,24234.0,24241.9,1170
2026-04-28 13:10:00,24241.9,24245.0,24232.0,24232.0,2795
2026-04-28 13:15:00,24232.0,24250.0,24229.5,24250.0,1885
2026-04-28 13:20:00,24250.0,24253.3,24236.0,24253.3,2860
2026-04-28 13:25:00,24253.3,24256.9,24236.0,24236.0,3250
2026-04-28 13:30:00,24236.0,24236.0,24205.0,24205.0,2470
2026-04-28 13:35:00,24205.0,24208.9,24176.0,24195.8,15730
2026-04-28 13:40:00,24195.8,24223.6,24195.8,24208.2,2665
2026-04-28 13:45:00,24208.2,24215.2,24201.0,24206.6,2015
2026-04-28 13:50:00,24206.6,24225.0,24200.0,24225.0,2080
2026-04-28 13:55:00,24225.0,24240.2,24215.0,24233.4,2665
2026-04-28 14:00:00,24233.4,24233.4,24213.0,24224.2,2275
2026-04-28 14:05:00,24224.2,24224.2,24210.0,24210.0,1300
2026-04-28 14:10:00,24210.0,24215.0,24200.0,24200.0,7930
2026-04-28 14:15:00,24200.0,24209.9,24185.0,24209.4,3770
2026-04-28 14:20:00,24209.4,24223.9,24203.0,24212.0,3705
2026-04-28 14:25:00,24212.0,24221.2,24200.0,24208.1,3055
2026-04-28 14:30:00,24208.1,24244.4,24208.1,24224.0,2600
2026-04-28 14:35:00,24224.0,24240.9,24222.0,24235.0,1885
2026-04-28 14:40:00,24235.0,24242.0,24230.1,24239.0,1300
2026-04-28 14:45:00,24239.0,24249.5,24235.0,24249.0,3445
2026-04-28 14:50:00,24249.0,24250.0,24240.0,24250.0,3770
2026-04-28 14:55:00,24250.0,24255.0,24238.9,24254.7,3185
2026-04-28 15:00:00,24254.7,24258.0,24210.0,24210.0,9165
2026-04-28 15:05:00,24210.0,24216.0,24202.0,24202.0,5460
2026-04-28 15:10:00,24202.0,24202.0,24181.1,24191.5,8190
2026-04-28 15:15:00,24185.1,24192.9,24180.0,24190.0,7280
2026-04-28 15:20:00,24190.0,24197.1,24171.1,24191.0,5265
2026-04-28 15:25:00,24191.0,24215.2,24191.0,24210.0,10335
2026-04-29 09:15:00,24237.4,24309.3,24237.4,24273.9,18460
2026-04-29 09:20:00,24273.9,24300.0,24259.1,24275.0,9425
2026-04-29 09:25:00,24275.0,24315.0,24259.7,24315.0,12220
2026-04-29 09:30:00,24315.0,24333.0,24299.2,24299.2,7345
2026-04-29 09:35:00,24299.2,24320.0,24299.2,24306.5,4680
2026-04-29 09:40:00,24306.5,24344.0,24306.5,24344.0,5525
2026-04-29 09:45:00,24344.0,24375.0,24344.0,24368.0,11180
2026-04-29 09:50:00,24368.0,24387.0,24362.1,24387.0,13195
2026-04-29 09:55:00,24387.0,24392.0,24377.5,24383.6,7995
2026-04-29 10:00:00,24383.6,24435.6,24383.6,24425.8,20540
2026-04-29 10:05:00,24425.8,24450.0,24421.2,24440.5,12805
2026-04-29 10:10:00,24439.2,24464.7,24439.2,24460.7,11245
2026-04-29 10:15:00,24460.7,24480.0,24459.9,24476.0,8515
2026-04-29 10:20:00,24476.0,24501.3,24476.0,24492.4,12740
2026-04-29 10:25:00,24492.4,24516.0,24489.2,24510.0,11440
2026-04-29 10:30:00,24510.0,24515.0,24483.7,24497.8,9815
2026-04-29 10:35:00,24497.8,24510.0,24490.0,24490.0,3185
2026-04-29 10:40:00,24490.0,24499.0,24482.0,24485.6,4485
2026-04-29 10:45:00,24485.6,24489.0,24480.0,24486.5,3185
2026-04-29 10:50:00,24486.5,24510.0,24486.5,24501.4,4355
2026-04-29 10:55:00,24501.4,24507.4,24498.0,24506.0,2730
2026-04-29 11:00:00,24506.0,24516.0,24504.6,24505.0,4420
2026-04-29 11:05:00,24505.0,24519.8,24497.9,24516.4,3575
2026-04-29 11:10:00,24516.4,24516.4,24500.4,24508.9,3770
2026-04-29 11:15:00,24508.9,24520.0,24495.4,24496.3,4680
2026-04-29 11:20:00,24496.3,24523.0,24494.8,24511.0,5005
2026-04-29 11:25:00,24511.0,24519.9,24501.0,24505.0,2145
2026-04-29 11:30:00,24505.0,24520.0,24493.1,24509.8,4680
2026-04-29 11:35:00,24509.8,24515.1,24500.0,24508.0,2990
2026-04-29 11:40:00,24508.0,24515.3,24500.0,24500.0,2535
2026-04-29 11:45:00,24500.0,24501.9,24489.5,24489.5,1755
2026-04-29 11:50:00,24489.5,24500.0,24489.5,24495.1,1755
2026-04-29 11:55:00,24495.1,24503.0,24488.9,24503.0,2600
2026-04-29 12:00:00,24503.0,24509.3,24493.1,24493.1,1950
2026-04-29 12:05:00,24493.1,24519.0,24485.2,24510.2,1690
2026-04-29 12:10:00,24510.2,24545.0,24510.1,24525.0,25545
2026-04-29 12:15:00,24525.0,24540.1,24525.0,24540.0,1820
2026-04-29 12:20:00,24531.0,24544.0,24525.6,24544.0,2795
2026-04-29 12:25:00,24544.0,24545.0,24535.0,24535.0,1235
2026-04-29 12:30:00,24535.0,24563.1,24535.0,24562.0,11180
2026-04-29 12:35:00,24562.0,24564.4,24551.2,24554.3,2340
2026-04-29 12:40:00,24554.3,24564.9,24543.4,24550.0,1950
2026-04-29 12:45:00,24550.0,24558.9,24536.5,24550.0,5655
2026-04-29 12:50:00,24550.0,24555.0,24535.7,24535.7,1365
2026-04-29 12:55:00,24535.7,24551.6,24535.7,24538.0,1820
2026-04-29 13:00:00,24538.0,24540.4,24535.0,24539.5,975
2026-04-29 13:05:00,24539.5,24560.0,24536.2,24543.0,2015
2026-04-29 13:10:00,24543.0,24560.0,24535.0,24535.0,1820
2026-04-29 13:15:00,24535.0,24535.0,24526.0,24534.6,1040
2026-04-29 13:20:00,24534.6,24548.5,24525.0,24539.3,1885
2026-04-29 13:25:00,24539.3,24539.3,24520.1,24520.1,1170
2026-04-29 13:30:00,24520.1,24530.7,24520.0,24525.7,1105
2026-04-29 13:35:00,24525.7,24525.7,24493.0,24493.0,3835
2026-04-29 13:40:00,24493.0,24500.0,24480.0,24480.0,3055
2026-04-29 13:45:00,24480.0,24481.0,24470.0,24478.0,3120
2026-04-29 13:50:00,24478.0,24485.1,24471.0,24483.0,4745
2026-04-29 13:55:00,24483.0,24487.4,24471.5,24471.5,3575
2026-04-29 14:00:00,24471.5,24475.4,24410.0,24410.0,22750
2026-04-29 14:05:00,24410.0,24432.5,24400.0,24413.9,7280
2026-04-29 14:10:00,24413.9,24420.0,24400.0,24413.4,4745
2026-04-29 14:15:00,24413.4,24428.1,24401.1,24407.8,1235
2026-04-29 14:20:00,24407.8,24424.3,24395.0,24424.3,4810
2026-04-29 14:25:00,24424.3,24424.3,24395.0,24395.0,3380
2026-04-29 14:30:00,24395.0,24422.3,24392.0,24412.0,6500
2026-04-29 14:35:00,24412.0,24412.0,24400.0,24409.0,1625
2026-04-29 14:40:00,24409.0,24425.0,24407.0,24425.0,1170
2026-04-29 14:45:00,24425.0,24430.0,24404.8,24410.0,1300
2026-04-29 14:50:00,24410.0,24419.5,24402.0,24419.5,845
2026-04-29 14:55:00,24419.5,24419.5,24385.0,24385.0,4745
2026-04-29 15:00:00,24385.0,24415.5,24385.0,24403.2,2210
2026-04-29 15:05:00,24403.2,24412.2,24392.2,24409.9,8450
2026-04-29 15:10:00,24409.9,24409.9,24376.0,24376.0,5590
2026-04-29 15:15:00,24376.0,24388.5,24372.0,24372.0,5915
2026-04-29 15:20:00,24372.0,24385.2,24370.0,24373.0,7410
2026-04-29 15:25:00,24373.0,24377.7,24351.0,24359.5,14690
2026-04-30 09:15:00,24224.9,24224.9,24130.0,24136.4,55770
2026-04-30 09:20:00,24136.4,24140.6,24070.0,24090.0,35555
2026-04-30 09:25:00,24090.0,24098.7,24062.1,24070.0,20670
2026-04-30 09:30:00,24070.0,24106.3,24060.0,24104.7,14365
2026-04-30 09:35:00,24104.7,24110.0,24090.0,24100.0,8060
2026-04-30 09:40:00,24100.0,24125.0,24081.4,24125.0,6500
2026-04-30 09:45:00,24125.0,24139.0,24101.0,24108.9,5460
2026-04-30 09:50:00,24108.9,24108.9,24080.0,24087.5,5590
2026-04-30 09:55:00,24086.3,24088.3,24060.0,24060.0,5330
2026-04-30 10:00:00,24060.0,24065.7,24027.0,24031.2,13910
2026-04-30 10:05:00,24031.2,24039.3,24022.0,24025.0,7150
2026-04-30 10:10:00,24025.0,24032.2,24010.0,24020.6,7020
2026-04-30 10:15:00,24020.6,24020.6,23982.2,24016.1,15795
2026-04-30 10:20:00,24016.1,24020.0,24000.0,24001.0,3900
2026-04-30 10:25:00,24001.0,24016.9,24000.0,24015.1,2795
2026-04-30 10:30:00,24015.1,24022.1,24007.4,24008.0,4160
2026-04-30 10:35:00,24008.0,24034.5,24008.0,24034.5,3510
2026-04-30 10:40:00,24034.5,24035.0,24011.2,24026.9,2860
2026-04-30 10:45:00,24026.9,24026.9,24000.0,24007.5,2665
2026-04-30 10:50:00,24007.5,24011.8,23990.0,23995.0,2340
2026-04-30 10:55:00,23995.0,23996.0,23982.0,23985.7,3315
2026-04-30 11:00:00,23985.7,24016.5,23985.7,24002.0,1755
2026-04-30 11:05:00,24002.0,24022.2,24001.9,24014.2,2275
2026-04-30 11:10:00,24014.2,24015.1,23990.9,23995.0,3120
2026-04-30 11:15:00,23995.0,24010.3,23989.0,23990.0,2340
2026-04-30 11:20:00,23990.0,23997.9,23986.0,23988.1,3445
2026-04-30 11:25:00,23988.1,24025.0,23988.1,24025.0,2600
2026-04-30 11:30:00,24025.0,24031.3,24003.9,24016.5,13065
2026-04-30 11:35:00,24016.5,24038.9,24015.0,24024.1,3770
2026-04-30 11:40:00,24024.1,24029.0,24015.7,24027.0,1495
2026-04-30 11:45:00,24027.0,24034.6,24010.9,24034.6,1820
2026-04-30 11:50:00,24034.6,24035.0,24006.5,24010.3,1300
2026-04-30 11:55:00,24010.3,24020.3,24010.3,24015.0,1170
2026-04-30 12:00:00,24015.0,24038.9,24015.0,24034.4,3380
2026-04-30 12:05:00,24034.4,24061.0,24034.4,24054.2,5135
2026-04-30 12:10:00,24054.2,24085.0,24049.9,24083.9,5525
2026-04-30 12:15:00,24083.9,24096.0,24073.3,24075.8,5915
2026-04-30 12:20:00,24075.8,24100.0,24060.4,24098.8,7020
2026-04-30 12:25:00,24098.8,24115.0,24093.7,24105.0,7540
2026-04-30 12:30:00,24105.0,24109.0,24080.0,24092.6,3575
2026-04-30 12:35:00,24092.6,24099.9,24083.3,24090.5,910
2026-04-30 12:40:00,24095.0,24097.0,24086.3,24086.3,1300
2026-04-30 12:45:00,24086.3,24120.0,24086.3,24106.7,2340
2026-04-30 12:50:00,24106.7,24115.0,24101.7,24110.1,1625
2026-04-30 12:55:00,24110.1,24126.6,24108.5,24121.3,3315
2026-04-30 13:00:00,24121.3,24125.0,24104.5,24120.9,1950
2026-04-30 13:05:00,24120.9,24120.9,24097.0,24119.0,1170
2026-04-30 13:10:00,24120.0,24140.0,24112.3,24140.0,4485
2026-04-30 13:15:00,24140.0,24145.0,24117.1,24117.1,5135
2026-04-30 13:20:00,24117.1,24155.0,24117.1,24145.9,5460
2026-04-30 13:25:00,24145.9,24162.0,24140.9,24146.1,3705
2026-04-30 13:30:00,24146.1,24161.0,24146.0,24161.0,2535
2026-04-30 13:35:00,24161.0,24184.9,24161.0,24177.7,5330
2026-04-30 13:40:00,24177.7,24212.0,24167.3,24212.0,14170
2026-04-30 13:45:00,24212.0,24233.0,24210.8,24226.0,9100
2026-04-30 13:50:00,24226.0,24230.0,24191.3,24205.8,4290
2026-04-30 13:55:00,24205.8,24235.0,24205.8,24231.5,4030
2026-04-30 14:00:00,24231.5,24237.8,24215.7,24219.0,2145
2026-04-30 14:05:00,24219.0,24219.0,24194.0,24214.6,3835
2026-04-30 14:10:00,24214.6,24225.0,24197.0,24202.0,3055
2026-04-30 14:15:00,24202.0,24209.7,24175.0,24175.0,3315
2026-04-30 14:20:00,24175.0,24199.3,24170.0,24197.6,2405
2026-04-30 14:25:00,24197.6,24197.6,24161.6,24177.9,1495
2026-04-30 14:30:00,24177.9,24205.0,24177.9,24205.0,780
2026-04-30 14:35:00,24217.4,24236.9,24217.4,24236.9,5655
2026-04-30 14:40:00,24236.9,24259.9,24230.0,24258.5,9165
2026-04-30 14:45:00,24258.5,24258.6,24213.4,24225.0,2600
2026-04-30 14:50:00,24225.0,24225.0,24200.0,24200.7,2015
2026-04-30 14:55:00,24200.7,24230.0,24200.7,24230.0,1560
2026-04-30 15:00:00,24230.0,24230.0,24201.0,24219.8,3575
2026-04-30 15:05:00,24219.8,24219.8,24178.9,24180.4,6370
2026-04-30 15:10:00,24180.4,24200.0,24175.5,24200.0,6760
2026-04-30 15:15:00,24200.0,24226.0,24194.1,24216.0,7475
2026-04-30 15:20:00,24216.0,24219.9,24201.0,24215.4,6565
2026-04-30 15:25:00,24215.4,24251.9,24214.7,24244.4,10010
2026-05-04 09:15:00,24320.0,24450.0,24305.9,24384.0,27365
2026-05-04 09:20:00,24384.0,24420.0,24374.6,24379.3,22490
2026-05-04 09:25:00,24379.3,24420.0,24379.3,24418.0,13195
2026-05-04 09:30:00,24418.0,24430.0,24373.3,24419.0,8320
2026-05-04 09:35:00,24419.0,24458.9,24419.0,24453.0,13910
2026-05-04 09:40:00,24453.0,24477.7,24451.4,24466.3,11115
2026-05-04 09:45:00,24466.3,24475.1,24464.0,24464.0,9035
2026-05-04 09:50:00,24464.0,24464.0,24413.5,24420.0,7150
2026-05-04 09:55:00,24420.0,24441.9,24420.0,24434.1,4615
2026-05-04 10:00:00,24434.1,24450.9,24403.5,24412.7,5525
2026-05-04 10:05:00,24412.7,24437.9,24412.7,24413.0,2210
2026-05-04 10:10:00,24413.0,24417.9,24362.5,24362.5,6045
2026-05-04 10:15:00,24362.5,24379.9,24360.0,24368.7,6240
2026-05-04 10:20:00,24368.7,24369.6,24336.0,24345.0,8450
2026-05-04 10:25:00,24345.0,24393.0,24345.0,24392.9,3055
2026-05-04 10:30:00,24392.9,24417.7,24360.5,24375.4,9425
2026-05-04 10:35:00,24375.4,24414.5,24375.4,24407.0,8320
2026-05-04 10:40:00,24407.0,24413.6,24397.7,24411.4,6760
2026-05-04 10:45:00,24411.4,24439.9,24402.2,24437.4,6175
2026-05-04 10:50:00,24437.4,24437.4,24409.9,24414.9,2665
2026-05-04 10:55:00,24414.9,24414.9,24377.5,24380.4,5850
2026-05-04 11:00:00,24380.4,24397.9,24370.0,24397.9,2080
2026-05-04 11:05:00,24397.9,24404.9,24391.9,24404.5,845
2026-05-04 11:10:00,24404.5,24415.2,24395.9,24415.2,3250
2026-05-04 11:15:00,24415.2,24443.2,24415.2,24425.2,5850
2026-05-04 11:20:00,24425.2,24428.9,24417.2,24428.9,2600
2026-05-04 11:25:00,24428.9,24429.0,24424.3,24429.0,2795
2026-05-04 11:30:00,24429.0,24430.0,24419.4,24430.0,2990
2026-05-04 11:35:00,24430.0,24431.0,24420.9,24431.0,1430
2026-05-04 11:40:00,24431.0,24431.7,24413.7,24423.6,4615
2026-05-04 11:45:00,24423.6,24438.9,24415.0,24438.9,715
2026-05-04 11:50:00,24438.9,24438.9,24418.0,24418.0,1495
2026-05-04 11:55:00,24418.0,24420.7,24411.0,24411.0,1430
2026-05-04 12:00:00,24414.8,24421.9,24410.0,24410.0,1495
2026-05-04 12:05:00,24410.0,24410.4,24380.0,24385.0,5265
2026-05-04 12:10:00,24385.0,24385.0,24311.0,24311.0,13130
2026-05-04 12:15:00,24311.0,24350.6,24305.0,24350.6,11505
2026-05-04 12:20:00,24350.6,24357.0,24312.6,24333.7,4485
2026-05-04 12:25:00,24333.7,24333.7,24315.0,24324.5,1235
2026-05-04 12:30:00,24324.5,24327.6,24307.9,24307.9,13000
2026-05-04 12:35:00,24307.9,24318.9,24302.3,24313.2,6240
2026-05-04 12:40:00,24313.2,24329.8,24300.0,24300.1,2470
2026-05-04 12:45:00,24300.1,24316.3,24275.0,24283.1,8125
2026-05-04 12:50:00,24283.1,24309.9,24281.1,24309.6,5655
2026-05-04 12:55:00,24309.6,24309.6,24295.0,24295.6,2730
2026-05-04 13:00:00,24295.6,24296.1,24280.2,24289.0,2535
2026-05-04 13:05:00,24289.0,24299.9,24285.1,24299.9,1755
2026-05-04 13:10:00,24299.9,24314.7,24299.9,24300.1,3185
2026-05-04 13:15:00,24300.1,24300.1,24275.1,24297.2,3705
2026-05-04 13:20:00,24297.2,24297.2,24255.0,24265.2,4550
2026-05-04 13:25:00,24265.2,24282.9,24220.0,24220.0,7995
2026-05-04 13:30:00,24220.0,24229.9,24185.0,24210.0,11375
2026-05-04 13:35:00,24210.0,24221.0,24192.4,24221.0,4095
2026-05-04 13:40:00,24221.0,24279.9,24221.0,24279.0,5850
2026-05-04 13:45:00,24279.0,24284.9,24266.3,24279.9,2925
2026-05-04 13:50:00,24279.9,24300.0,24264.0,24264.0,3185
2026-05-04 13:55:00,24264.0,24277.0,24240.2,24271.6,1950
2026-05-04 14:00:00,24271.6,24271.6,24244.9,24256.1,2990
2026-05-04 14:05:00,24256.1,24263.4,24248.0,24253.4,650
2026-05-04 14:10:00,24253.4,24300.0,24253.4,24295.5,2470
2026-05-04 14:15:00,24295.5,24335.0,24288.9,24327.2,4290
2026-05-04 14:20:00,24327.2,24335.0,24311.3,24320.8,3965
2026-05-04 14:25:00,24320.8,24320.8,24300.0,24308.0,1755
2026-05-04 14:30:00,24308.0,24323.9,24293.9,24314.4,910
2026-05-04 14:35:00,24314.4,24314.4,24284.5,24288.8,1885
2026-05-04 14:40:00,24288.8,24304.8,24265.0,24293.3,2665
2026-05-04 14:45:00,24293.3,24293.3,24270.2,24270.2,1625
2026-05-04 14:50:00,24270.2,24299.9,24259.0,24299.9,5070
2026-05-04 14:55:00,24299.9,24315.9,24275.7,24284.6,1235
2026-05-04 15:00:00,24284.6,24301.2,24265.0,24291.1,3120
2026-05-04 15:05:00,24291.1,24315.0,24291.1,24311.0,1690
2026-05-04 15:10:00,24311.0,24326.9,24309.5,24312.9,7345
2026-05-04 15:15:00,24312.9,24328.0,24303.5,24310.9,7800
2026-05-04 15:20:00,24310.9,24320.0,24302.1,24302.1,3835
2026-05-04 15:25:00,24302.1,24326.8,24300.0,24300.0,12480
2026-05-05 09:15:00,24300.0,24300.0,24112.1,24224.2,28080
2026-05-05 09:20:00,24224.2,24224.5,24178.5,24205.7,8255
2026-05-05 09:25:00,24205.7,24205.7,24140.0,24152.7,7735
2026-05-05 09:30:00,24152.7,24200.0,24152.7,24198.0,3575
2026-05-05 09:35:00,24198.0,24215.0,24181.0,24181.5,2600
2026-05-05 09:40:00,24181.5,24192.0,24163.1,24180.0,8645
2026-05-05 09:45:00,24180.0,24200.0,24167.0,24200.0,1820
2026-05-05 09:50:00,24200.0,24215.0,24190.8,24208.0,1690
2026-05-05 09:55:00,24208.0,24215.0,24190.2,24190.2,4290
2026-05-05 10:00:00,24190.2,24215.0,24158.1,24167.0,10140
2026-05-05 10:05:00,24167.0,24177.5,24150.0,24166.0,1885
2026-05-05 10:10:00,24166.0,24172.5,24146.0,24150.0,3315
2026-05-05 10:15:00,24150.0,24150.0,24127.1,24146.4,6045
2026-05-05 10:20:00,24146.4,24159.0,24140.0,24153.2,6240
2026-05-05 10:25:00,24153.2,24153.2,24116.5,24119.6,5525
2026-05-05 10:30:00,24119.6,24129.9,24113.0,24113.0,5460
2026-05-05 10:35:00,24113.0,24115.5,24098.2,24105.0,10075
2026-05-05 10:40:00,24105.0,24110.9,24100.0,24105.0,2405
2026-05-05 10:45:00,24105.0,24116.7,24103.1,24109.0,2860
2026-05-05 10:50:00,24109.0,24111.2,24090.0,24092.3,6045
2026-05-05 10:55:00,24092.3,24095.0,24082.0,24086.4,6240
2026-05-05 11:00:00,24088.0,24111.9,24087.0,24111.0,4095
2026-05-05 11:05:00,24111.0,24111.9,24095.0,24100.7,1885
2026-05-05 11:10:00,24100.7,24107.9,24100.0,24104.9,1885
2026-05-05 11:15:00,24104.9,24125.2,24104.9,24106.8,7345
2026-05-05 11:20:00,24104.9,24107.6,24090.0,24095.0,6695
2026-05-05 11:25:00,24095.0,24099.9,24091.7,24096.8,1820
2026-05-05 11:30:00,24096.8,24118.9,24096.1,24116.2,1755
2026-05-05 11:35:00,24116.2,24124.9,24102.0,24102.0,2925
2026-05-05 11:40:00,24102.0,24104.3,24087.0,24087.0,3120
2026-05-05 11:45:00,24087.0,24087.0,24060.1,24062.8,6500
2026-05-05 11:50:00,24062.8,24076.9,24062.8,24064.6,3835
2026-05-05 11:55:00,24064.6,24064.6,24050.0,24052.0,11505
2026-05-05 12:00:00,24052.0,24079.9,24052.0,24064.5,9945
2026-05-05 12:05:00,24064.5,24092.0,24064.5,24090.8,5070
2026-05-05 12:10:00,24090.8,24119.0,24085.0,24112.6,4810
2026-05-05 12:15:00,24112.6,24118.6,24106.6,24112.4,4420
2026-05-05 12:20:00,24112.4,24148.0,24112.4,24133.7,7280
2026-05-05 12:25:00,24133.7,24138.0,24105.3,24111.2,5200
2026-05-05 12:30:00,24111.2,24123.2,24102.3,24120.0,4095
2026-05-05 12:35:00,24120.0,24129.0,24118.1,24122.0,2405
2026-05-05 12:40:00,24122.0,24135.5,24122.0,24125.0,910
2026-05-05 12:45:00,24125.0,24145.0,24123.1,24144.9,1755
2026-05-05 12:50:00,24144.9,24160.0,24143.8,24143.8,3185
2026-05-05 12:55:00,24143.8,24170.0,24141.5,24170.0,3445
2026-05-05 13:00:00,24170.0,24190.0,24170.0,24185.0,5980
2026-05-05 13:05:00,24185.0,24239.8,24185.0,24231.2,24375
2026-05-05 13:10:00,24231.2,24240.9,24216.2,24225.5,10725
2026-05-05 13:15:00,24225.5,24244.8,24201.1,24202.0,9490
2026-05-05 13:20:00,24202.0,24218.0,24200.0,24204.8,5330
2026-05-05 13:25:00,24204.8,24212.4,24186.3,24200.1,3640
2026-05-05 13:30:00,24200.1,24202.4,24181.9,24195.6,7345
2026-05-05 13:35:00,24195.6,24209.9,24185.5,24200.0,6435
2026-05-05 13:40:00,24200.0,24215.1,24200.0,24214.9,2925
2026-05-05 13:45:00,24214.9,24218.0,24212.0,24212.0,6045
2026-05-05 13:50:00,24212.0,24212.0,24183.9,24193.6,4745
2026-05-05 13:55:00,24193.6,24210.0,24193.6,24210.0,650
2026-05-05 14:00:00,24210.0,24210.0,24191.9,24191.9,1885
2026-05-05 14:05:00,24191.9,24200.0,24170.1,24170.1,2210
2026-05-05 14:10:00,24170.1,24197.0,24170.1,24196.7,910
2026-05-05 14:15:00,24196.7,24217.5,24180.5,24205.0,2080
2026-05-05 14:20:00,24205.0,24215.0,24199.1,24202.1,1365
2026-05-05 14:25:00,24202.1,24220.0,24199.0,24220.0,2470
2026-05-05 14:30:00,24220.0,24222.6,24183.8,24183.8,2275
2026-05-05 14:35:00,24183.8,24198.8,24183.8,24186.5,585
2026-05-05 14:40:00,24186.5,24215.0,24186.5,24200.0,4550
2026-05-05 14:45:00,24212.0,24213.7,24183.0,24185.0,1105
2026-05-05 14:50:00,24185.0,24192.0,24173.2,24182.0,2275
2026-05-05 14:55:00,24182.0,24193.0,24178.0,24178.0,3705
2026-05-05 15:00:00,24178.0,24190.0,24170.0,24185.0,1690
2026-05-05 15:05:00,24185.0,24195.0,24179.0,24195.0,1495
2026-05-05 15:10:00,24195.0,24210.0,24195.0,24210.0,6890
2026-05-05 15:15:00,24210.0,24223.4,24210.0,24218.7,6825
2026-05-05 15:20:00,24218.7,24224.0,24214.2,24215.0,10400
2026-05-05 15:25:00,24215.0,24235.0,24212.5,24230.0,9100
2026-05-06 09:15:00,24358.9,24425.0,24354.0,24355.0,28470
2026-05-06 09:20:00,24355.0,24380.0,24338.2,24355.9,11310
2026-05-06 09:25:00,24355.9,24378.3,24335.6,24342.5,6890
2026-05-06 09:30:00,24342.5,24359.8,24330.9,24331.4,7475
2026-05-06 09:35:00,24331.4,24347.4,24316.5,24321.3,5655
2026-05-06 09:40:00,24321.3,24329.7,24304.4,24308.2,6825
2026-05-06 09:45:00,24308.2,24320.8,24308.2,24315.0,3185
2026-05-06 09:50:00,24315.0,24330.0,24300.0,24328.7,7735
2026-05-06 09:55:00,24328.7,24345.0,24321.9,24322.0,5785
2026-05-06 10:00:00,24322.0,24322.0,24285.0,24286.7,6240
2026-05-06 10:05:00,24286.7,24289.0,24268.5,24275.8,10205
2026-05-06 10:10:00,24275.8,24319.9,24274.6,24319.9,7215
2026-05-06 10:15:00,24319.9,24320.0,24300.0,24314.9,7540
2026-05-06 10:20:00,24314.9,24333.0,24314.0,24329.0,5590
2026-05-06 10:25:00,24329.0,24329.0,24306.0,24306.0,1105
2026-05-06 10:30:00,24306.0,24324.8,24296.2,24296.2,1365
2026-05-06 10:35:00,24296.2,24309.4,24285.3,24294.1,1365
2026-05-06 10:40:00,24294.1,24329.0,24294.1,24329.0,1755
2026-05-06 10:45:00,24329.0,24329.0,24305.3,24313.3,1885
2026-05-06 10:50:00,24313.3,24313.3,24271.3,24273.0,2730
2026-05-06 10:55:00,24273.0,24282.0,24270.0,24273.6,2015
2026-05-06 11:00:00,24273.6,24280.4,24250.0,24252.0,3900
2026-05-06 11:05:00,24252.0,24277.0,24250.0,24277.0,4485
2026-05-06 11:10:00,24277.0,24277.0,24252.0,24263.8,1885
2026-05-06 11:15:00,24263.8,24279.9,24261.0,24262.0,1885
2026-05-06 11:20:00,24262.0,24277.5,24255.3,24255.3,1690
2026-05-06 11:25:00,24255.3,24285.0,24255.3,24284.7,1300
2026-05-06 11:30:00,24284.7,24294.9,24284.7,24289.4,1235
2026-05-06 11:35:00,24289.4,24289.4,24235.0,24245.3,4225
2026-05-06 11:40:00,24245.3,24274.2,24245.3,24274.2,1235
2026-05-06 11:45:00,24274.2,24284.8,24274.1,24277.2,2860
2026-05-06 11:50:00,24277.2,24285.0,24270.5,24285.0,975
2026-05-06 11:55:00,24285.0,24291.8,24284.3,24289.9,845
2026-05-06 12:00:00,24289.9,24289.9,24265.0,24265.0,975
2026-05-06 12:05:00,24265.0,24265.0,24255.0,24260.0,1170
2026-05-06 12:10:00,24260.0,24267.9,24244.0,24247.0,1820
2026-05-06 12:15:00,24245.0,24247.0,24238.9,24241.9,3185
2026-05-06 12:20:00,24241.9,24241.9,24200.0,24200.1,7150
2026-05-06 12:25:00,24200.1,24224.9,24200.0,24219.8,6435
2026-05-06 12:30:00,24219.8,24224.9,24208.1,24222.0,3055
2026-05-06 12:35:00,24222.0,24222.0,24202.8,24203.0,2080
2026-05-06 12:40:00,24203.0,24207.0,24182.1,24186.8,4030
2026-05-06 12:45:00,24181.1,24190.5,24170.0,24190.5,3965
2026-05-06 12:50:00,24190.5,24191.9,24170.0,24173.6,4485
2026-05-06 12:55:00,24173.6,24194.0,24173.4,24193.0,4355
2026-05-06 13:00:00,24193.0,24193.3,24170.1,24170.1,4420
2026-05-06 13:05:00,24170.1,24207.3,24170.1,24205.0,6110
2026-05-06 13:10:00,24205.0,24214.9,24205.0,24214.0,4940
2026-05-06 13:15:00,24214.0,24243.4,24198.7,24239.9,7280
2026-05-06 13:20:00,24239.9,24260.0,24238.2,24246.0,7280
2026-05-06 13:25:00,24246.0,24264.9,24246.0,24255.0,3120
2026-05-06 13:30:00,24255.0,24279.0,24255.0,24278.8,6955
2026-05-06 13:35:00,24278.8,24295.2,24269.5,24295.0,6110
2026-05-06 13:40:00,24295.0,24297.9,24287.0,24287.0,9620
2026-05-06 13:45:00,24287.0,24294.7,24287.0,24287.0,3510
2026-05-06 13:50:00,24287.0,24297.6,24287.0,24294.9,5850
2026-05-06 13:55:00,24294.9,24304.9,24293.0,24293.7,6500
2026-05-06 14:00:00,24293.7,24307.9,24280.3,24300.0,3250
2026-05-06 14:05:00,24300.0,24304.7,24284.2,24293.5,13455
2026-05-06 14:10:00,24293.5,24324.8,24289.7,24324.8,7735
2026-05-06 14:15:00,24324.8,24344.9,24324.8,24334.0,16510
2026-05-06 14:20:00,24334.0,24480.0,24334.0,24467.8,72930
2026-05-06 14:25:00,24467.8,24544.2,24467.8,24520.4,40625
2026-05-06 14:30:00,24520.4,24550.0,24478.4,24508.8,28275
2026-05-06 14:35:00,24508.8,24509.9,24481.5,24503.0,19500
2026-05-06 14:40:00,24503.0,24537.7,24503.0,24530.0,15665
2026-05-06 14:45:00,24530.0,24559.9,24524.9,24555.0,16055
2026-05-06 14:50:00,24555.0,24560.0,24531.5,24537.0,8710
2026-05-06 14:55:00,24537.0,24560.0,24530.0,24558.0,8515
2026-05-06 15:00:00,24558.0,24560.0,24521.9,24554.0,8580
2026-05-06 15:05:00,24554.0,24555.0,24525.0,24528.0,14885
2026-05-06 15:10:00,24528.0,24547.7,24528.0,24533.0,5980
2026-05-06 15:15:00,24533.0,24550.0,24530.9,24549.0,7735
2026-05-06 15:20:00,24549.0,24549.0,24530.0,24545.0,6630
2026-05-06 15:25:00,24545.0,24566.3,24540.0,24562.9,20605
2026-05-07 09:15:00,24550.1,24579.2,24464.4,24474.9,23270
2026-05-07 09:20:00,24474.9,24493.4,24450.0,24482.4,14755
2026-05-07 09:25:00,24490.2,24504.2,24457.9,24488.1,7020
2026-05-07 09:30:00,24488.1,24516.2,24470.0,24512.7,6955
2026-05-07 09:35:00,24512.7,24520.0,24501.0,24513.3,4810
2026-05-07 09:40:00,24513.3,24551.2,24504.0,24548.0,7735
2026-05-07 09:45:00,24548.0,24550.0,24504.0,24504.0,4875
2026-05-07 09:50:00,24504.0,24514.6,24475.0,24485.3,6500
2026-05-07 09:55:00,24485.3,24502.6,24475.0,24496.1,6565
2026-05-07 10:00:00,24496.1,24520.0,24482.0,24519.9,2145
2026-05-07 10:05:00,24519.9,24519.9,24465.0,24475.0,8190
2026-05-07 10:10:00,24475.0,24486.1,24460.0,24476.9,3640
2026-05-07 10:15:00,24476.9,24497.4,24472.7,24495.3,2925
2026-05-07 10:20:00,24495.3,24499.0,24484.6,24492.0,2015
2026-05-07 10:25:00,24492.0,24514.6,24492.0,24513.3,1625
2026-05-07 10:30:00,24513.3,24518.0,24507.5,24507.9,910
2026-05-07 10:35:00,24507.9,24508.0,24500.0,24508.0,715
2026-05-07 10:40:00,24508.0,24518.0,24508.0,24518.0,520
2026-05-07 10:45:00,24518.0,24519.0,24503.9,24514.9,3315
2026-05-07 10:50:00,24514.9,24514.9,24480.0,24480.1,1820
2026-05-07 10:55:00,24480.1,24499.0,24480.1,24485.0,1300
2026-05-07 11:00:00,24485.0,24493.8,24475.9,24488.4,1625
2026-05-07 11:05:00,24488.4,24488.4,24462.0,24472.6,6565
2026-05-07 11:10:00,24472.6,24472.6,24460.0,24460.0,3510
2026-05-07 11:15:00,24460.0,24481.1,24460.0,24463.5,2080
2026-05-07 11:20:00,24463.5,24463.5,24438.0,24447.3,8255
2026-05-07 11:25:00,24447.3,24456.2,24438.0,24456.2,2275
2026-05-07 11:30:00,24456.2,24492.0,24450.8,24471.0,3055
2026-05-07 11:35:00,24470.0,24470.0,24450.7,24454.5,5265
2026-05-07 11:40:00,24454.5,24455.6,24434.8,24434.8,4160
2026-05-07 11:45:00,24434.8,24450.0,24425.0,24450.0,2990
2026-05-07 11:50:00,24450.0,24474.0,24450.0,24452.8,3965
2026-05-07 11:55:00,24452.8,24490.0,24452.8,24476.0,2860
2026-05-07 12:00:00,24477.4,24510.5,24474.5,24504.5,3835
2026-05-07 12:05:00,24504.5,24509.0,24495.3,24505.0,3445
2026-05-07 12:10:00,24505.0,24515.0,24502.0,24506.6,1690
2026-05-07 12:15:00,24506.6,24527.0,24506.6,24520.0,3770
2026-05-07 12:20:00,24520.0,24527.0,24510.0,24527.0,3965
2026-05-07 12:25:00,24527.0,24527.0,24500.0,24500.0,3705
2026-05-07 12:30:00,24500.0,24500.0,24478.0,24481.4,1950
2026-05-07 12:35:00,24483.1,24592.0,24483.1,24585.5,15015
2026-05-07 12:40:00,24585.5,24630.0,24585.5,24607.9,24960
2026-05-07 12:45:00,24607.9,24623.4,24575.3,24584.4,13130
2026-05-07 12:50:00,24584.4,24585.0,24532.6,24550.8,5590
2026-05-07 12:55:00,24550.8,24557.5,24517.5,24533.9,7410
2026-05-07 13:00:00,24533.9,24557.6,24533.9,24552.0,3705
2026-05-07 13:05:00,24552.0,24566.6,24545.0,24545.0,2535
2026-05-07 13:10:00,24545.0,24547.9,24530.0,24534.6,2665
2026-05-07 13:15:00,24534.6,24542.1,24470.0,24501.0,8125
2026-05-07 13:20:00,24501.0,24514.6,24490.6,24490.6,2925
2026-05-07 13:25:00,24490.6,24505.3,24486.5,24502.5,3835
2026-05-07 13:30:00,24502.5,24504.0,24486.5,24498.4,2210
2026-05-07 13:35:00,24498.4,24506.5,24487.0,24487.0,1755
2026-05-07 13:40:00,24487.0,24504.4,24486.7,24503.8,975
2026-05-07 13:45:00,24503.8,24503.8,24483.9,24497.8,650
2026-05-07 13:50:00,24497.8,24500.0,24497.8,24500.0,650
2026-05-07 13:55:00,24502.0,24513.8,24500.0,24513.8,2535
2026-05-07 14:00:00,24513.8,24514.9,24492.5,24494.2,1625
2026-05-07 14:05:00,24494.2,24512.9,24480.0,24512.9,1560
2026-05-07 14:10:00,24512.9,24517.9,24501.0,24516.0,975
2026-05-07 14:15:00,24516.0,24516.0,24490.0,24490.0,975
2026-05-07 14:20:00,24490.0,24513.7,24480.0,24513.7,1690
2026-05-07 14:25:00,24513.7,24521.8,24513.7,24521.8,520
2026-05-07 14:30:00,24521.8,24521.8,24510.3,24510.3,1560
2026-05-07 14:35:00,24510.3,24515.8,24500.0,24500.0,910
2026-05-07 14:40:00,24500.0,24502.0,24483.0,24483.0,1820
2026-05-07 14:45:00,24483.0,24493.8,24472.0,24481.4,3835
2026-05-07 14:50:00,24481.4,24494.8,24475.0,24485.0,2470
2026-05-07 14:55:00,24485.0,24505.9,24483.6,24500.0,1365
2026-05-07 15:00:00,24500.0,24506.0,24479.9,24485.0,9295
2026-05-07 15:05:00,24485.0,24501.4,24468.9,24470.0,7800
2026-05-07 15:10:00,24470.0,24483.5,24451.0,24478.8,12025
2026-05-07 15:15:00,24478.8,24511.9,24478.7,24509.6,12935
2026-05-07 15:20:00,24509.6,24511.4,24497.3,24497.5,8190
2026-05-07 15:25:00,24497.5,24507.0,24495.0,24501.6,6045
2026-05-08 09:15:00,24411.1,24411.1,24315.0,24360.0,35165
2026-05-08 09:20:00,24360.0,24389.9,24350.0,24363.5,9230
2026-05-08 09:25:00,24363.5,24389.0,24360.0,24389.0,5395
2026-05-08 09:30:00,24389.0,24390.0,24340.0,24349.0,8515
2026-05-08 09:35:00,24350.0,24356.9,24341.0,24350.1,4095
2026-05-08 09:40:00,24350.1,24350.1,24320.1,24320.1,9815
2026-05-08 09:45:00,24320.1,24330.1,24297.3,24323.3,20605
2026-05-08 09:50:00,24323.3,24341.9,24315.0,24341.9,2340
2026-05-08 09:55:00,24341.9,24350.0,24335.0,24341.6,3380
2026-05-08 10:00:00,24341.6,24350.0,24330.0,24340.7,3185
2026-05-08 10:05:00,24340.7,24343.5,24332.0,24342.1,1040
2026-05-08 10:10:00,24342.1,24363.6,24320.0,24363.5,5265
2026-05-08 10:15:00,24363.5,24363.5,24331.8,24353.3,1690
2026-05-08 10:20:00,24353.3,24379.2,24350.0,24378.1,9425
2026-05-08 10:25:00,24378.1,24390.0,24368.8,24382.0,6760
2026-05-08 10:30:00,24382.0,24389.0,24372.0,24381.0,2015
2026-05-08 10:35:00,24381.0,24381.0,24370.0,24379.0,1560
2026-05-08 10:40:00,24379.0,24389.0,24375.2,24380.0,2210
2026-05-08 10:45:00,24380.0,24390.0,24370.0,24370.0,1105
2026-05-08 10:50:00,24370.0,24370.0,24361.5,24361.5,1820
2026-05-08 10:55:00,24361.5,24361.5,24350.0,24351.0,780
2026-05-08 11:00:00,24351.0,24375.7,24350.0,24375.7,1105
2026-05-08 11:05:00,24370.0,24380.0,24370.0,24374.6,715
2026-05-08 11:10:00,24374.6,24387.0,24363.5,24383.1,1950
2026-05-08 11:15:00,24383.1,24388.3,24365.0,24365.0,1365
2026-05-08 11:20:00,24365.0,24365.0,24338.1,24339.9,1625
2026-05-08 11:25:00,24339.9,24350.2,24339.9,24340.0,650
2026-05-08 11:30:00,24340.0,24355.0,24330.0,24349.2,2470
2026-05-08 11:35:00,24349.2,24361.2,24345.7,24350.1,2145
2026-05-08 11:40:00,24350.1,24362.8,24349.0,24352.5,1105
2026-05-08 11:45:00,24352.5,24352.5,24349.0,24350.2,975
2026-05-08 11:50:00,24350.2,24350.2,24340.4,24340.4,650
2026-05-08 11:55:00,24340.4,24355.2,24340.4,24355.2,1625
2026-05-08 12:00:00,24355.2,24356.7,24331.9,24355.5,1560
2026-05-08 12:05:00,24355.5,24355.5,24332.9,24332.9,325
2026-05-08 12:10:00,24332.9,24341.6,24326.9,24330.0,2340
2026-05-08 12:15:00,24330.0,24336.4,24325.0,24332.0,2340
2026-05-08 12:20:00,24332.0,24339.8,24326.8,24333.2,2210
2026-05-08 12:25:00,24333.2,24344.3,24332.5,24344.3,455
2026-05-08 12:30:00,24344.3,24344.3,24320.0,24320.9,1950
2026-05-08 12:35:00,24320.9,24326.4,24317.0,24317.0,1885
2026-05-08 12:40:00,24317.0,24320.0,24310.0,24310.0,2145
2026-05-08 12:45:00,24310.0,24310.0,24300.0,24309.9,4095
2026-05-08 12:50:00,24309.9,24317.8,24305.0,24311.9,1755
2026-05-08 12:55:00,24311.9,24319.2,24307.0,24310.0,1300
2026-05-08 13:00:00,24310.0,24310.0,24304.7,24308.1,1300
2026-05-08 13:05:00,24308.1,24310.0,24300.2,24310.0,3120
2026-05-08 13:10:00,24310.0,24321.5,24305.5,24319.5,1625
2026-05-08 13:15:00,24319.5,24319.5,24303.5,24305.0,1690
2026-05-08 13:20:00,24305.0,24315.9,24303.0,24313.5,975
2026-05-08 13:25:00,24313.5,24347.9,24313.5,24347.9,4225
2026-05-08 13:30:00,24348.0,24354.2,24331.0,24335.1,2535
2026-05-08 13:35:00,24335.1,24335.9,24315.2,24316.6,4290
2026-05-08 13:40:00,24316.6,24327.9,24316.6,24321.0,325
2026-05-08 13:45:00,24321.0,24327.0,24321.0,24325.0,455
2026-05-08 13:50:00,24325.0,24325.0,24305.0,24315.0,1495
2026-05-08 13:55:00,24315.0,24328.8,24280.0,24287.6,10855
2026-05-08 14:00:00,24287.6,24301.3,24273.0,24293.2,6565
2026-05-08 14:05:00,24293.2,24323.9,24283.8,24323.9,1625
2026-05-08 14:10:00,24323.9,24323.9,24296.0,24296.0,2535
2026-05-08 14:15:00,24296.0,24310.0,24292.0,24300.0,1170
2026-05-08 14:20:00,24300.0,24307.2,24284.9,24301.2,3380
2026-05-08 14:25:00,24301.2,24315.3,24292.0,24305.1,2275
2026-05-08 14:30:00,24305.1,24354.9,24305.1,24335.8,9100
2026-05-08 14:35:00,24335.8,24369.9,24335.8,24369.0,7540
2026-05-08 14:40:00,24369.0,24385.0,24369.0,24374.6,6045
2026-05-08 14:45:00,24374.6,24390.0,24365.2,24373.0,4290
2026-05-08 14:50:00,24373.0,24389.0,24369.6,24380.0,2600
2026-05-08 14:55:00,24380.0,24385.5,24357.3,24365.0,2860
2026-05-08 15:00:00,24365.0,24365.0,24328.0,24335.0,4290
2026-05-08 15:05:00,24335.0,24349.9,24332.0,24339.6,6435
2026-05-08 15:10:00,24339.6,24343.9,24330.0,24343.9,8125
2026-05-08 15:15:00,24343.9,24363.8,24334.7,24336.0,6305
2026-05-08 15:20:00,24336.0,24344.9,24328.4,24338.8,7280
2026-05-08 15:25:00,24338.8,24343.9,24335.0,24343.0,6175
2026-05-11 09:15:00,24200.0,24200.0,24056.0,24070.0,74360
2026-05-11 09:20:00,24070.0,24085.4,24045.0,24080.0,26910
2026-05-11 09:25:00,24080.0,24090.0,24056.0,24090.0,16835
2026-05-11 09:30:00,24090.0,24098.0,24055.0,24062.6,8580
2026-05-11 09:35:00,24062.6,24065.4,24020.0,24024.9,17875
2026-05-11 09:40:00,24024.9,24037.5,24010.0,24014.7,15015
2026-05-11 09:45:00,24014.7,24034.9,24010.5,24027.0,14625
2026-05-11 09:50:00,24027.0,24035.5,24017.5,24035.5,5135
2026-05-11 09:55:00,24035.5,24035.5,24010.0,24020.6,10400
2026-05-11 10:00:00,24020.6,24034.7,24015.0,24034.4,3770
2026-05-11 10:05:00,24034.4,24040.6,24032.9,24040.0,6500
2026-05-11 10:10:00,24040.0,24040.0,24025.0,24033.0,4030
2026-05-11 10:15:00,24033.0,24033.0,23988.0,23990.9,26780
2026-05-11 10:20:00,23990.9,24019.7,23986.9,24019.7,10075
2026-05-11 10:25:00,24019.7,24024.9,24007.6,24012.1,5720
2026-05-11 10:30:00,24012.1,24019.8,24000.3,24019.8,6175
2026-05-11 10:35:00,24019.8,24019.8,23996.0,24005.0,8580
2026-05-11 10:40:00,24005.0,24015.5,23995.9,23999.9,20995
2026-05-11 10:45:00,23999.9,24012.5,23986.3,24000.0,18070
2026-05-11 10:50:00,24000.0,24025.0,24000.0,24025.0,2275
2026-05-11 10:55:00,24025.0,24038.0,24023.0,24031.8,4680
2026-05-11 11:00:00,24031.8,24034.9,24025.0,24032.4,4485
2026-05-11 11:05:00,24032.4,24050.0,24032.0,24047.0,5915
2026-05-11 11:10:00,24047.0,24063.8,24043.6,24050.3,3965
2026-05-11 11:15:00,24050.3,24061.9,24050.3,24058.0,1560
2026-05-11 11:20:00,24058.0,24080.0,24058.0,24070.0,24180
2026-05-11 11:25:00,24067.0,24074.0,24057.3,24069.0,2600
2026-05-11 11:30:00,24069.0,24069.0,24051.3,24060.0,1430
2026-05-11 11:35:00,24060.0,24069.0,24060.0,24069.0,1885
2026-05-11 11:40:00,24069.0,24087.9,24069.0,24083.0,4745
2026-05-11 11:45:00,24083.0,24088.9,24052.0,24055.0,3315
2026-05-11 11:50:00,24055.0,24080.0,24055.0,24079.9,2405
2026-05-11 11:55:00,24079.9,24079.9,24056.7,24065.0,1495
2026-05-11 12:00:00,24065.0,24079.1,24059.9,24061.7,1040
2026-05-11 12:05:00,24061.7,24079.6,24056.2,24079.6,1170
2026-05-11 12:10:00,24079.6,24080.0,24067.4,24072.0,1170
2026-05-11 12:15:00,24072.0,24075.0,24062.3,24070.0,975
2026-05-11 12:20:00,24070.0,24080.0,24070.0,24080.0,1820
2026-05-11 12:25:00,24080.0,24080.0,24067.0,24070.9,1365
2026-05-11 12:30:00,24070.9,24070.9,24050.0,24069.9,1885
2026-05-11 12:35:00,24069.9,24075.0,24034.3,24056.9,3250
2026-05-11 12:40:00,24056.9,24095.0,24056.9,24095.0,4030
2026-05-11 12:45:00,24095.0,24095.0,24072.1,24077.2,1365
2026-05-11 12:50:00,24077.2,24090.0,24075.1,24080.0,1040
2026-05-11 12:55:00,24080.0,24088.6,24080.0,24083.0,520
2026-05-11 13:00:00,24083.0,24083.3,24059.6,24063.0,2210
2026-05-11 13:05:00,24063.0,24075.0,24040.0,24075.0,845
2026-05-11 13:10:00,24075.0,24088.0,24067.3,24088.0,1560
2026-05-11 13:15:00,24088.0,24090.0,24074.3,24075.0,1755
2026-05-11 13:20:00,24075.0,24088.9,24074.0,24079.3,650
2026-05-11 13:25:00,24079.3,24088.9,24074.9,24074.9,1170
2026-05-11 13:30:00,24074.9,24092.0,24074.9,24089.4,780
2026-05-11 13:35:00,24089.4,24123.0,24082.3,24090.0,12805
2026-05-11 13:40:00,24090.0,24110.0,24081.9,24102.0,1625
2026-05-11 13:45:00,24102.0,24130.0,24102.0,24111.3,4485
2026-05-11 13:50:00,24111.3,24139.3,24107.8,24139.3,4810
2026-05-11 13:55:00,24139.3,24140.0,24096.1,24108.4,3445
2026-05-11 14:00:00,24108.4,24110.0,24100.0,24110.0,780
2026-05-11 14:05:00,24110.0,24112.3,24092.8,24093.2,1300
2026-05-11 14:10:00,24093.2,24105.5,24080.0,24080.0,1430
2026-05-11 14:15:00,24080.0,24094.6,24070.0,24079.5,2535
2026-05-11 14:20:00,24079.5,24090.9,24069.6,24069.6,2015
2026-05-11 14:25:00,24069.6,24072.3,24053.4,24071.0,1365
2026-05-11 14:30:00,24071.0,24080.6,24060.0,24080.6,5850
2026-05-11 14:35:00,24080.6,24089.8,24055.9,24059.0,9360
2026-05-11 14:40:00,24059.0,24060.0,24040.0,24049.6,2470
2026-05-11 14:45:00,24049.6,24055.0,24017.0,24023.3,7735
2026-05-11 14:50:00,24023.3,24044.9,24020.0,24028.0,3835
2026-05-11 14:55:00,24028.0,24033.1,24015.0,24015.0,8125
2026-05-11 15:00:00,24015.0,24015.5,23975.0,23982.6,22815
2026-05-11 15:05:00,23982.6,23984.9,23963.0,23970.1,20345
2026-05-11 15:10:00,23970.2,23984.9,23961.9,23965.5,21580
2026-05-11 15:15:00,23965.5,23980.6,23965.5,23968.3,14625
2026-05-11 15:20:00,23967.9,23973.9,23965.0,23966.5,16250
2026-05-11 15:25:00,23972.4,23975.0,23959.0,23959.0,15730
2026-05-12 09:15:00,23925.4,23925.6,23820.3,23860.0,38025
2026-05-12 09:20:00,23860.0,23860.0,23814.5,23814.5,18655
2026-05-12 09:25:00,23814.5,23814.5,23775.0,23777.6,26910
2026-05-12 09:30:00,23777.6,23788.4,23765.0,23770.0,22165
2026-05-12 09:35:00,23770.0,23795.0,23770.0,23770.0,14690
2026-05-12 09:40:00,23770.0,23793.0,23770.0,23789.9,10010
2026-05-12 09:45:00,23789.9,23789.9,23775.0,23779.7,8060
2026-05-12 09:50:00,23779.7,23789.3,23774.7,23783.3,7865
2026-05-12 09:55:00,23780.9,23789.4,23771.0,23771.0,7800
2026-05-12 10:00:00,23771.0,23773.9,23761.0,23770.0,6045
2026-05-12 10:05:00,23770.0,23785.9,23747.3,23782.6,22360
2026-05-12 10:10:00,23782.6,23786.0,23771.0,23786.0,2665
2026-05-12 10:15:00,23786.0,23813.4,23782.9,23805.0,8060
2026-05-12 10:20:00,23805.0,23805.0,23770.0,23770.0,3835
2026-05-12 10:25:00,23770.0,23770.0,23750.0,23750.9,6435
2026-05-12 10:30:00,23750.9,23751.0,23745.0,23749.8,6370
2026-05-12 10:35:00,23749.8,23764.2,23740.0,23749.7,5915
2026-05-12 10:40:00,23749.7,23774.2,23742.0,23763.0,6955
2026-05-12 10:45:00,23763.0,23769.7,23740.0,23740.0,4095
2026-05-12 10:50:00,23740.0,23748.6,23738.0,23740.9,2080
2026-05-12 10:55:00,23740.9,23765.7,23740.8,23759.3,3965
2026-05-12 11:00:00,23759.3,23759.3,23731.0,23733.0,7605
2026-05-12 11:05:00,23733.0,23740.2,23725.3,23730.0,5655
2026-05-12 11:10:00,23730.0,23738.9,23725.0,23726.8,5850
2026-05-12 11:15:00,23726.8,23753.2,23725.0,23743.0,4095
2026-05-12 11:20:00,23743.0,23756.0,23735.0,23735.0,3510
2026-05-12 11:25:00,23735.0,23739.9,23731.0,23731.0,2470
2026-05-12 11:30:00,23731.0,23739.8,23721.0,23734.0,6045
2026-05-12 11:35:00,23734.0,23743.2,23721.9,23743.2,3705
2026-05-12 11:40:00,23743.2,23745.0,23730.4,23740.0,3055
2026-05-12 11:45:00,23740.0,23743.5,23725.1,23736.6,3120
2026-05-12 11:50:00,23736.6,23745.0,23725.0,23740.0,1690
2026-05-12 11:55:00,23740.0,23758.4,23730.0,23730.0,15925
2026-05-12 12:00:00,23730.0,23746.9,23719.6,23725.9,29185
2026-05-12 12:05:00,23725.9,23731.5,23700.0,23700.0,9880
2026-05-12 12:10:00,23700.0,23714.5,23690.0,23694.5,15080
2026-05-12 12:15:00,23694.5,23722.1,23693.4,23705.0,3575
2026-05-12 12:20:00,23705.0,23709.5,23700.0,23709.5,5070
2026-05-12 12:25:00,23709.5,23709.5,23695.0,23695.0,3315
2026-05-12 12:30:00,23695.0,23698.7,23655.9,23665.0,13585
2026-05-12 12:35:00,23665.0,23665.2,23650.0,23657.7,13975
2026-05-12 12:40:00,23657.7,23673.9,23653.3,23669.0,9100
2026-05-12 12:45:00,23669.0,23678.0,23653.6,23662.9,13065
2026-05-12 12:50:00,23662.9,23675.0,23659.0,23659.0,5395
2026-05-12 12:55:00,23659.0,23674.6,23655.0,23660.6,8320
2026-05-12 13:00:00,23660.6,23678.0,23660.0,23672.3,5005
2026-05-12 13:05:00,23672.3,23674.9,23655.0,23655.0,6760
2026-05-12 13:10:00,23655.0,23674.7,23652.3,23674.7,8385
2026-05-12 13:15:00,23674.7,23700.0,23674.7,23684.1,8840
2026-05-12 13:20:00,23684.1,23691.8,23670.0,23670.0,3185
2026-05-12 13:25:00,23670.0,23687.7,23669.0,23679.4,8840
2026-05-12 13:30:00,23679.4,23697.6,23670.0,23670.0,3900
2026-05-12 13:35:00,23670.0,23675.9,23651.2,23655.0,9230
2026-05-12 13:40:00,23655.0,23665.6,23641.8,23646.1,11375
2026-05-12 13:45:00,23646.1,23659.6,23640.0,23651.4,7865
2026-05-12 13:50:00,23651.4,23667.0,23645.0,23646.1,4615
2026-05-12 13:55:00,23646.1,23648.1,23635.0,23636.0,8970
2026-05-12 14:00:00,23635.0,23639.8,23615.6,23620.9,16380
2026-05-12 14:05:00,23620.9,23620.9,23600.0,23601.1,19955
2026-05-12 14:10:00,23601.1,23604.9,23588.8,23595.3,22035
2026-05-12 14:15:00,23595.3,23611.2,23589.0,23593.6,17160
2026-05-12 14:20:00,23593.6,23630.0,23591.4,23624.0,15405
2026-05-12 14:25:00,23624.0,23624.0,23599.0,23601.7,5850
2026-05-12 14:30:00,23601.7,23610.7,23580.0,23580.0,8190
2026-05-12 14:35:00,23580.0,23606.4,23570.0,23606.2,11115
2026-05-12 14:40:00,23606.2,23606.2,23594.4,23600.0,4745
2026-05-12 14:45:00,23600.0,23612.4,23600.0,23600.1,20410
2026-05-12 14:50:00,23600.1,23600.1,23560.4,23565.3,12480
2026-05-12 14:55:00,23565.3,23565.3,23545.0,23554.3,14820
2026-05-12 15:00:00,23552.4,23554.2,23503.6,23529.0,23985
2026-05-12 15:05:00,23529.0,23535.5,23501.0,23508.0,29510
2026-05-12 15:10:00,23508.0,23519.9,23500.0,23503.9,30030
2026-05-12 15:15:00,23505.5,23546.6,23505.2,23541.0,34385
2026-05-12 15:20:00,23541.0,23541.0,23525.1,23535.6,21060
2026-05-12 15:25:00,23535.6,23581.0,23530.6,23570.0,31590
2026-05-13 09:15:00,23528.0,23629.0,23528.0,23551.0,41990
2026-05-13 09:20:00,23550.0,23580.0,23515.2,23579.5,16510
2026-05-13 09:25:00,23579.5,23579.5,23515.0,23515.0,11570
2026-05-13 09:30:00,23515.0,23535.0,23490.0,23490.0,21450
2026-05-13 09:35:00,23490.0,23490.0,23406.8,23420.0,25545
2026-05-13 09:40:00,23420.0,23469.6,23410.0,23461.0,15145
2026-05-13 09:45:00,23461.0,23475.0,23429.2,23450.0,13585
2026-05-13 09:50:00,23450.0,23520.0,23445.0,23517.4,11830
2026-05-13 09:55:00,23517.4,23530.0,23490.0,23515.0,20735
2026-05-13 10:00:00,23520.4,23539.5,23494.9,23528.0,20735
2026-05-13 10:05:00,23528.0,23574.0,23528.0,23552.0,12675
2026-05-13 10:10:00,23552.0,23559.6,23523.0,23541.1,10985
2026-05-13 10:15:00,23541.1,23580.0,23541.1,23568.2,5590
2026-05-13 10:20:00,23568.2,23600.0,23568.2,23598.0,27690
2026-05-13 10:25:00,23598.0,23617.0,23590.3,23600.0,12480
2026-05-13 10:30:00,23600.0,23624.8,23588.0,23624.8,8125
2026-05-13 10:35:00,23624.8,23624.8,23569.1,23570.9,5005
2026-05-13 10:40:00,23570.9,23609.0,23570.9,23609.0,3835
2026-05-13 10:45:00,23609.0,23615.0,23590.0,23590.0,4485
2026-05-13 10:50:00,23590.0,23602.9,23575.2,23578.6,6435
2026-05-13 10:55:00,23578.6,23580.5,23515.0,23515.0,11895
2026-05-13 11:00:00,23520.2,23550.0,23511.0,23548.5,6305
2026-05-13 11:05:00,23548.5,23548.5,23525.9,23540.0,1755
2026-05-13 11:10:00,23540.0,23552.2,23521.4,23535.0,4810
2026-05-13 11:15:00,23535.0,23566.1,23535.0,23556.2,6695
2026-05-13 11:20:00,23556.2,23561.9,23535.0,23550.0,9945
2026-05-13 11:25:00,23550.0,23568.2,23535.3,23545.0,10985
2026-05-13 11:30:00,23545.0,23560.0,23540.3,23550.0,3575
2026-05-13 11:35:00,23550.0,23618.0,23547.7,23603.5,11570
2026-05-13 11:40:00,23603.5,23640.0,23603.5,23636.0,18005
2026-05-13 11:45:00,23636.0,23650.0,23626.9,23626.9,10725
2026-05-13 11:50:00,23626.9,23635.0,23602.1,23602.1,2145
2026-05-13 11:55:00,23602.1,23630.2,23597.5,23611.2,25350
2026-05-13 12:00:00,23611.2,23636.5,23603.5,23632.0,18200
2026-05-13 12:05:00,23632.0,23638.6,23620.0,23637.3,8970
2026-05-13 12:10:00,23637.3,23650.0,23620.1,23650.0,6760
2026-05-13 12:15:00,23650.0,23650.0,23611.0,23639.5,4420
2026-05-13 12:20:00,23639.5,23639.5,23615.0,23628.0,1690
2026-05-13 12:25:00,23628.0,23644.3,23621.4,23644.3,16445
2026-05-13 12:30:00,23644.3,23644.3,23620.0,23620.0,8840
2026-05-13 12:35:00,23620.0,23635.8,23581.8,23593.1,14950
2026-05-13 12:40:00,23593.1,23598.9,23560.0,23598.9,12415
2026-05-13 12:45:00,23598.9,23614.0,23592.0,23599.8,8905
2026-05-13 12:50:00,23599.8,23664.0,23599.8,23664.0,15080
2026-05-13 12:55:00,23664.0,23726.4,23659.2,23716.3,36010
2026-05-13 13:00:00,23719.0,23720.0,23690.1,23708.6,9750
2026-05-13 13:05:00,23708.6,23708.6,23658.7,23658.7,3445
2026-05-13 13:10:00,23658.7,23685.1,23658.0,23675.4,1625
2026-05-13 13:15:00,23675.4,23675.4,23625.9,23643.1,5915
2026-05-13 13:20:00,23643.1,23650.0,23631.0,23649.6,2665
2026-05-13 13:25:00,23649.6,23649.9,23626.8,23626.8,1755
2026-05-13 13:30:00,23626.8,23675.4,23625.9,23658.5,4420
2026-05-13 13:35:00,23658.5,23672.0,23642.9,23671.9,975
2026-05-13 13:40:00,23671.9,23671.9,23648.6,23650.1,1950
2026-05-13 13:45:00,23650.1,23665.4,23650.0,23650.0,715
2026-05-13 13:50:00,23650.0,23657.8,23635.3,23645.0,845
2026-05-13 13:55:00,23645.0,23645.0,23605.0,23632.7,5850
2026-05-13 14:00:00,23632.7,23640.0,23612.9,23612.9,2145
2026-05-13 14:05:00,23612.9,23650.0,23612.9,23650.0,1625
2026-05-13 14:10:00,23650.0,23658.0,23636.0,23658.0,1690
2026-05-13 14:15:00,23658.0,23660.3,23613.0,23613.0,1885
2026-05-13 14:20:00,23613.0,23619.8,23591.0,23619.8,6890
2026-05-13 14:25:00,23619.8,23629.8,23600.0,23611.3,1690
2026-05-13 14:30:00,23611.3,23630.0,23609.7,23620.0,4485
2026-05-13 14:35:00,23620.0,23628.8,23614.7,23622.0,1820
2026-05-13 14:40:00,23622.0,23622.0,23600.0,23601.0,2080
2026-05-13 14:45:00,23601.0,23610.9,23581.0,23604.1,5265
2026-05-13 14:50:00,23604.1,23612.0,23600.0,23604.3,2210
2026-05-13 14:55:00,23604.3,23610.2,23601.5,23605.0,1105
2026-05-13 15:00:00,23605.0,23605.0,23551.0,23551.2,24960
2026-05-13 15:05:00,23551.2,23574.6,23540.2,23566.5,48360
2026-05-13 15:10:00,23566.5,23584.2,23556.5,23575.0,53300
2026-05-13 15:15:00,23575.0,23588.7,23560.0,23569.9,9620
2026-05-13 15:20:00,23569.9,23569.9,23542.9,23557.9,49530
2026-05-13 15:25:00,23557.9,23585.2,23548.7,23580.0,107380
2026-05-14 09:15:00,23625.0,23700.0,23625.0,23670.0,21905
2026-05-14 09:20:00,23670.0,23688.9,23666.8,23681.9,12155
2026-05-14 09:25:00,23681.9,23704.9,23675.0,23703.9,16250
2026-05-14 09:30:00,23703.9,23703.9,23680.0,23680.0,5005
2026-05-14 09:35:00,23680.0,23680.0,23645.0,23645.0,5720
2026-05-14 09:40:00,23645.0,23645.0,23618.0,23618.0,8710
2026-05-14 09:45:00,23618.0,23649.9,23607.0,23607.0,7865
2026-05-14 09:50:00,23607.0,23621.8,23588.1,23592.1,9555
2026-05-14 09:55:00,23592.1,23594.9,23560.0,23570.2,12675
2026-05-14 10:00:00,23570.2,23604.8,23569.3,23604.7,9360
2026-05-14 10:05:00,23604.7,23604.8,23572.3,23599.9,4485
2026-05-14 10:10:00,23599.9,23610.0,23589.4,23609.0,5005
2026-05-14 10:15:00,23609.0,23627.9,23600.7,23623.0,5655
2026-05-14 10:20:00,23628.0,23630.0,23585.1,23614.6,4095
2026-05-14 10:25:00,23614.6,23632.0,23604.6,23625.0,1300
2026-05-14 10:30:00,23625.0,23633.0,23610.1,23633.0,2665
2026-05-14 10:35:00,23633.0,23648.9,23632.2,23636.0,2470
2026-05-14 10:40:00,23636.0,23647.0,23600.8,23609.3,3965
2026-05-14 10:45:00,23609.3,23609.3,23550.1,23553.6,9100
2026-05-14 10:50:00,23553.6,23581.0,23535.0,23581.0,10790
2026-05-14 10:55:00,23581.0,23581.0,23542.4,23547.1,5135
2026-05-14 11:00:00,23547.1,23555.1,23540.0,23546.1,3315
2026-05-14 11:05:00,23546.1,23555.0,23535.0,23539.9,3250
2026-05-14 11:10:00,23539.9,23565.0,23539.9,23560.9,4420
2026-05-14 11:15:00,23560.9,23605.0,23560.9,23605.0,6695
2026-05-14 11:20:00,23605.0,23666.0,23605.0,23657.0,13130
2026-05-14 11:25:00,23657.0,23696.0,23631.0,23688.3,12675
2026-05-14 11:30:00,23688.3,23725.0,23685.6,23716.0,24570
2026-05-14 11:35:00,23716.0,23745.0,23712.6,23744.9,13975
2026-05-14 11:40:00,23744.9,23785.1,23725.0,23776.2,29250
2026-05-14 11:45:00,23780.0,23790.0,23757.4,23789.4,13520
2026-05-14 11:50:00,23790.0,23815.8,23774.6,23774.6,21645
2026-05-14 11:55:00,23780.0,23798.0,23771.3,23785.4,9945
2026-05-14 12:00:00,23785.4,23794.1,23746.4,23747.8,6240
2026-05-14 12:05:00,23747.8,23783.8,23747.8,23766.9,22425
2026-05-14 12:10:00,23766.9,23775.0,23742.0,23775.0,7215
2026-05-14 12:15:00,23775.0,23815.0,23775.0,23797.8,10725
2026-05-14 12:20:00,23797.8,23808.0,23786.5,23805.6,6630
2026-05-14 12:25:00,23805.6,23819.8,23802.4,23808.0,7540
2026-05-14 12:30:00,23808.0,23810.0,23786.9,23786.9,7735
2026-05-14 12:35:00,23786.9,23809.4,23779.2,23783.6,16835
2026-05-14 12:40:00,23783.6,23810.0,23783.6,23810.0,6500
2026-05-14 12:45:00,23808.0,23828.6,23801.8,23821.0,21450
2026-05-14 12:50:00,23821.0,23823.0,23780.1,23793.2,5525
2026-05-14 12:55:00,23793.2,23810.0,23793.2,23806.0,2470
2026-05-14 13:00:00,23806.0,23864.7,23803.0,23860.9,15210
2026-05-14 13:05:00,23860.9,23865.0,23840.1,23841.2,6110
2026-05-14 13:10:00,23841.2,23842.6,23806.0,23842.6,11180
2026-05-14 13:15:00,23842.6,23842.6,23816.1,23825.0,4420
2026-05-14 13:20:00,23825.0,23840.0,23819.4,23820.0,1690
2026-05-14 13:25:00,23820.0,23836.0,23816.3,23821.0,2275
2026-05-14 13:30:00,23821.0,23840.0,23815.0,23840.0,2990
2026-05-14 13:35:00,23840.0,23865.0,23839.0,23845.0,11050
2026-05-14 13:40:00,23845.0,23860.0,23838.5,23855.0,5785
2026-05-14 13:45:00,23855.0,23870.0,23839.7,23839.7,7995
2026-05-14 13:50:00,23839.7,23850.0,23829.9,23848.0,9490
2026-05-14 13:55:00,23848.0,23860.0,23841.2,23859.7,6825
2026-05-14 14:00:00,23859.7,23860.0,23841.9,23859.9,3380
2026-05-14 14:05:00,23859.9,23878.0,23853.4,23865.6,9100
2026-05-14 14:10:00,23865.6,23875.0,23846.1,23847.7,7280
2026-05-14 14:15:00,23847.7,23860.0,23828.5,23837.7,5850
2026-05-14 14:20:00,23837.7,23845.0,23825.1,23843.0,5980
2026-05-14 14:25:00,23843.0,23864.0,23843.0,23864.0,5785
2026-05-14 14:30:00,23864.0,23880.0,23862.0,23868.0,5590
2026-05-14 14:35:00,23868.0,23873.9,23831.6,23840.0,9295
2026-05-14 14:40:00,23840.0,23847.3,23821.0,23831.8,7345
2026-05-14 14:45:00,23831.8,23832.5,23790.0,23791.5,10985
2026-05-14 14:50:00,23791.5,23810.0,23791.5,23804.5,6370
2026-05-14 14:55:00,23804.5,23818.3,23785.0,23818.3,13260
2026-05-14 15:00:00,23818.3,23818.3,23790.0,23800.0,4160
2026-05-14 15:05:00,23800.0,23800.0,23765.5,23769.0,22815
2026-05-14 15:10:00,23769.0,23792.5,23769.0,23775.4,10855
2026-05-14 15:15:00,23775.4,23795.0,23775.4,23792.5,8905
2026-05-14 15:20:00,23792.5,23799.0,23786.0,23799.0,3575
2026-05-14 15:25:00,23799.0,23839.2,23799.0,23826.4,20410
2026-05-15 09:15:00,23799.8,23887.9,23780.0,23831.8,19435
2026-05-15 09:20:00,23831.8,23862.0,23814.5,23862.0,9295
2026-05-15 09:25:00,23862.0,23887.0,23850.0,23880.4,18200
2026-05-15 09:30:00,23880.4,23883.6,23849.4,23850.0,9165
2026-05-15 09:35:00,23850.0,23865.0,23830.0,23865.0,4420
2026-05-15 09:40:00,23865.0,23900.0,23859.3,23900.0,8970
2026-05-15 09:45:00,23900.0,23915.0,23890.0,23900.3,12350
2026-05-15 09:50:00,23900.3,23915.0,23889.3,23915.0,6695
2026-05-15 09:55:00,23915.0,23935.0,23915.0,23915.0,12545
2026-05-15 10:00:00,23915.0,23923.9,23880.0,23915.0,8970
2026-05-15 10:05:00,23915.0,23918.7,23875.0,23875.0,3640
2026-05-15 10:10:00,23875.0,23890.0,23875.0,23890.0,11765
2026-05-15 10:15:00,23890.0,23899.8,23870.0,23889.9,3380
2026-05-15 10:20:00,23889.9,23901.0,23869.0,23901.0,5070
2026-05-15 10:25:00,23901.0,23917.0,23900.0,23906.6,3510
2026-05-15 10:30:00,23906.6,23907.4,23887.0,23900.0,4290
2026-05-15 10:35:00,23900.0,23907.0,23890.0,23890.0,9685
2026-05-15 10:40:00,23886.0,23915.9,23880.1,23896.0,11570
2026-05-15 10:45:00,23896.0,23920.0,23893.5,23920.0,8060
2026-05-15 10:50:00,23920.0,23934.8,23910.2,23926.4,10465
2026-05-15 10:55:00,23926.4,23930.0,23910.2,23915.0,24895
2026-05-15 11:00:00,23915.0,23915.0,23872.0,23876.0,3900
2026-05-15 11:05:00,23872.0,23875.0,23823.1,23830.0,50245
2026-05-15 11:10:00,23830.0,23840.0,23812.0,23833.3,90870
2026-05-15 11:15:00,23825.0,23830.0,23793.0,23824.9,98085
2026-05-15 11:20:00,23824.9,23830.0,23810.3,23811.5,6760
2026-05-15 11:25:00,23811.5,23820.0,23796.8,23796.8,5785
2026-05-15 11:30:00,23796.8,23809.9,23756.3,23809.0,24635
2026-05-15 11:35:00,23809.0,23823.6,23791.6,23821.0,5915
2026-05-15 11:40:00,23821.0,23825.0,23803.1,23820.0,1950
2026-05-15 11:45:00,23820.0,23826.0,23816.0,23822.6,1105
2026-05-15 11:50:00,23822.6,23827.0,23810.9,23810.9,2925
2026-05-15 11:55:00,23810.9,23811.9,23800.0,23801.3,3120
2026-05-15 12:00:00,23801.3,23854.4,23801.3,23854.0,3640
2026-05-15 12:05:00,23854.0,23868.0,23844.1,23845.0,3770
2026-05-15 12:10:00,23845.0,23860.0,23840.0,23840.0,2665
2026-05-15 12:15:00,23840.0,23849.9,23826.0,23842.0,8905
2026-05-15 12:20:00,23842.0,23842.0,23808.4,23809.0,1430
2026-05-15 12:25:00,23809.0,23829.8,23802.5,23802.5,2535
2026-05-15 12:30:00,23802.5,23825.2,23802.5,23824.9,2275
2026-05-15 12:35:00,23824.9,23839.3,23824.9,23825.3,715
2026-05-15 12:40:00,23825.3,23860.0,23825.3,23857.0,2145
2026-05-15 12:45:00,23857.0,23879.5,23853.3,23879.5,4225
2026-05-15 12:50:00,23879.5,23893.0,23871.0,23877.0,9750
2026-05-15 12:55:00,23877.0,23888.2,23870.0,23877.5,4810
2026-05-15 13:00:00,23877.5,23891.3,23875.0,23875.0,8125
2026-05-15 13:05:00,23875.0,23889.8,23869.0,23879.9,14040
2026-05-15 13:10:00,23879.9,23892.4,23871.0,23877.7,8515
2026-05-15 13:15:00,23877.7,23889.0,23870.0,23889.0,1235
2026-05-15 13:20:00,23889.0,23894.5,23875.0,23880.0,11505
2026-05-15 13:25:00,23880.0,23888.8,23861.7,23875.0,7085
2026-05-15 13:30:00,23875.0,23883.1,23851.6,23853.5,13325
2026-05-15 13:35:00,23853.5,23870.5,23833.1,23833.1,8060
2026-05-15 13:40:00,23833.1,23840.0,23830.0,23835.0,2535
2026-05-15 13:45:00,23835.0,23847.4,23791.6,23793.0,7280
2026-05-15 13:50:00,23793.0,23819.0,23792.0,23810.0,6825
2026-05-15 13:55:00,23810.0,23820.3,23797.0,23805.0,5785
2026-05-15 14:00:00,23805.0,23805.0,23790.0,23790.0,3510
2026-05-15 14:05:00,23790.0,23805.8,23785.0,23800.0,9165
2026-05-15 14:10:00,23800.0,23816.2,23795.0,23810.0,5915
2026-05-15 14:15:00,23810.0,23820.0,23799.7,23804.0,2340
2026-05-15 14:20:00,23804.0,23810.0,23791.2,23798.4,2145
2026-05-15 14:25:00,23798.4,23802.0,23780.0,23782.6,6890
2026-05-15 14:30:00,23789.9,23793.9,23770.0,23791.4,11765
2026-05-15 14:35:00,23791.4,23792.3,23775.0,23783.8,6110
2026-05-15 14:40:00,23783.8,23800.0,23776.0,23776.0,38155
2026-05-15 14:45:00,23776.0,23776.0,23712.3,23712.3,32305
2026-05-15 14:50:00,23712.3,23724.9,23690.1,23706.3,28665
2026-05-15 14:55:00,23706.3,23740.2,23690.1,23738.0,25155
2026-05-15 15:00:00,23738.0,23764.8,23718.2,23763.0,12155
2026-05-15 15:05:00,23763.0,23777.3,23729.0,23729.0,7020
2026-05-15 15:10:00,23729.0,23743.4,23722.5,23740.2,36855
2026-05-15 15:15:00,23740.2,23740.2,23701.1,23718.4,30160
2026-05-15 15:20:00,23718.4,23739.2,23718.4,23732.7,36920
2026-05-15 15:25:00,23732.7,23771.0,23726.1,23750.0,33280
2026-05-18 09:15:00,23635.0,23635.0,23510.0,23533.5,72410
2026-05-18 09:20:00,23533.5,23538.5,23515.0,23527.9,43420
2026-05-18 09:25:00,23527.9,23527.9,23480.6,23491.2,33735
2026-05-18 09:30:00,23491.2,23518.5,23480.0,23513.2,26325
2026-05-18 09:35:00,23513.2,23520.0,23475.2,23480.6,16640
2026-05-18 09:40:00,23480.6,23499.0,23475.0,23494.6,13585
2026-05-18 09:45:00,23494.6,23494.6,23460.7,23462.7,15210
2026-05-18 09:50:00,23462.7,23465.9,23450.0,23450.0,22230
2026-05-18 09:55:00,23450.0,23463.1,23440.0,23461.9,23205
2026-05-18 10:00:00,23461.9,23486.9,23458.2,23480.0,9230
2026-05-18 10:05:00,23480.0,23486.9,23458.0,23467.7,7215
2026-05-18 10:10:00,23467.7,23486.0,23460.2,23475.1,8060
2026-05-18 10:15:00,23475.1,23505.0,23464.8,23502.1,10205
2026-05-18 10:20:00,23502.1,23503.0,23480.0,23494.8,9685
2026-05-18 10:25:00,23494.8,23495.0,23480.1,23485.6,2990
2026-05-18 10:30:00,23485.6,23523.0,23460.0,23523.0,12610
2026-05-18 10:35:00,23523.0,23545.0,23511.2,23533.0,19825
2026-05-18 10:40:00,23533.0,23533.0,23491.5,23510.0,15405
2026-05-18 10:45:00,23510.0,23514.9,23485.0,23507.8,5395
2026-05-18 10:50:00,23507.8,23536.9,23497.3,23533.0,11635
2026-05-18 10:55:00,23533.0,23555.0,23533.0,23552.0,23205
2026-05-18 11:00:00,23552.0,23559.1,23540.8,23544.1,6045
2026-05-18 11:05:00,23544.1,23570.0,23540.1,23564.2,8840
2026-05-18 11:10:00,23564.2,23568.0,23541.3,23547.5,5850
2026-05-18 11:15:00,23547.5,23579.0,23544.2,23570.5,8190
2026-05-18 11:20:00,23570.5,23608.6,23551.0,23606.6,17095
2026-05-18 11:25:00,23606.6,23606.6,23571.7,23571.8,6240
2026-05-18 11:30:00,23571.8,23616.2,23571.8,23612.0,9165
2026-05-18 11:35:00,23612.0,23650.0,23607.0,23650.0,13455
2026-05-18 11:40:00,23650.0,23650.0,23602.6,23612.2,14885
2026-05-18 11:45:00,23612.2,23625.0,23580.0,23585.9,5655
2026-05-18 11:50:00,23585.9,23590.0,23575.2,23575.2,3705
2026-05-18 11:55:00,23575.2,23595.0,23560.0,23560.0,7020
2026-05-18 12:00:00,23560.0,23565.0,23555.0,23555.1,5005
2026-05-18 12:05:00,23555.1,23590.3,23555.1,23580.0,5005
2026-05-18 12:10:00,23580.0,23609.9,23580.0,23605.0,8320
2026-05-18 12:15:00,23605.0,23624.0,23600.1,23606.5,5785
2026-05-18 12:20:00,23606.5,23617.8,23600.1,23610.6,4875
2026-05-18 12:25:00,23610.6,23645.0,23610.6,23638.0,8840
2026-05-18 12:30:00,23638.0,23680.0,23638.0,23665.1,33215
2026-05-18 12:35:00,23665.1,23688.0,23665.1,23680.0,14885
2026-05-18 12:40:00,23680.0,23688.0,23651.0,23655.0,7540
2026-05-18 12:45:00,23655.0,23667.9,23651.0,23665.0,3380
2026-05-18 12:50:00,23665.0,23672.0,23651.0,23670.6,2015
2026-05-18 12:55:00,23670.6,23736.7,23668.2,23720.0,25025
2026-05-18 13:00:00,23720.0,23750.0,23710.1,23735.0,28990
2026-05-18 13:05:00,23735.0,23735.0,23686.8,23694.0,28340
2026-05-18 13:10:00,23694.0,23694.0,23671.0,23690.0,11570
2026-05-18 13:15:00,23690.0,23715.0,23690.0,23700.0,3185
2026-05-18 13:20:00,23700.0,23702.0,23680.1,23702.0,2925
2026-05-18 13:25:00,23702.0,23715.0,23687.8,23700.0,7410
2026-05-18 13:30:00,23698.0,23715.0,23690.0,23713.3,3835
2026-05-18 13:35:00,23713.3,23715.0,23683.3,23698.0,3640
2026-05-18 13:40:00,23698.0,23710.0,23680.0,23696.6,2080
2026-05-18 13:45:00,23696.6,23707.0,23690.0,23707.0,1105
2026-05-18 13:50:00,23707.0,23735.5,23707.0,23720.0,6630
2026-05-18 13:55:00,23720.0,23745.0,23715.0,23717.4,4875
2026-05-18 14:00:00,23717.4,23740.0,23710.0,23740.0,2405
2026-05-18 14:05:00,23740.0,23740.0,23700.0,23700.0,2535
2026-05-18 14:10:00,23700.0,23705.0,23695.0,23695.0,3705
2026-05-18 14:15:00,23695.0,23695.6,23675.0,23687.1,3120
2026-05-18 14:20:00,23687.1,23699.7,23680.0,23680.0,1365
2026-05-18 14:25:00,23676.9,23706.3,23673.0,23703.0,2145
2026-05-18 14:30:00,23703.0,23707.0,23680.0,23680.0,2405
2026-05-18 14:35:00,23680.0,23686.5,23673.0,23677.9,6695
2026-05-18 14:40:00,23677.9,23699.0,23670.0,23698.7,2405
2026-05-18 14:45:00,23698.7,23698.7,23677.0,23677.0,2860
2026-05-18 14:50:00,23677.0,23690.0,23673.0,23673.3,3835
2026-05-18 14:55:00,23673.3,23678.9,23663.1,23665.2,5135
2026-05-18 15:00:00,23665.2,23787.9,23665.2,23744.7,25805
2026-05-18 15:05:00,23744.7,23765.0,23701.1,23711.2,7215
2026-05-18 15:10:00,23711.2,23742.3,23710.0,23726.5,5785
2026-05-18 15:15:00,23725.0,23725.0,23707.0,23710.0,7020
2026-05-18 15:20:00,23710.0,23748.3,23710.0,23748.0,10790
2026-05-18 15:25:00,23748.0,23748.0,23720.0,23731.3,19955
2026-05-19 09:15:00,23790.0,23814.0,23741.1,23800.0,29965
2026-05-19 09:20:00,23800.0,23825.0,23792.8,23824.0,19630
2026-05-19 09:25:00,23825.0,23830.0,23813.3,23828.0,8515
2026-05-19 09:30:00,23828.0,23832.0,23760.0,23760.0,14495
2026-05-19 09:35:00,23760.0,23791.4,23728.0,23773.7,19240
2026-05-19 09:40:00,23773.7,23832.5,23773.7,23830.0,30680
2026-05-19 09:45:00,23830.0,23832.0,23780.0,23785.0,10855
2026-05-19 09:50:00,23785.0,23800.0,23760.8,23777.0,7345
2026-05-19 09:55:00,23777.0,23777.0,23760.0,23765.0,4225
2026-05-19 10:00:00,23765.0,23799.0,23760.1,23785.0,7540
2026-05-19 10:05:00,23785.0,23814.0,23780.0,23811.8,19435
2026-05-19 10:10:00,23811.8,23835.0,23805.0,23830.3,18915
2026-05-19 10:15:00,23830.3,23835.7,23800.0,23800.0,10010
2026-05-19 10:20:00,23800.0,23822.3,23792.3,23822.3,7410
2026-05-19 10:25:00,23823.0,23835.0,23811.9,23826.3,3640
2026-05-19 10:30:00,23826.3,23830.0,23808.6,23821.0,1820
2026-05-19 10:35:00,23821.0,23830.0,23804.7,23816.5,1950
2026-05-19 10:40:00,23816.5,23840.9,23816.5,23835.0,19305
2026-05-19 10:45:00,23835.0,23842.0,23830.0,23830.0,7085
2026-05-19 10:50:00,23830.0,23840.0,23800.0,23802.0,18980
2026-05-19 10:55:00,23802.0,23850.0,23802.0,23845.4,9685
2026-05-19 11:00:00,23845.4,23850.0,23820.0,23829.0,8840
2026-05-19 11:05:00,23829.0,23829.2,23811.6,23826.3,11310
2026-05-19 11:10:00,23826.3,23830.9,23795.0,23795.0,8320
2026-05-19 11:15:00,23795.0,23800.8,23770.0,23775.0,12415
2026-05-19 11:20:00,23775.0,23799.9,23771.0,23795.0,7475
2026-05-19 11:25:00,23795.0,23809.3,23784.0,23809.3,7735
2026-05-19 11:30:00,23809.3,23809.3,23778.6,23793.5,3055
2026-05-19 11:35:00,23793.5,23805.0,23787.0,23800.0,2340
2026-05-19 11:40:00,23800.0,23833.1,23800.0,23817.6,7605
2026-05-19 11:45:00,23817.6,23834.0,23813.7,23822.3,4420
2026-05-19 11:50:00,23822.3,23840.0,23822.3,23840.0,1690
2026-05-19 11:55:00,23840.0,23849.9,23825.2,23834.0,5135
2026-05-19 12:00:00,23834.0,23834.5,23810.2,23820.0,3510
2026-05-19 12:05:00,23820.0,23829.1,23811.0,23826.8,2145
2026-05-19 12:10:00,23826.8,23831.0,23826.8,23830.9,845
2026-05-19 12:15:00,23830.9,23830.9,23811.0,23821.6,2990
2026-05-19 12:20:00,23821.6,23833.0,23811.0,23811.0,2210
2026-05-19 12:25:00,23811.0,23830.0,23801.6,23830.0,2730
2026-05-19 12:30:00,23830.0,23830.8,23803.1,23821.8,2600
2026-05-19 12:35:00,23821.8,23821.8,23811.2,23811.2,1495
2026-05-19 12:40:00,23811.2,23823.7,23811.2,23815.0,975
2026-05-19 12:45:00,23815.0,23824.1,23806.0,23810.0,1690
2026-05-19 12:50:00,23810.0,23812.0,23801.7,23812.0,6110
2026-05-19 12:55:00,23812.0,23815.0,23805.0,23814.2,4680
2026-05-19 13:00:00,23814.2,23814.2,23801.0,23801.0,1755
2026-05-19 13:05:00,23801.0,23818.4,23795.0,23817.3,2600
2026-05-19 13:10:00,23817.3,23817.3,23795.0,23800.0,1495
2026-05-19 13:15:00,23800.0,23830.0,23796.0,23821.6,2600
2026-05-19 13:20:00,23821.6,23824.9,23807.0,23814.6,2015
2026-05-19 13:25:00,23814.6,23820.0,23812.0,23812.0,910
2026-05-19 13:30:00,23812.0,23828.2,23808.3,23821.0,3705
2026-05-19 13:35:00,23821.0,23821.0,23771.0,23782.5,11960
2026-05-19 13:40:00,23782.5,23791.9,23770.0,23787.5,10010
2026-05-19 13:45:00,23787.5,23809.6,23782.4,23799.9,3835
2026-05-19 13:50:00,23799.9,23802.5,23780.0,23786.2,5655
2026-05-19 13:55:00,23786.2,23787.1,23761.1,23777.1,9360
2026-05-19 14:00:00,23777.1,23811.3,23770.0,23807.9,7085
2026-05-19 14:05:00,23807.9,23813.5,23795.0,23807.6,3250
2026-05-19 14:10:00,23807.6,23810.0,23795.0,23797.3,1430
2026-05-19 14:15:00,23797.3,23823.0,23797.3,23801.3,7475
2026-05-19 14:20:00,23801.3,23818.0,23795.0,23800.0,4680
2026-05-19 14:25:00,23800.0,23807.4,23795.0,23795.0,3250
2026-05-19 14:30:00,23797.7,23801.9,23780.1,23788.8,3445
2026-05-19 14:35:00,23788.8,23788.8,23770.0,23779.0,7150
2026-05-19 14:40:00,23779.0,23782.0,23745.0,23746.0,17420
2026-05-19 14:45:00,23746.0,23746.0,23720.0,23739.3,30680
2026-05-19 14:50:00,23739.3,23757.2,23739.3,23745.0,7670
2026-05-19 14:55:00,23745.0,23754.0,23742.0,23749.5,5200
2026-05-19 15:00:00,23749.5,23749.5,23710.0,23723.9,17420
2026-05-19 15:05:00,23723.9,23737.0,23712.0,23718.0,5590
2026-05-19 15:10:00,23718.0,23718.0,23700.0,23711.1,19825
2026-05-19 15:15:00,23711.1,23711.1,23669.0,23691.5,21580
2026-05-19 15:20:00,23691.5,23698.9,23676.0,23687.1,13585
2026-05-19 15:25:00,23687.1,23704.4,23680.0,23697.7,35945
2026-05-20 09:15:00,23545.0,23545.0,23472.0,23533.0,74685
2026-05-20 09:20:00,23533.0,23545.0,23520.0,23540.0,20020
2026-05-20 09:25:00,23540.0,23559.0,23531.0,23554.4,23920
2026-05-20 09:30:00,23554.4,23597.0,23550.0,23595.0,24375
2026-05-20 09:35:00,23595.0,23608.2,23580.1,23606.8,10985
2026-05-20 09:40:00,23606.8,23615.0,23569.1,23595.7,26520
2026-05-20 09:45:00,23595.7,23613.0,23580.0,23590.0,7735
2026-05-20 09:50:00,23590.0,23615.0,23587.9,23603.0,9360
2026-05-20 09:55:00,23603.0,23620.0,23585.0,23610.5,9230
2026-05-20 10:00:00,23610.5,23620.0,23561.6,23574.0,15600
2026-05-20 10:05:00,23574.0,23580.2,23555.0,23579.9,12740
2026-05-20 10:10:00,23579.9,23592.9,23561.6,23585.5,4225
2026-05-20 10:15:00,23585.5,23592.2,23562.0,23582.0,4680
2026-05-20 10:20:00,23582.0,23584.3,23550.0,23550.0,9750
2026-05-20 10:25:00,23550.0,23603.7,23550.0,23603.7,6955
2026-05-20 10:30:00,23603.7,23656.0,23603.7,23655.0,17940
2026-05-20 10:35:00,23655.0,23671.2,23645.0,23647.0,23270
2026-05-20 10:40:00,23647.0,23652.2,23621.0,23623.1,9360
2026-05-20 10:45:00,23623.1,23623.1,23574.9,23584.0,11375
2026-05-20 10:50:00,23584.0,23620.0,23580.0,23617.7,8970
2026-05-20 10:55:00,23617.7,23631.6,23614.9,23623.2,8125
2026-05-20 11:00:00,23623.2,23660.0,23623.2,23648.0,16510
2026-05-20 11:05:00,23648.0,23666.0,23642.0,23659.3,9490
2026-05-20 11:10:00,23659.3,23666.0,23640.0,23640.0,3445
2026-05-20 11:15:00,23640.0,23652.0,23635.0,23640.0,3705
2026-05-20 11:20:00,23640.0,23680.0,23633.5,23665.0,9685
2026-05-20 11:25:00,23665.0,23679.0,23665.0,23673.0,7995
2026-05-20 11:30:00,23673.0,23690.0,23667.1,23667.1,70590
2026-05-20 11:35:00,23667.1,23690.0,23660.0,23687.6,6110
2026-05-20 11:40:00,23687.6,23687.6,23665.0,23680.0,4030
2026-05-20 11:45:00,23680.0,23725.0,23680.0,23721.2,12480
2026-05-20 11:50:00,23721.2,23732.4,23689.0,23697.9,8710
2026-05-20 11:55:00,23697.9,23705.2,23685.0,23685.0,9750
2026-05-20 12:00:00,23685.0,23691.1,23664.2,23675.0,10595
2026-05-20 12:05:00,23675.0,23675.0,23655.0,23660.1,8125
2026-05-20 12:10:00,23660.1,23664.3,23643.1,23651.9,9230
2026-05-20 12:15:00,23651.9,23682.7,23651.9,23660.0,4550
2026-05-20 12:20:00,23660.0,23700.0,23660.0,23693.6,21580
2026-05-20 12:25:00,23693.6,23693.6,23666.0,23679.2,37960
2026-05-20 12:30:00,23679.2,23682.0,23666.8,23676.2,9685
2026-05-20 12:35:00,23676.2,23685.0,23667.1,23685.0,2145
2026-05-20 12:40:00,23685.0,23690.8,23675.0,23685.9,3445
2026-05-20 12:45:00,23685.9,23695.0,23681.0,23682.0,4810
2026-05-20 12:50:00,23682.0,23693.0,23680.0,23686.0,3705
2026-05-20 12:55:00,23686.0,23706.0,23685.6,23695.0,16510
2026-05-20 13:00:00,23695.0,23705.0,23680.0,23680.0,10270
2026-05-20 13:05:00,23685.4,23685.4,23660.0,23678.2,4095
2026-05-20 13:10:00,23678.2,23693.0,23676.1,23680.2,3835
2026-05-20 13:15:00,23680.2,23687.5,23653.2,23653.2,14430
2026-05-20 13:20:00,23653.2,23669.4,23650.0,23654.6,6890
2026-05-20 13:25:00,23654.6,23674.9,23632.0,23633.8,6695
2026-05-20 13:30:00,23633.8,23675.0,23630.3,23674.7,5330
2026-05-20 13:35:00,23674.7,23700.0,23669.2,23675.9,7345
2026-05-20 13:40:00,23675.9,23688.8,23662.8,23672.6,18070
2026-05-20 13:45:00,23672.6,23678.5,23659.2,23676.8,1885
2026-05-20 13:50:00,23676.8,23680.0,23660.0,23680.0,2600
2026-05-20 13:55:00,23680.0,23710.0,23680.0,23710.0,8450
2026-05-20 14:00:00,23710.0,23725.0,23699.2,23710.0,11115
2026-05-20 14:05:00,23710.0,23750.0,23710.0,23746.9,14170
2026-05-20 14:10:00,23746.9,23750.0,23730.0,23735.0,8710
2026-05-20 14:15:00,23735.0,23745.0,23726.2,23729.9,5785
2026-05-20 14:20:00,23729.9,23774.0,23727.9,23765.0,13780
2026-05-20 14:25:00,23760.0,23760.0,23739.1,23743.0,16250
2026-05-20 14:30:00,23743.0,23757.0,23740.0,23744.0,10595
2026-05-20 14:35:00,23744.0,23752.0,23735.0,23752.0,8580
2026-05-20 14:40:00,23752.0,23765.0,23745.1,23758.1,8060
2026-05-20 14:45:00,23758.1,23768.0,23752.0,23766.2,9230
2026-05-20 14:50:00,23766.2,23770.0,23755.0,23768.5,7540
2026-05-20 14:55:00,23768.5,23775.0,23751.1,23760.2,7735
2026-05-20 15:00:00,23760.2,23760.2,23730.0,23730.0,11895
2026-05-20 15:05:00,23730.0,23760.0,23730.0,23755.0,10725
2026-05-20 15:10:00,23755.0,23763.7,23747.7,23750.6,11375
2026-05-20 15:15:00,23750.6,23758.3,23742.0,23742.0,4875
2026-05-20 15:20:00,23742.0,23755.0,23731.0,23751.1,8970
2026-05-20 15:25:00,23751.1,23784.0,23745.5,23776.8,34125
2026-05-21 09:15:00,23899.0,23922.0,23846.4,23846.4,109395
2026-05-21 09:20:00,23850.3,23856.7,23831.0,23852.0,35425
2026-05-21 09:25:00,23852.0,23859.0,23825.0,23829.1,30290
2026-05-21 09:30:00,23829.1,23850.0,23803.8,23813.1,33020
2026-05-21 09:35:00,23813.1,23851.0,23812.0,23848.5,22295
2026-05-21 09:40:00,23848.5,23874.5,23832.0,23870.0,47710
2026-05-21 09:45:00,23870.0,23875.0,23855.0,23866.8,18980
2026-05-21 09:50:00,23866.8,23890.0,23856.0,23887.9,24505
2026-05-21 09:55:00,23887.9,23890.0,23841.2,23842.7,35555
2026-05-21 10:00:00,23847.4,23870.0,23840.4,23857.9,22230
2026-05-21 10:05:00,23857.9,23866.0,23825.0,23840.0,26455
2026-05-21 10:10:00,23840.0,23854.1,23837.0,23847.0,16380
2026-05-21 10:15:00,23847.0,23864.9,23847.0,23858.1,15405
2026-05-21 10:20:00,23858.1,23865.0,23840.1,23848.7,18980
2026-05-21 10:25:00,23848.7,23870.0,23840.0,23864.5,27560
2026-05-21 10:30:00,23864.5,23864.5,23837.5,23839.9,14430
2026-05-21 10:35:00,23839.9,23846.1,23807.0,23812.9,32890
2026-05-21 10:40:00,23812.9,23848.3,23809.0,23848.3,27495
2026-05-21 10:45:00,23848.3,23856.1,23826.0,23826.0,26260
2026-05-21 10:50:00,23826.0,23835.0,23808.0,23827.6,25415
2026-05-21 10:55:00,23829.9,23829.9,23792.0,23801.0,34450
2026-05-21 11:00:00,23801.0,23801.0,23781.0,23788.3,33215
2026-05-21 11:05:00,23788.3,23798.0,23777.0,23793.6,32175
2026-05-21 11:10:00,23793.6,23795.4,23772.0,23772.0,28080
2026-05-21 11:15:00,23770.0,23772.9,23710.0,23750.8,67665
2026-05-21 11:20:00,23750.8,23787.0,23740.2,23785.4,33800
2026-05-21 11:25:00,23785.4,23825.0,23777.3,23818.9,26000
2026-05-21 11:30:00,23818.9,23819.9,23800.0,23811.1,18850
2026-05-21 11:35:00,23811.1,23819.8,23800.2,23806.6,18460
2026-05-21 11:40:00,23806.6,23811.5,23792.0,23800.2,34125
2026-05-21 11:45:00,23800.2,23810.0,23785.0,23795.3,17225
2026-05-21 11:50:00,23795.3,23824.4,23788.1,23798.9,22165
2026-05-21 11:55:00,23799.1,23804.0,23780.5,23786.2,15080
2026-05-21 12:00:00,23786.2,23821.7,23786.2,23805.0,20930
2026-05-21 12:05:00,23805.0,23817.6,23800.0,23811.6,16315
2026-05-21 12:10:00,23811.6,23815.0,23771.8,23771.8,27885
2026-05-21 12:15:00,23771.8,23791.8,23761.0,23775.0,22230
2026-05-21 12:20:00,23775.0,23785.0,23761.5,23763.0,28210
2026-05-21 12:25:00,23763.0,23773.0,23702.0,23726.0,53300
2026-05-21 12:30:00,23726.0,23733.5,23710.0,23730.0,31070
2026-05-21 12:35:00,23725.0,23729.0,23672.0,23682.0,69095
2026-05-21 12:40:00,23685.0,23699.9,23656.0,23689.8,56290
2026-05-21 12:45:00,23689.8,23689.8,23657.0,23682.2,61360
2026-05-21 12:50:00,23682.2,23699.1,23672.0,23691.9,37050
2026-05-21 12:55:00,23691.9,23693.8,23673.0,23685.5,35425
2026-05-21 13:00:00,23685.5,23685.5,23640.2,23677.7,54730
2026-05-21 13:05:00,23677.7,23697.0,23662.0,23697.0,30680
2026-05-21 13:10:00,23697.0,23713.3,23691.1,23697.5,37375
2026-05-21 13:15:00,23697.5,23709.3,23685.0,23697.5,33215
2026-05-21 13:20:00,23697.5,23709.0,23687.4,23691.5,29055
2026-05-21 13:25:00,23691.5,23707.7,23687.0,23687.0,24505
2026-05-21 13:30:00,23687.0,23718.5,23676.0,23709.2,31590
2026-05-21 13:35:00,23709.2,23744.3,23709.2,23725.7,34710
2026-05-21 13:40:00,23725.7,23760.0,23724.0,23754.3,45175
2026-05-21 13:45:00,23754.3,23762.0,23725.0,23728.8,35100
2026-05-21 13:50:00,23728.8,23733.4,23710.0,23719.3,29640
2026-05-21 13:55:00,23719.3,23750.6,23700.1,23742.0,23790
2026-05-21 14:00:00,23742.0,23745.5,23710.1,23722.1,33345
2026-05-21 14:05:00,23722.1,23725.0,23706.7,23710.0,53885
2026-05-21 14:10:00,23710.0,23730.0,23701.1,23715.0,25220
2026-05-21 14:15:00,23715.9,23724.9,23701.4,23719.3,28145
2026-05-21 14:20:00,23719.3,23735.0,23715.3,23729.2,46995
2026-05-21 14:25:00,23729.2,23745.0,23711.0,23715.0,45955
2026-05-21 14:30:00,23715.0,23740.0,23710.1,23727.4,50765
2026-05-21 14:35:00,23727.4,23744.0,23722.7,23734.9,20605
2026-05-21 14:40:00,23734.9,23770.0,23731.0,23743.1,25415
2026-05-21 14:45:00,23730.9,23752.8,23730.9,23742.4,24375
2026-05-21 14:50:00,23742.4,23760.0,23740.0,23749.8,27105
2026-05-21 14:55:00,23749.8,23759.0,23735.0,23751.4,30290
2026-05-21 15:00:00,23751.4,23759.0,23715.9,23731.4,72475
2026-05-21 15:05:00,23731.4,23741.4,23708.9,23714.0,38805
2026-05-21 15:10:00,23714.0,23724.0,23709.0,23712.8,19565
2026-05-21 15:15:00,23712.8,23722.0,23705.0,23717.2,72215
2026-05-21 15:20:00,23717.2,23725.0,23714.4,23719.8,93730
2026-05-21 15:25:00,23719.7,23722.0,23714.0,23715.0,52715
2026-05-22 09:15:00,23783.5,23809.0,23760.2,23786.8,84825
2026-05-22 09:20:00,23786.8,23833.0,23786.8,23833.0,128635
2026-05-22 09:25:00,23833.0,23840.0,23811.0,23814.5,182715
2026-05-22 09:30:00,23814.5,23849.8,23811.5,23845.0,95095
2026-05-22 09:35:00,23845.0,23856.8,23823.2,23836.1,80990
2026-05-22 09:40:00,23836.1,23848.0,23807.6,23835.0,61425
2026-05-22 09:45:00,23835.0,23840.0,23811.0,23812.7,76830
2026-05-22 09:50:00,23812.7,23860.0,23811.4,23847.0,135655
2026-05-22 09:55:00,23847.0,23867.0,23840.0,23860.0,69290
2026-05-22 10:00:00,23860.0,23860.0,23840.0,23847.0,63310
2026-05-22 10:05:00,23847.0,23862.0,23830.6,23857.4,78195
2026-05-22 10:10:00,23857.4,23873.5,23857.4,23867.0,49920
2026-05-22 10:15:00,23867.0,23869.0,23835.0,23835.0,43160
2026-05-22 10:20:00,23835.0,23862.5,23835.0,23836.1,43160
2026-05-22 10:25:00,23836.1,23850.0,23832.7,23838.0,48100
2026-05-22 10:30:00,23838.0,23859.0,23838.0,23857.0,32435
2026-05-22 10:35:00,23857.0,23865.0,23843.0,23850.0,36075
2026-05-22 10:40:00,23850.0,23875.0,23848.6,23875.0,35945
2026-05-22 10:45:00,23875.0,23879.9,23852.0,23862.0,40365
2026-05-22 10:50:00,23862.0,23867.0,23850.0,23861.3,47125
2026-05-22 10:55:00,23861.3,23863.1,23851.0,23856.1,26195
2026-05-22 11:00:00,23856.1,23864.2,23844.6,23855.0,17940
2026-05-22 11:05:00,23855.0,23861.1,23841.1,23849.5,42055
2026-05-22 11:10:00,23849.5,23859.0,23838.4,23844.5,29510
2026-05-22 11:15:00,23844.5,23856.0,23840.0,23840.0,24700
2026-05-22 11:20:00,23840.0,23865.6,23834.0,23854.3,49140
2026-05-22 11:25:00,23854.3,23864.0,23821.1,23835.0,56745
2026-05-22 11:30:00,23835.0,23850.9,23820.0,23843.4,59475
2026-05-22 11:35:00,23843.4,23854.8,23832.0,23850.4,18785
2026-05-22 11:40:00,23850.4,23890.0,23846.7,23890.0,40560
2026-05-22 11:45:00,23890.0,23910.0,23882.8,23894.0,73125
2026-05-22 11:50:00,23894.0,23895.0,23879.0,23883.0,59280
2026-05-22 11:55:00,23886.0,23892.0,23880.0,23880.8,33800
2026-05-22 12:00:00,23880.8,23889.9,23869.7,23871.9,65390
2026-05-22 12:05:00,23871.9,23878.6,23865.0,23869.9,29575
2026-05-22 12:10:00,23869.9,23883.9,23865.0,23875.6,30680
2026-05-22 12:15:00,23875.6,23880.0,23861.0,23863.1,35490
2026-05-22 12:20:00,23863.1,23870.5,23835.9,23847.2,62790
2026-05-22 12:25:00,23847.2,23856.8,23835.0,23846.1,31330
2026-05-22 12:30:00,23845.5,23849.0,23825.8,23849.0,39650
2026-05-22 12:35:00,23849.0,23853.5,23836.4,23853.5,28665
2026-05-22 12:40:00,23853.5,23874.9,23846.0,23869.0,32890
2026-05-22 12:45:00,23869.0,23890.0,23860.0,23885.0,25155
2026-05-22 12:50:00,23885.0,23908.5,23885.0,23908.5,59800
2026-05-22 12:55:00,23908.5,23910.0,23895.0,23899.0,45370
2026-05-22 13:00:00,23899.0,23907.0,23881.7,23895.0,30615
2026-05-22 13:05:00,23895.0,23896.9,23881.1,23895.0,26845
2026-05-22 13:10:00,23895.0,23895.0,23883.0,23886.3,20345
2026-05-22 13:15:00,23886.3,23893.0,23880.1,23881.0,28145
2026-05-22 13:20:00,23881.0,23890.0,23880.0,23880.1,57720
2026-05-22 13:25:00,23880.1,23889.9,23872.5,23882.4,20410
2026-05-22 13:30:00,23882.4,23890.0,23876.1,23890.0,29315
2026-05-22 13:35:00,23890.0,23890.6,23875.0,23880.0,30355
2026-05-22 13:40:00,23880.0,23881.3,23871.0,23871.0,77350
2026-05-22 13:45:00,23871.0,23899.0,23870.8,23878.0,81250
2026-05-22 13:50:00,23878.0,23885.6,23862.6,23872.0,38480
2026-05-22 13:55:00,23872.0,23872.0,23851.4,23864.8,46020
2026-05-22 14:00:00,23864.8,23867.9,23830.0,23830.0,34710
2026-05-22 14:05:00,23827.0,23854.5,23806.8,23851.0,58760
2026-05-22 14:10:00,23851.0,23851.0,23835.0,23841.6,38740
2026-05-22 14:15:00,23841.6,23847.8,23830.0,23830.9,36270
2026-05-22 14:20:00,23830.9,23850.4,23819.0,23823.3,68250
2026-05-22 14:25:00,23823.3,23830.0,23801.1,23802.0,97760
2026-05-22 14:30:00,23802.0,23821.0,23781.0,23809.1,97825
2026-05-22 14:35:00,23809.1,23812.3,23778.0,23783.0,62140
2026-05-22 14:40:00,23783.0,23798.6,23770.1,23774.1,85345
2026-05-22 14:45:00,23774.1,23801.0,23765.0,23797.8,38090
2026-05-22 14:50:00,23797.8,23800.0,23785.0,23792.9,47840
2026-05-22 14:55:00,23792.9,23794.0,23780.1,23787.7,43095
2026-05-22 15:00:00,23787.7,23797.0,23760.0,23786.0,64155
2026-05-22 15:05:00,23786.0,23800.0,23780.0,23788.5,78585
2026-05-22 15:10:00,23788.5,23802.0,23781.0,23796.3,47580
2026-05-22 15:15:00,23796.3,23825.3,23796.3,23820.0,72085
2026-05-22 15:20:00,23820.0,23840.0,23810.0,23834.0,68120
2026-05-22 15:25:00,23837.9,23844.0,23825.1,23842.0,57005
2026-05-25 09:15:00,23989.0,24046.3,23980.0,24038.5,183755
2026-05-25 09:20:00,24038.5,24043.0,24020.0,24037.0,129610
2026-05-25 09:25:00,24037.0,24046.0,24025.7,24046.0,75985
2026-05-25 09:30:00,24046.0,24049.5,24012.1,24025.0,113880
2026-05-25 09:35:00,24025.0,24027.2,24004.3,24010.0,57265
2026-05-25 09:40:00,24010.0,24020.0,23994.7,24020.0,66625
2026-05-25 09:45:00,24020.0,24025.0,23994.0,24016.0,61490
2026-05-25 09:50:00,24016.0,24024.5,23995.7,23999.1,134225
2026-05-25 09:55:00,23999.1,24020.0,23999.1,24012.0,44850
2026-05-25 10:00:00,24012.0,24023.8,24005.0,24017.8,49400
2026-05-25 10:05:00,24015.0,24025.0,24012.0,24023.0,47255
2026-05-25 10:10:00,24025.0,24030.0,24015.1,24025.0,53040
2026-05-25 10:15:00,24025.0,24045.0,24020.0,24044.9,55445
2026-05-25 10:20:00,24044.9,24048.0,24035.0,24035.7,71695
2026-05-25 10:25:00,24035.7,24035.9,24020.9,24025.0,44785
2026-05-25 10:30:00,24025.0,24045.0,24024.2,24041.0,40430
2026-05-25 10:35:00,24041.0,24059.0,24041.0,24053.8,56745
2026-05-25 10:40:00,24053.1,24059.0,24040.0,24046.4,47190
2026-05-25 10:45:00,24046.4,24057.0,24046.0,24050.2,47580
2026-05-25 10:50:00,24050.2,24053.0,24035.0,24043.0,51805
2026-05-25 10:55:00,24043.0,24046.1,24030.1,24032.0,59605
2026-05-25 11:00:00,24032.0,24034.9,24026.0,24033.9,36920
2026-05-25 11:05:00,24033.9,24045.5,24027.9,24035.0,44265
2026-05-25 11:10:00,24035.0,24050.0,24030.0,24040.0,32695
2026-05-25 11:15:00,24040.0,24044.9,24030.0,24030.0,40820
2026-05-25 11:20:00,24031.9,24035.4,24024.0,24033.0,49530
2026-05-25 11:25:00,24033.0,24038.0,24025.6,24027.0,27430
2026-05-25 11:30:00,24027.0,24033.8,24024.0,24024.0,31655
2026-05-25 11:35:00,24024.0,24037.3,24024.0,24037.3,26780
2026-05-25 11:40:00,24037.3,24049.4,24031.4,24040.0,35945
2026-05-25 11:45:00,24040.0,24049.5,24033.3,24044.0,40560
2026-05-25 11:50:00,24044.0,24054.5,24035.0,24054.5,35035
2026-05-25 11:55:00,24054.5,24054.5,24041.5,24042.0,37180
2026-05-25 12:00:00,24042.0,24048.0,24013.8,24019.0,59345
2026-05-25 12:05:00,24019.0,24030.0,24019.0,24020.0,58240
2026-05-25 12:10:00,24020.0,24030.0,24016.0,24016.0,53625
2026-05-25 12:15:00,24016.0,24029.3,24009.7,24015.0,48685
2026-05-25 12:20:00,24015.0,24027.9,24011.0,24022.9,43290
2026-05-25 12:25:00,24022.9,24027.8,24010.0,24010.0,41275
2026-05-25 12:30:00,24017.8,24017.8,24004.7,24014.9,40885
2026-05-25 12:35:00,24014.9,24025.0,24010.8,24020.3,37765
2026-05-25 12:40:00,24020.3,24023.6,24010.0,24012.4,35295
2026-05-25 12:45:00,24012.4,24018.3,23982.5,23997.0,60190
2026-05-25 12:50:00,23993.9,24012.5,23982.5,24004.5,40365
2026-05-25 12:55:00,24004.5,24008.6,23991.1,24000.1,31525
2026-05-25 13:00:00,24000.1,24044.0,23991.1,24025.0,52520
2026-05-25 13:05:00,24025.0,24038.9,24015.0,24023.0,47840
2026-05-25 13:10:00,24023.0,24036.6,24021.0,24024.0,34710
2026-05-25 13:15:00,24024.0,24040.0,24020.0,24029.9,51740
2026-05-25 13:20:00,24030.0,24036.1,24024.9,24034.0,40690
2026-05-25 13:25:00,24034.0,24045.1,24031.1,24038.0,40170
2026-05-25 13:30:00,24038.0,24046.1,24036.0,24038.0,40300
2026-05-25 13:35:00,24038.0,24040.0,24030.0,24031.0,37830
2026-05-25 13:40:00,24031.0,24036.0,24014.4,24020.0,30420
2026-05-25 13:45:00,24020.0,24034.9,24015.0,24031.4,36985
2026-05-25 13:50:00,24031.4,24036.0,24020.0,24025.5,32175
2026-05-25 13:55:00,24025.5,24025.5,24011.6,24019.3,33215
2026-05-25 14:00:00,24019.3,24038.0,24012.1,24033.0,32695
2026-05-25 14:05:00,24033.0,24034.9,24015.0,24017.5,30355
2026-05-25 14:10:00,24017.5,24027.0,24010.0,24010.1,35035
2026-05-25 14:15:00,24010.1,24018.0,24007.0,24010.0,35685
2026-05-25 14:20:00,24010.0,24022.0,24009.0,24020.0,33605
2026-05-25 14:25:00,24020.0,24038.0,24014.0,24034.7,47970
2026-05-25 14:30:00,24034.7,24040.0,24025.5,24038.3,49725
2026-05-25 14:35:00,24050.0,24059.5,24036.1,24056.3,67795
2026-05-25 14:40:00,24056.3,24077.9,24050.1,24076.0,101205
2026-05-25 14:45:00,24076.0,24097.3,24070.0,24083.4,85670
2026-05-25 14:50:00,24083.4,24096.0,24081.1,24095.0,73710
2026-05-25 14:55:00,24095.0,24097.3,24090.0,24091.0,49725
2026-05-25 15:00:00,24091.0,24099.0,24081.0,24095.0,70135
2026-05-25 15:05:00,24095.0,24096.2,24082.0,24085.0,61165
2026-05-25 15:10:00,24082.3,24109.3,24082.3,24107.0,83590
2026-05-25 15:15:00,24107.0,24107.0,24090.0,24093.0,84565
2026-05-25 15:20:00,24093.0,24116.9,24093.0,24115.8,87490
2026-05-25 15:25:00,24116.3,24160.0,24114.0,24155.0,179595
2026-05-26 09:15:00,24105.0,24105.0,24012.0,24065.0,196495
2026-05-26 09:20:00,24065.0,24086.8,24059.0,24070.1,123955
2026-05-26 09:25:00,24070.1,24090.0,24068.2,24089.0,69095
2026-05-26 09:30:00,24090.0,24095.7,24080.0,24086.2,81510
2026-05-26 09:35:00,24085.5,24134.9,24064.1,24131.9,114595
2026-05-26 09:40:00,24131.9,24136.9,24108.2,24125.0,88010
2026-05-26 09:45:00,24125.0,24125.0,24105.0,24105.2,57005
2026-05-26 09:50:00,24116.1,24119.9,24094.0,24094.0,40365
2026-05-26 09:55:00,24094.0,24100.0,24064.0,24088.0,77155
2026-05-26 10:00:00,24088.0,24119.9,24074.1,24114.6,86125
2026-05-26 10:05:00,24114.6,24120.0,24090.2,24110.0,51025
2026-05-26 10:10:00,24110.0,24126.0,24109.5,24124.0,33670
2026-05-26 10:15:00,24124.0,24125.0,24102.8,24106.7,61035
2026-05-26 10:20:00,24106.0,24130.0,24100.2,24122.4,35165
2026-05-26 10:25:00,24122.4,24133.6,24120.0,24122.1,70135
2026-05-26 10:30:00,24122.1,24129.8,24114.1,24126.4,65000
2026-05-26 10:35:00,24126.4,24145.0,24126.4,24138.9,59605
2026-05-26 10:40:00,24138.9,24141.0,24120.1,24127.2,58305
2026-05-26 10:45:00,24127.2,24133.9,24120.0,24127.4,25545
2026-05-26 10:50:00,24127.4,24140.0,24120.0,24135.0,28210
2026-05-26 10:55:00,24135.0,24137.4,24130.0,24130.0,38350
2026-05-26 11:00:00,24129.7,24137.5,24127.0,24131.5,23660
2026-05-26 11:05:00,24131.5,24136.4,24120.0,24125.0,26910
2026-05-26 11:10:00,24125.0,24131.4,24120.0,24120.3,35685
2026-05-26 11:15:00,24124.2,24127.9,24108.0,24120.0,65065
2026-05-26 11:20:00,24120.0,24123.6,24095.1,24100.0,59280
2026-05-26 11:25:00,24100.0,24113.9,24095.0,24096.7,54080
2026-05-26 11:30:00,24096.7,24109.6,24076.2,24108.9,50375
2026-05-26 11:35:00,24108.9,24123.6,24103.6,24123.6,27105
2026-05-26 11:40:00,24123.6,24130.0,24115.0,24115.4,36660
2026-05-26 11:45:00,24115.4,24121.6,24106.8,24118.0,21320
2026-05-26 11:50:00,24118.0,24119.7,24105.0,24110.9,21515
2026-05-26 11:55:00,24110.9,24117.4,24082.5,24094.0,55900
2026-05-26 12:00:00,24094.0,24095.2,24071.0,24092.0,61815
2026-05-26 12:05:00,24092.0,24099.9,24082.3,24085.4,36205
2026-05-26 12:10:00,24085.4,24096.6,24073.6,24080.0,50050
2026-05-26 12:15:00,24080.0,24098.5,24073.6,24093.6,67925
2026-05-26 12:20:00,24093.6,24099.8,24090.0,24091.6,38740
2026-05-26 12:25:00,24091.6,24094.0,24072.5,24080.0,58630
2026-05-26 12:30:00,24080.0,24096.0,24077.0,24083.1,58825
2026-05-26 12:35:00,24083.1,24088.5,24070.0,24080.5,53430
2026-05-26 12:40:00,24080.5,24085.0,24062.2,24070.0,67860
2026-05-26 12:45:00,24070.0,24071.1,24040.2,24050.0,120120
2026-05-26 12:50:00,24050.0,24052.6,24020.0,24047.8,130455
2026-05-26 12:55:00,24045.0,24054.8,24035.0,24044.7,57720
2026-05-26 13:00:00,24044.9,24048.3,24021.1,24022.0,56225
2026-05-26 13:05:00,24022.0,24031.1,24018.5,24023.8,101010
2026-05-26 13:10:00,24022.1,24037.1,24021.6,24021.6,54730
2026-05-26 13:15:00,24021.6,24034.0,24006.0,24032.8,84565
2026-05-26 13:20:00,24032.8,24045.0,24026.0,24027.2,42250
2026-05-26 13:25:00,24030.0,24039.0,24024.1,24032.0,45630
2026-05-26 13:30:00,24032.0,24045.0,24028.9,24029.7,91975
2026-05-26 13:35:00,24031.5,24041.9,24012.2,24028.1,119340
2026-05-26 13:40:00,24028.1,24030.0,24007.0,24007.0,108030
2026-05-26 13:45:00,24007.0,24017.3,24000.9,24002.0,108095
2026-05-26 13:50:00,24002.0,24003.0,23988.0,24000.0,89180
2026-05-26 13:55:00,24000.0,24007.2,23986.6,23989.6,52390
2026-05-26 14:00:00,23989.6,23990.0,23957.7,23975.0,179075
2026-05-26 14:05:00,23975.0,23998.0,23956.8,23987.8,160225
2026-05-26 14:10:00,23987.8,23990.9,23971.0,23982.0,39650
2026-05-26 14:15:00,23982.0,23988.5,23970.8,23980.1,59930
2026-05-26 14:20:00,23980.1,23995.7,23976.0,23987.8,52520
2026-05-26 14:25:00,23987.8,23995.3,23962.1,23978.5,66885
2026-05-26 14:30:00,23979.0,23988.0,23970.2,23982.1,50375
2026-05-26 14:35:00,23982.0,23984.5,23960.6,23964.1,71435
2026-05-26 14:40:00,23964.1,23978.4,23954.0,23968.0,90155
2026-05-26 14:45:00,23968.0,23973.6,23960.1,23966.8,72280
2026-05-26 14:50:00,23966.8,23969.0,23950.0,23952.5,104065
2026-05-26 14:55:00,23952.5,23989.7,23951.0,23975.0,91000
2026-05-26 15:00:00,23975.0,23981.1,23956.1,23965.7,116285
2026-05-26 15:05:00,23968.9,23985.0,23965.1,23977.2,150995
2026-05-26 15:10:00,23977.2,23978.7,23967.1,23970.1,129350
2026-05-26 15:15:00,23970.1,23980.0,23970.0,23976.1,144170
2026-05-26 15:20:00,23976.1,23979.0,23975.1,23978.6,138385
2026-05-26 15:25:00,23978.3,23998.5,23978.3,23995.0,249860
2026-05-27 09:15:00,23970.0,23991.7,23900.0,23987.1,303875
2026-05-27 09:20:00,23987.1,24008.0,23977.6,23982.8,90935
2026-05-27 09:25:00,23982.8,23995.9,23953.0,23960.0,75855
2026-05-27 09:30:00,23960.0,23964.8,23930.0,23944.1,81900
2026-05-27 09:35:00,23944.1,23951.1,23935.0,23942.0,54275
2026-05-27 09:40:00,23942.0,23980.0,23941.0,23969.9,42770
2026-05-27 09:45:00,23969.9,23970.1,23931.0,23950.9,60710
2026-05-27 09:50:00,23950.9,23960.0,23935.0,23939.2,29185
2026-05-27 09:55:00,23939.2,23951.7,23926.0,23926.0,37505
2026-05-27 10:00:00,23926.0,23974.4,23921.0,23974.4,49140
2026-05-27 10:05:00,23978.9,23999.0,23970.0,23987.6,70590
2026-05-27 10:10:00,23987.6,24014.9,23985.9,24013.0,52390
2026-05-27 10:15:00,24013.0,24023.9,24000.0,24018.9,52715
2026-05-27 10:20:00,24018.9,24018.9,24010.0,24018.9,37115
2026-05-27 10:25:00,24018.9,24030.0,24013.2,24026.0,59020
2026-05-27 10:30:00,24026.0,24029.4,24010.0,24012.6,26585
2026-05-27 10:35:00,24012.6,24030.0,24007.0,24024.0,23790
2026-05-27 10:40:00,24024.0,24027.0,23991.1,23999.0,23205
2026-05-27 10:45:00,23999.0,24005.0,23980.0,24000.1,47840
2026-05-27 10:50:00,24000.1,24038.5,24000.0,24038.0,31785
2026-05-27 10:55:00,24038.0,24044.0,24025.0,24039.0,31655
2026-05-27 11:00:00,24039.0,24042.0,24015.0,24016.0,22035
2026-05-27 11:05:00,24016.0,24039.0,24015.1,24031.0,9750
2026-05-27 11:10:00,24031.0,24035.0,24015.1,24019.0,11375
2026-05-27 11:15:00,24019.0,24036.0,24018.0,24035.0,15600
2026-05-27 11:20:00,24035.0,24040.0,24030.1,24040.0,16250
2026-05-27 11:25:00,24040.0,24040.0,24028.2,24031.0,9165
2026-05-27 11:30:00,24031.0,24045.0,24026.0,24030.4,23140
2026-05-27 11:35:00,24030.4,24030.5,24001.0,24010.0,29315
2026-05-27 11:40:00,24010.0,24026.0,24005.5,24007.4,14430
2026-05-27 11:45:00,24007.4,24024.0,24005.0,24006.1,13585
2026-05-27 11:50:00,24006.1,24006.1,23990.0,24000.0,35555
2026-05-27 11:55:00,24000.0,24007.9,23982.8,23986.1,27235
2026-05-27 12:00:00,23986.1,23998.0,23967.2,23977.5,54340
2026-05-27 12:05:00,23977.7,23993.0,23972.0,23987.4,22945
2026-05-27 12:10:00,23987.4,23991.7,23974.8,23975.1,15080
2026-05-27 12:15:00,23975.1,23988.6,23974.3,23987.2,17095
2026-05-27 12:20:00,23987.2,23995.9,23982.6,23988.7,12545
2026-05-27 12:25:00,23988.0,23991.9,23960.2,23960.2,26000
2026-05-27 12:30:00,23960.2,23972.4,23950.4,23965.1,31655
2026-05-27 12:35:00,23965.1,23998.9,23960.0,23992.0,19110
2026-05-27 12:40:00,23992.0,23998.9,23980.1,23997.9,9620
2026-05-27 12:45:00,23997.9,23997.9,23980.0,23988.4,11440
2026-05-27 12:50:00,23988.4,23989.6,23962.2,23969.6,14755
2026-05-27 12:55:00,23969.6,23978.4,23960.0,23963.1,11245
2026-05-27 13:00:00,23963.1,23970.9,23951.0,23970.0,18005
2026-05-27 13:05:00,23970.0,23976.1,23951.0,23959.8,21125
2026-05-27 13:10:00,23951.0,23969.4,23944.2,23950.0,27690
2026-05-27 13:15:00,23950.0,23956.5,23941.0,23945.0,25740
2026-05-27 13:20:00,23945.0,23955.7,23936.0,23950.5,32825
2026-05-27 13:25:00,23950.5,23958.0,23940.1,23944.4,18135
2026-05-27 13:30:00,23942.0,23958.0,23941.2,23957.9,20280
2026-05-27 13:35:00,23957.9,23968.0,23951.6,23964.0,18785
2026-05-27 13:40:00,23964.0,23966.9,23942.5,23946.1,16770
2026-05-27 13:45:00,23950.9,23957.4,23941.2,23947.0,22490
2026-05-27 13:50:00,23947.0,23974.9,23944.1,23965.3,25415
2026-05-27 13:55:00,23965.3,23975.9,23963.1,23975.5,16445
2026-05-27 14:00:00,23975.5,23987.3,23970.2,23982.5,33995
2026-05-27 14:05:00,23982.5,23983.0,23971.2,23979.1,16055
2026-05-27 14:10:00,23979.1,23979.1,23955.0,23955.4,13195
2026-05-27 14:15:00,23955.4,23967.0,23955.0,23965.5,17485
2026-05-27 14:20:00,23962.0,23981.5,23955.2,23979.2,26910
2026-05-27 14:25:00,23977.0,23979.9,23945.0,23946.1,39845
2026-05-27 14:30:00,23946.1,23954.9,23935.0,23938.1,37440
2026-05-27 14:35:00,23938.1,23945.0,23920.0,23933.2,72995
2026-05-27 14:40:00,23933.2,23945.0,23931.0,23944.0,25870
2026-05-27 14:45:00,23944.0,23945.0,23930.2,23942.0,18850
2026-05-27 14:50:00,23942.0,23958.0,23938.2,23954.1,45825
2026-05-27 14:55:00,23950.0,23975.0,23949.7,23972.0,22815
2026-05-27 15:00:00,23972.0,23972.0,23946.3,23959.0,20280
2026-05-27 15:05:00,23960.0,23970.4,23949.0,23970.0,34645
2026-05-27 15:10:00,23970.0,23974.2,23960.0,23971.8,58045
2026-05-27 15:15:00,23973.9,24010.0,23972.5,24005.0,110175
2026-05-27 15:20:00,24005.0,24015.0,24000.2,24002.3,109330
2026-05-27 15:25:00,24002.3,24026.0,24000.0,24001.0,160290
2026-05-29 09:15:00,23994.0,24050.0,23970.1,24041.1,382200
2026-05-29 09:20:00,24041.1,24055.6,24013.4,24024.0,220155
2026-05-29 09:25:00,24025.3,24027.0,23975.0,23979.9,158600
2026-05-29 09:30:00,23979.9,24000.0,23970.0,23985.0,69030
2026-05-29 09:35:00,23985.0,24025.0,23978.0,24012.0,64805
2026-05-29 09:40:00,24012.0,24019.9,23960.0,23961.0,63440
2026-05-29 09:45:00,23964.9,24003.0,23957.1,24001.0,60190
2026-05-29 09:50:00,24001.0,24010.0,23987.9,23993.5,37440
2026-05-29 09:55:00,23993.5,23993.5,23971.1,23992.9,55250
2026-05-29 10:00:00,23992.9,24024.6,23980.0,24024.0,50570
2026-05-29 10:05:00,24020.0,24045.0,24019.4,24039.8,71955
2026-05-29 10:10:00,24039.8,24046.8,24030.0,24044.0,83590
2026-05-29 10:15:00,24044.0,24049.9,24027.2,24038.4,61360
2026-05-29 10:20:00,24038.4,24065.1,24026.0,24046.3,113360
2026-05-29 10:25:00,24046.3,24050.0,24015.0,24021.1,41535
2026-05-29 10:30:00,24021.1,24028.9,24002.0,24023.0,58240
2026-05-29 10:35:00,24023.0,24034.3,24011.7,24015.0,87555
2026-05-29 10:40:00,24015.0,24030.0,24002.0,24006.0,59150
2026-05-29 10:45:00,24006.0,24014.7,23992.9,24009.0,86710
2026-05-29 10:50:00,24009.0,24009.0,23979.0,23980.0,113685
2026-05-29 10:55:00,23980.0,24005.0,23975.0,24001.9,30550
2026-05-29 11:00:00,24001.9,24018.7,24000.5,24015.0,105040
2026-05-29 11:05:00,24015.0,24017.8,24003.0,24015.0,54860
2026-05-29 11:10:00,24015.0,24017.9,23992.6,24000.0,154700
2026-05-29 11:15:00,24000.0,24020.0,23995.0,24011.9,25285
2026-05-29 11:20:00,24011.9,24015.0,23996.9,24013.5,70525
2026-05-29 11:25:00,24013.5,24013.5,23992.1,23992.4,86190
2026-05-29 11:30:00,23992.4,24006.0,23980.0,23981.7,56225
2026-05-29 11:35:00,23980.0,24004.8,23980.0,24003.0,25935
2026-05-29 11:40:00,24003.0,24003.0,23984.1,24001.0,61620
2026-05-29 11:45:00,24001.0,24006.8,23990.1,24000.1,49530
2026-05-29 11:50:00,24000.1,24035.0,24000.1,24020.0,100035
2026-05-29 11:55:00,24020.0,24023.5,23995.1,24005.0,17420
2026-05-29 12:00:00,24005.0,24005.0,23967.0,23977.0,31330
2026-05-29 12:05:00,23975.0,23984.4,23971.0,23971.0,24765
2026-05-29 12:10:00,23971.0,23972.5,23922.0,23930.0,181090
2026-05-29 12:15:00,23930.0,23940.0,23905.0,23932.0,119730
2026-05-29 12:20:00,23933.8,23948.0,23929.9,23944.5,41015
2026-05-29 12:25:00,23944.5,23949.0,23939.0,23948.0,23270
2026-05-29 12:30:00,23948.0,23952.0,23933.5,23933.5,33020
2026-05-29 12:35:00,23933.5,23955.0,23930.1,23953.0,17615
2026-05-29 12:40:00,23953.0,23957.0,23937.0,23952.3,24700
2026-05-29 12:45:00,23952.3,23952.3,23932.0,23947.0,14690
2026-05-29 12:50:00,23947.0,23949.9,23927.0,23927.0,13715
2026-05-29 12:55:00,23927.0,23938.5,23915.0,23934.0,24310
2026-05-29 13:00:00,23934.0,23934.0,23911.0,23911.0,38415
2026-05-29 13:05:00,23911.0,23922.5,23894.0,23894.0,143585
2026-05-29 13:10:00,23895.4,23903.3,23852.1,23852.1,200525
2026-05-29 13:15:00,23851.2,23877.0,23846.0,23863.0,133965
2026-05-29 13:20:00,23863.0,23875.5,23841.0,23854.2,129610
2026-05-29 13:25:00,23854.2,23870.5,23847.3,23851.6,206115
2026-05-29 13:30:00,23851.6,23872.0,23848.8,23848.8,127335
2026-05-29 13:35:00,23848.8,23860.0,23837.6,23839.8,133185
2026-05-29 13:40:00,23839.0,23857.6,23837.8,23840.6,100685
2026-05-29 13:45:00,23840.4,23848.7,23822.0,23822.0,135330
2026-05-29 13:50:00,23823.3,23842.5,23810.1,23814.1,155740
2026-05-29 13:55:00,23814.1,23846.2,23810.0,23833.6,107445
2026-05-29 14:00:00,23833.6,23833.6,23810.6,23814.2,95485
2026-05-29 14:05:00,23814.5,23828.6,23805.7,23814.6,106470
2026-05-29 14:10:00,23814.6,23829.0,23811.0,23815.6,84500
2026-05-29 14:15:00,23812.2,23823.9,23803.0,23805.8,101075
2026-05-29 14:20:00,23805.8,23824.0,23802.0,23822.0,88855
2026-05-29 14:25:00,23822.0,23840.0,23815.1,23839.0,33800
2026-05-29 14:30:00,23839.0,23879.0,23831.1,23872.0,63050
2026-05-29 14:35:00,23870.0,23875.0,23855.0,23865.0,31980
2026-05-29 14:40:00,23865.0,23876.5,23857.2,23860.1,26520
2026-05-29 14:45:00,23860.4,23875.0,23855.0,23860.0,23985
2026-05-29 14:50:00,23857.0,23870.0,23842.3,23855.0,25155
2026-05-29 14:55:00,23850.1,23859.9,23820.0,23850.0,51350
2026-05-29 15:00:00,23850.0,23850.0,23712.1,23719.9,485745
2026-05-29 15:05:00,23718.7,23735.0,23711.1,23724.5,306215
2026-05-29 15:10:00,23724.1,23751.4,23719.7,23745.2,368030
2026-05-29 15:15:00,23745.2,23795.5,23745.2,23789.0,732810
2026-05-29 15:20:00,23789.0,23794.8,23718.0,23718.0,447720
2026-05-29 15:25:00,23718.0,23749.8,23715.0,23744.4,703430
2026-06-01 09:15:00,23740.0,23779.0,23675.0,23699.8,407550
2026-06-01 09:20:00,23699.8,23707.8,23652.6,23665.0,140140
2026-06-01 09:25:00,23665.0,23680.1,23652.0,23660.5,88270
2026-06-01 09:30:00,23660.5,23687.5,23652.0,23680.0,88400
2026-06-01 09:35:00,23680.0,23681.0,23637.0,23679.5,121615
2026-06-01 09:40:00,23679.5,23692.0,23643.0,23650.0,56225
2026-06-01 09:45:00,23650.0,23665.0,23634.0,23647.5,104780
2026-06-01 09:50:00,23644.6,23665.0,23636.3,23656.5,52715
2026-06-01 09:55:00,23656.5,23657.0,23625.0,23625.0,51870
2026-06-01 10:00:00,23625.0,23634.5,23606.0,23606.0,91195
2026-06-01 10:05:00,23609.4,23637.5,23601.7,23632.0,70655
2026-06-01 10:10:00,23632.0,23640.0,23616.0,23616.0,63700
2026-06-01 10:15:00,23616.0,23634.5,23605.0,23625.0,39195
2026-06-01 10:20:00,23626.0,23634.4,23615.9,23618.5,38350
2026-06-01 10:25:00,23619.5,23628.4,23602.5,23608.6,28795
2026-06-01 10:30:00,23608.6,23617.9,23581.0,23588.6,64610
2026-06-01 10:35:00,23586.9,23623.1,23585.0,23612.2,89765
2026-06-01 10:40:00,23612.2,23626.9,23601.3,23612.6,40625
2026-06-01 10:45:00,23612.6,23648.0,23610.0,23640.0,51610
2026-06-01 10:50:00,23640.0,23665.0,23631.0,23664.4,72020
2026-06-01 10:55:00,23664.4,23666.5,23640.0,23643.5,65780
2026-06-01 11:00:00,23643.5,23665.0,23640.0,23654.1,53235
2026-06-01 11:05:00,23654.1,23679.0,23654.1,23678.4,60060
2026-06-01 11:10:00,23678.4,23680.0,23670.0,23674.0,26780
2026-06-01 11:15:00,23674.0,23693.0,23666.0,23675.0,59930
2026-06-01 11:20:00,23672.0,23680.0,23650.0,23652.0,44135
2026-06-01 11:25:00,23651.0,23653.9,23628.0,23630.4,27625
2026-06-01 11:30:00,23630.4,23636.6,23610.6,23616.9,43420
2026-06-01 11:35:00,23616.9,23640.0,23615.0,23630.2,29510
2026-06-01 11:40:00,23630.2,23639.0,23615.0,23617.5,22815
2026-06-01 11:45:00,23617.5,23624.9,23600.1,23620.8,41730
2026-06-01 11:50:00,23620.8,23632.4,23613.5,23616.5,25610
2026-06-01 11:55:00,23616.5,23621.5,23555.0,23555.0,134355
2026-06-01 12:00:00,23560.0,23566.1,23550.0,23562.6,120640
2026-06-01 12:05:00,23562.6,23580.0,23560.0,23570.5,42315
2026-06-01 12:10:00,23570.5,23592.5,23565.0,23585.2,35620
2026-06-01 12:15:00,23590.0,23594.9,23570.0,23588.0,49270
2026-06-01 12:20:00,23588.0,23591.0,23567.8,23575.0,45500
2026-06-01 12:25:00,23575.0,23589.5,23572.3,23578.2,9230
2026-06-01 12:30:00,23578.2,23578.3,23570.0,23572.0,12870
2026-06-01 12:35:00,23572.0,23585.0,23570.1,23575.0,19630
2026-06-01 12:40:00,23575.0,23577.0,23565.0,23577.0,21775
2026-06-01 12:45:00,23577.0,23599.0,23576.0,23598.5,20865
2026-06-01 12:50:00,23598.5,23598.5,23576.4,23585.5,24180
2026-06-01 12:55:00,23585.5,23592.5,23558.0,23575.5,32305
2026-06-01 13:00:00,23575.5,23582.4,23550.0,23558.6,28210
2026-06-01 13:05:00,23558.6,23559.5,23535.0,23540.0,101140
2026-06-01 13:10:00,23540.0,23540.0,23510.0,23515.5,85150
2026-06-01 13:15:00,23515.0,23539.0,23515.0,23534.0,55055
2026-06-01 13:20:00,23534.0,23538.9,23525.0,23525.0,28665
2026-06-01 13:25:00,23525.0,23543.0,23522.7,23543.0,31395
2026-06-01 13:30:00,23543.0,23568.0,23540.0,23545.0,37375
2026-06-01 13:35:00,23545.0,23557.5,23535.1,23547.0,48230
2026-06-01 13:40:00,23547.0,23559.0,23541.5,23542.0,11245
2026-06-01 13:45:00,23542.0,23549.5,23530.0,23533.5,22750
2026-06-01 13:50:00,23533.5,23541.9,23521.0,23521.0,28665
2026-06-01 13:55:00,23521.0,23538.2,23515.0,23526.5,76960
2026-06-01 14:00:00,23526.5,23529.7,23488.2,23509.8,141440
2026-06-01 14:05:00,23509.8,23510.0,23487.9,23489.7,40040
2026-06-01 14:10:00,23489.7,23498.6,23474.5,23477.6,88335
2026-06-01 14:15:00,23477.6,23496.0,23468.0,23495.0,62855
2026-06-01 14:20:00,23490.0,23493.0,23461.0,23461.0,59865
2026-06-01 14:25:00,23461.0,23484.1,23460.0,23463.2,46215
2026-06-01 14:30:00,23463.2,23484.5,23452.0,23470.0,45240
2026-06-01 14:35:00,23470.0,23495.0,23466.7,23491.8,62660
2026-06-01 14:40:00,23495.0,23497.0,23488.0,23491.0,29770
2026-06-01 14:45:00,23491.0,23507.4,23473.9,23487.8,61295
2026-06-01 14:50:00,23487.8,23487.8,23448.8,23465.8,70590
2026-06-01 14:55:00,23465.8,23466.6,23442.0,23451.0,55185
2026-06-01 15:00:00,23449.0,23479.4,23436.0,23469.2,123045
2026-06-01 15:05:00,23469.2,23493.9,23460.0,23490.0,44460
2026-06-01 15:10:00,23488.1,23498.7,23466.1,23466.1,94770
2026-06-01 15:15:00,23466.1,23484.0,23456.6,23458.0,107835
2026-06-01 15:20:00,23458.0,23469.5,23449.2,23455.7,118560
2026-06-01 15:25:00,23455.7,23469.8,23444.6,23459.9,226330
2026-06-02 09:15:00,23299.0,23347.8,23286.0,23343.9,369330
2026-06-02 09:20:00,23343.9,23356.4,23330.8,23353.3,258635
2026-06-02 09:25:00,23353.3,23370.2,23338.1,23353.1,137670
2026-06-02 09:30:00,23353.9,23364.0,23332.5,23359.9,92170
2026-06-02 09:35:00,23359.9,23378.4,23353.7,23369.0,98865
2026-06-02 09:40:00,23369.0,23374.9,23345.0,23373.6,65195
2026-06-02 09:45:00,23373.6,23375.9,23347.0,23362.3,85800
2026-06-02 09:50:00,23362.2,23391.0,23355.1,23388.4,65000
2026-06-02 09:55:00,23390.0,23400.0,23378.0,23398.0,63635
2026-06-02 10:00:00,23398.0,23398.2,23382.7,23393.7,40690
2026-06-02 10:05:00,23393.7,23400.0,23370.0,23378.0,63960
2026-06-02 10:10:00,23378.0,23380.6,23358.8,23360.0,33995
2026-06-02 10:15:00,23360.0,23392.0,23348.0,23392.0,59020
2026-06-02 10:20:00,23393.0,23438.0,23386.0,23423.0,95355
2026-06-02 10:25:00,23430.0,23450.0,23422.7,23447.6,72865
2026-06-02 10:30:00,23447.6,23450.0,23408.7,23424.0,51740
2026-06-02 10:35:00,23420.0,23429.8,23406.3,23426.9,36725
2026-06-02 10:40:00,23426.9,23439.8,23421.7,23423.5,20995
2026-06-02 10:45:00,23423.5,23430.0,23403.7,23403.7,28080
2026-06-02 10:50:00,23402.6,23414.9,23375.0,23381.9,46540
2026-06-02 10:55:00,23381.9,23384.9,23359.8,23381.9,55120
2026-06-02 11:00:00,23381.9,23387.9,23371.0,23378.0,32890
2026-06-02 11:05:00,23378.0,23387.9,23368.6,23372.1,13130
2026-06-02 11:10:00,23372.1,23400.0,23370.0,23398.9,20215
2026-06-02 11:15:00,23398.9,23398.9,23375.0,23397.2,17290
2026-06-02 11:20:00,23397.2,23445.0,23387.6,23445.0,187785
2026-06-02 11:25:00,23445.0,23445.0,23407.3,23421.0,25415
2026-06-02 11:30:00,23421.0,23427.9,23410.0,23419.1,11180
2026-06-02 11:35:00,23419.1,23421.1,23369.0,23369.0,24700
2026-06-02 11:40:00,23369.0,23392.9,23368.6,23378.0,14885
2026-06-02 11:45:00,23378.0,23392.9,23371.0,23388.0,11895
2026-06-02 11:50:00,23388.0,23393.0,23380.0,23386.0,10725
2026-06-02 11:55:00,23381.3,23394.1,23365.0,23371.0,20540
2026-06-02 12:00:00,23371.0,23386.0,23360.6,23374.0,12545
2026-06-02 12:05:00,23374.0,23389.9,23361.2,23381.6,11375
2026-06-02 12:10:00,23381.6,23386.8,23359.4,23360.0,19890
2026-06-02 12:15:00,23360.0,23379.9,23358.7,23372.0,28795
2026-06-02 12:20:00,23372.0,23375.0,23364.7,23370.9,8970
2026-06-02 12:25:00,23374.4,23375.0,23360.0,23360.0,19175
2026-06-02 12:30:00,23360.0,23440.0,23360.0,23426.4,96590
2026-06-02 12:35:00,23426.4,23433.0,23410.0,23430.0,35165
2026-06-02 12:40:00,23430.0,23473.8,23423.0,23473.8,142220
2026-06-02 12:45:00,23464.8,23542.3,23464.8,23530.0,390780
2026-06-02 12:50:00,23525.7,23551.0,23521.0,23536.0,329615
2026-06-02 12:55:00,23536.0,23575.0,23527.3,23559.9,150475
2026-06-02 13:00:00,23559.9,23564.0,23539.2,23555.0,100555
2026-06-02 13:05:00,23555.0,23569.0,23548.7,23560.0,62985
2026-06-02 13:10:00,23560.0,23599.0,23555.0,23588.0,136110
2026-06-02 13:15:00,23588.0,23595.0,23575.1,23580.0,44005
2026-06-02 13:20:00,23580.0,23590.8,23568.8,23590.0,32045
2026-06-02 13:25:00,23590.0,23615.5,23590.0,23609.8,80925
2026-06-02 13:30:00,23609.8,23645.6,23609.8,23632.8,155025
2026-06-02 13:35:00,23632.8,23636.0,23602.0,23603.1,45175
2026-06-02 13:40:00,23603.1,23615.0,23590.2,23602.9,27950
2026-06-02 13:45:00,23602.9,23630.0,23600.0,23630.0,28925
2026-06-02 13:50:00,23630.0,23635.0,23609.4,23618.9,69485
2026-06-02 13:55:00,23618.9,23622.1,23608.1,23618.0,17550
2026-06-02 14:00:00,23618.0,23632.0,23610.0,23631.0,27235
2026-06-02 14:05:00,23631.0,23635.0,23621.0,23635.0,21970
2026-06-02 14:10:00,23635.0,23638.0,23625.2,23627.1,40495
2026-06-02 14:15:00,23627.1,23638.0,23607.1,23610.0,68120
2026-06-02 14:20:00,23610.0,23650.0,23606.3,23630.0,178750
2026-06-02 14:25:00,23630.0,23631.5,23605.1,23611.0,119145
2026-06-02 14:30:00,23610.8,23620.0,23600.0,23617.0,96135
2026-06-02 14:35:00,23617.0,23619.7,23567.3,23567.3,43160
2026-06-02 14:40:00,23568.7,23574.0,23525.0,23536.0,175240
2026-06-02 14:45:00,23536.0,23556.4,23516.0,23555.0,96200
2026-06-02 14:50:00,23555.0,23568.2,23548.4,23562.6,134940
2026-06-02 14:55:00,23562.6,23562.9,23536.2,23537.0,30680
2026-06-02 15:00:00,23537.0,23585.0,23522.0,23583.0,54015
2026-06-02 15:05:00,23583.0,23598.0,23571.7,23597.5,66560
2026-06-02 15:10:00,23597.5,23619.0,23593.1,23609.0,63245
2026-06-02 15:15:00,23608.7,23628.0,23600.0,23621.8,67990
2026-06-02 15:20:00,23617.7,23625.0,23611.2,23614.1,68315
2026-06-02 15:25:00,23614.1,23625.0,23601.2,23605.2,108420
2026-06-03 09:15:00,23500.0,23511.0,23351.0,23356.6,789360
2026-06-03 09:20:00,23356.6,23368.2,23340.9,23360.0,356395
2026-06-03 09:25:00,23362.0,23365.0,23320.5,23341.7,220415
2026-06-03 09:30:00,23341.7,23356.7,23311.0,23311.0,180375
2026-06-03 09:35:00,23314.6,23340.1,23304.2,23331.5,118365
2026-06-03 09:40:00,23331.5,23339.5,23315.0,23325.0,93795
2026-06-03 09:45:00,23325.0,23345.0,23318.0,23340.0,116935
2026-06-03 09:50:00,23342.0,23358.7,23310.0,23310.0,144820
2026-06-03 09:55:00,23310.0,23334.0,23283.0,23315.0,176085
2026-06-03 10:00:00,23315.0,23345.3,23310.4,23342.0,61165
2026-06-03 10:05:00,23342.0,23354.0,23316.8,23328.9,42705
2026-06-03 10:10:00,23328.9,23328.9,23290.0,23298.4,57395
2026-06-03 10:15:00,23298.4,23324.6,23285.8,23324.0,57070
2026-06-03 10:20:00,23324.0,23340.0,23319.0,23322.1,61360
2026-06-03 10:25:00,23322.1,23332.3,23304.4,23315.4,71045
2026-06-03 10:30:00,23315.4,23322.2,23271.0,23280.0,120120
2026-06-03 10:35:00,23280.0,23298.4,23270.0,23293.0,59930
2026-06-03 10:40:00,23293.0,23309.1,23285.0,23292.0,31525
2026-06-03 10:45:00,23292.0,23303.3,23281.1,23300.9,26650
2026-06-03 10:50:00,23300.9,23305.2,23290.0,23302.2,19370
2026-06-03 10:55:00,23302.2,23306.2,23280.0,23288.0,26845
2026-06-03 11:00:00,23288.0,23300.0,23274.0,23280.0,22165
2026-06-03 11:05:00,23280.0,23286.5,23258.0,23259.0,77090
2026-06-03 11:10:00,23259.0,23278.4,23257.0,23262.0,53235
2026-06-03 11:15:00,23262.0,23297.0,23255.6,23289.4,44850
2026-06-03 11:20:00,23289.4,23309.0,23275.0,23292.5,31460
2026-06-03 11:25:00,23292.5,23299.9,23270.1,23284.0,32500
2026-06-03 11:30:00,23284.0,23298.0,23271.0,23287.4,11765
2026-06-03 11:35:00,23287.4,23290.0,23261.0,23265.4,22165
2026-06-03 11:40:00,23265.4,23286.4,23260.0,23277.0,19370
2026-06-03 11:45:00,23277.0,23292.3,23271.0,23276.9,24765
2026-06-03 11:50:00,23276.9,23288.0,23270.9,23280.0,15990
2026-06-03 11:55:00,23280.0,23280.0,23250.0,23250.0,55640
2026-06-03 12:00:00,23250.0,23260.0,23212.0,23231.0,142675
2026-06-03 12:05:00,23231.3,23244.9,23225.0,23244.4,55575
2026-06-03 12:10:00,23244.4,23249.0,23231.0,23246.0,44915
2026-06-03 12:15:00,23246.9,23255.9,23232.6,23251.0,128505
2026-06-03 12:20:00,23251.0,23268.5,23250.4,23260.0,129025
2026-06-03 12:25:00,23260.0,23322.0,23251.0,23306.4,135915
2026-06-03 12:30:00,23306.4,23371.9,23306.4,23370.0,233740
2026-06-03 12:35:00,23370.0,23430.0,23369.9,23410.1,360230
2026-06-03 12:40:00,23410.1,23437.0,23401.2,23403.5,473785
2026-06-03 12:45:00,23404.1,23419.0,23370.9,23379.2,123500
2026-06-03 12:50:00,23382.0,23399.8,23353.5,23353.5,76830
2026-06-03 12:55:00,23353.5,23373.9,23351.1,23360.0,237640
2026-06-03 13:00:00,23360.0,23389.0,23353.0,23372.4,34645
2026-06-03 13:05:00,23372.4,23384.0,23350.0,23370.0,75660
2026-06-03 13:10:00,23370.0,23382.0,23360.0,23382.0,7150
2026-06-03 13:15:00,23387.0,23418.6,23382.5,23395.0,301925
2026-06-03 13:20:00,23395.0,23430.0,23392.1,23425.8,46605
2026-06-03 13:25:00,23429.7,23439.0,23410.2,23430.4,70980
2026-06-03 13:30:00,23422.2,23435.0,23400.0,23418.0,51675
2026-06-03 13:35:00,23418.0,23430.3,23410.0,23417.0,28860
2026-06-03 13:40:00,23417.0,23439.0,23401.5,23416.7,87490
2026-06-03 13:45:00,23416.2,23532.6,23413.3,23490.0,336700
2026-06-03 13:50:00,23488.0,23490.0,23460.0,23473.0,100880
2026-06-03 13:55:00,23473.0,23475.0,23438.0,23459.0,55705
2026-06-03 14:00:00,23459.0,23500.1,23458.1,23500.1,59995
2026-06-03 14:05:00,23500.1,23516.0,23480.0,23492.0,72735
2026-06-03 14:10:00,23492.0,23503.9,23483.8,23500.0,81770
2026-06-03 14:15:00,23500.0,23531.4,23500.0,23524.7,74230
2026-06-03 14:20:00,23524.7,23565.0,23516.3,23552.1,293995
2026-06-03 14:25:00,23552.1,23555.6,23526.0,23531.1,61295
2026-06-03 14:30:00,23531.1,23559.0,23531.0,23553.9,96200
2026-06-03 14:35:00,23550.0,23554.8,23526.0,23554.6,55185
2026-06-03 14:40:00,23550.0,23574.3,23550.0,23565.0,111865
2026-06-03 14:45:00,23565.0,23572.0,23547.0,23559.9,58175
2026-06-03 14:50:00,23559.9,23580.0,23549.1,23573.0,73125
2026-06-03 14:55:00,23573.0,23573.0,23548.8,23555.7,63245
2026-06-03 15:00:00,23564.9,23580.0,23515.8,23558.0,99255
2026-06-03 15:05:00,23558.0,23574.9,23504.0,23510.0,169780
2026-06-03 15:10:00,23509.5,23514.9,23485.6,23508.8,186615
2026-06-03 15:15:00,23508.7,23520.0,23500.0,23506.5,106860
2026-06-03 15:20:00,23506.5,23519.3,23501.8,23503.0,72605
2026-06-03 15:25:00,23503.0,23513.0,23488.5,23490.0,155805
2026-06-04 09:15:00,23352.0,23425.9,23326.0,23412.8,279305
2026-06-04 09:20:00,23412.8,23429.0,23388.0,23415.9,86385
2026-06-04 09:25:00,23415.9,23435.0,23400.0,23416.0,69875
2026-06-04 09:30:00,23416.0,23416.0,23383.9,23407.0,80730
2026-06-04 09:35:00,23407.0,23440.0,23396.0,23400.1,66365
2026-06-04 09:40:00,23400.1,23427.5,23377.6,23426.7,45825
2026-06-04 09:45:00,23428.0,23456.0,23421.2,23450.0,66690
2026-06-04 09:50:00,23450.0,23459.0,23432.1,23459.0,50245
2026-06-04 09:55:00,23459.0,23509.0,23451.0,23470.8,100295
2026-06-04 10:00:00,23470.8,23493.8,23460.2,23485.1,41275
2026-06-04 10:05:00,23485.1,23500.0,23482.0,23495.4,63505
2026-06-04 10:10:00,23495.4,23507.6,23487.6,23490.6,61685
2026-06-04 10:15:00,23490.6,23510.0,23480.0,23505.0,28470
2026-06-04 10:20:00,23505.0,23509.9,23494.6,23508.0,27170
2026-06-04 10:25:00,23508.0,23510.0,23482.0,23490.0,18590
2026-06-04 10:30:00,23490.0,23490.0,23448.0,23450.0,46085
2026-06-04 10:35:00,23450.0,23466.4,23436.1,23448.4,35750
2026-06-04 10:40:00,23448.4,23475.8,23448.0,23475.4,41990
2026-06-04 10:45:00,23475.4,23515.0,23470.2,23480.0,40820
2026-06-04 10:50:00,23480.0,23485.0,23467.1,23478.9,17420
2026-06-04 10:55:00,23478.9,23494.4,23475.9,23484.2,17810
2026-06-04 11:00:00,23484.2,23490.0,23443.0,23455.2,26325
2026-06-04 11:05:00,23455.2,23465.0,23436.0,23448.6,31460
2026-06-04 11:10:00,23448.6,23465.4,23441.0,23463.5,16575
2026-06-04 11:15:00,23463.5,23466.6,23442.4,23442.4,18005
2026-06-04 11:20:00,23442.4,23455.2,23441.0,23441.1,18200
2026-06-04 11:25:00,23441.1,23467.8,23434.0,23452.1,31525
2026-06-04 11:30:00,23450.5,23467.0,23412.6,23465.0,48685
2026-06-04 11:35:00,23464.5,23511.0,23458.3,23504.6,55055
2026-06-04 11:40:00,23503.5,23525.0,23498.2,23500.6,81575
2026-06-04 11:45:00,23500.6,23511.8,23489.6,23495.2,25610
2026-06-04 11:50:00,23495.2,23500.4,23456.2,23460.0,19370
2026-06-04 11:55:00,23460.0,23492.0,23457.9,23479.0,17810
2026-06-04 12:00:00,23479.0,23500.0,23474.8,23487.2,20020
2026-06-04 12:05:00,23487.2,23503.9,23487.2,23498.9,14365
2026-06-04 12:10:00,23498.9,23510.0,23498.9,23508.2,9360
2026-06-04 12:15:00,23509.0,23509.0,23487.2,23487.2,12740
2026-06-04 12:20:00,23487.2,23505.6,23485.0,23495.0,12740
2026-06-04 12:25:00,23495.0,23499.0,23480.6,23490.5,6825
2026-06-04 12:30:00,23490.5,23492.6,23451.0,23464.3,32370
2026-06-04 12:35:00,23464.3,23465.0,23436.7,23457.0,38220
2026-06-04 12:40:00,23457.0,23465.0,23436.9,23436.9,46735
2026-06-04 12:45:00,23440.0,23463.5,23430.1,23444.7,53950
2026-06-04 12:50:00,23444.7,23460.0,23435.6,23453.5,41535
2026-06-04 12:55:00,23453.5,23472.8,23445.4,23459.7,52780
2026-06-04 13:00:00,23459.7,23477.0,23447.8,23464.7,23530
2026-06-04 13:05:00,23464.7,23467.9,23428.0,23456.6,54015
2026-06-04 13:10:00,23456.6,23466.7,23381.0,23381.0,113360
2026-06-04 13:15:00,23380.0,23403.1,23359.2,23389.9,141180
2026-06-04 13:20:00,23389.9,23418.9,23380.0,23415.9,63440
2026-06-04 13:25:00,23415.9,23422.0,23398.3,23405.1,33670
2026-06-04 13:30:00,23405.1,23418.0,23400.0,23418.0,8190
2026-06-04 13:35:00,23418.0,23433.8,23418.0,23426.0,18330
2026-06-04 13:40:00,23426.0,23433.6,23402.0,23413.5,18135
2026-06-04 13:45:00,23413.5,23433.0,23411.0,23422.2,13585
2026-06-04 13:50:00,23422.2,23429.4,23405.1,23420.6,14170
2026-06-04 13:55:00,23420.6,23434.0,23405.0,23431.4,15860
2026-06-04 14:00:00,23431.4,23480.0,23430.5,23467.6,64480
2026-06-04 14:05:00,23470.0,23487.6,23455.3,23487.6,49400
2026-06-04 14:10:00,23487.4,23494.0,23470.1,23472.0,38025
2026-06-04 14:15:00,23472.0,23493.0,23472.0,23475.0,29705
2026-06-04 14:20:00,23475.0,23479.0,23460.9,23476.0,27820
2026-06-04 14:25:00,23476.0,23492.0,23473.7,23481.5,29380
2026-06-04 14:30:00,23481.5,23510.0,23478.0,23488.8,688350
2026-06-04 14:35:00,23490.0,23520.0,23488.5,23513.6,74620
2026-06-04 14:40:00,23513.0,23521.0,23490.0,23498.0,53365
2026-06-04 14:45:00,23498.0,23543.8,23486.2,23496.3,136890
2026-06-04 14:50:00,23496.3,23509.6,23470.0,23471.5,72930
2026-06-04 14:55:00,23471.5,23482.5,23470.0,23482.5,33085
2026-06-04 15:00:00,23482.5,23489.9,23455.0,23478.0,39455
2026-06-04 15:05:00,23478.0,23485.0,23463.1,23479.0,19695
2026-06-04 15:10:00,23479.0,23505.0,23479.0,23500.0,69355
2026-06-04 15:15:00,23500.0,23515.7,23495.0,23507.6,33800
2026-06-04 15:20:00,23507.6,23520.5,23501.0,23516.3,96590
2026-06-04 15:25:00,23520.0,23540.0,23516.5,23527.0,169585
2026-06-05 09:15:00,23560.0,23565.0,23515.0,23525.0,131820
2026-06-05 09:20:00,23525.0,23535.0,23501.2,23515.0,82550
2026-06-05 09:25:00,23506.0,23524.3,23501.0,23519.3,37570
2026-06-05 09:30:00,23519.3,23553.8,23519.3,23522.0,170560
2026-06-05 09:35:00,23522.0,23557.0,23515.1,23524.5,28210
2026-06-05 09:40:00,23524.5,23554.6,23512.5,23550.0,27950
2026-06-05 09:45:00,23550.0,23554.0,23512.8,23516.0,19045
2026-06-05 09:50:00,23516.0,23539.5,23511.0,23534.5,40755
2026-06-05 09:55:00,23534.5,23536.9,23512.0,23514.0,34450
2026-06-05 10:00:00,23514.0,23561.0,23490.0,23536.0,86775
2026-06-05 10:05:00,23536.0,23565.0,23503.0,23553.3,51805
2026-06-05 10:10:00,23553.3,23590.0,23537.6,23540.0,106860
2026-06-05 10:15:00,23540.0,23560.0,23521.5,23547.4,65195
2026-06-05 10:20:00,23547.4,23564.0,23531.0,23564.0,46085
2026-06-05 10:25:00,23565.0,23567.4,23528.1,23538.0,32240
2026-06-05 10:30:00,23538.0,23542.1,23500.0,23500.0,63700
2026-06-05 10:35:00,23499.9,23504.4,23430.0,23440.0,202410
2026-06-05 10:40:00,23440.0,23444.5,23410.2,23430.0,241800
2026-06-05 10:45:00,23430.0,23436.0,23391.1,23436.0,191100
2026-06-05 10:50:00,23434.0,23459.6,23434.0,23452.6,59150
2026-06-05 10:55:00,23452.6,23470.0,23447.8,23470.0,40625
2026-06-05 11:00:00,23470.0,23530.0,23466.0,23525.0,150605
2026-06-05 11:05:00,23525.0,23576.7,23523.4,23560.0,278330
2026-06-05 11:10:00,23560.0,23570.0,23520.4,23522.0,76700
2026-06-05 11:15:00,23530.0,23532.0,23491.2,23502.0,41795
2026-06-05 11:20:00,23502.0,23509.9,23463.0,23485.0,173680
2026-06-05 11:25:00,23485.0,23497.6,23471.1,23497.6,17290
2026-06-05 11:30:00,23497.6,23514.9,23490.0,23492.3,52520
2026-06-05 11:35:00,23492.3,23500.0,23471.1,23494.6,24570
2026-06-05 11:40:00,23494.6,23510.0,23477.0,23493.0,15470
2026-06-05 11:45:00,23493.0,23510.0,23490.2,23505.0,40690
2026-06-05 11:50:00,23505.0,23505.0,23477.0,23477.9,12220
2026-06-05 11:55:00,23477.9,23484.0,23460.0,23464.3,27430
2026-06-05 12:00:00,23464.3,23500.0,23460.0,23495.0,16640
2026-06-05 12:05:00,23495.0,23510.5,23490.0,23500.0,31460
2026-06-05 12:10:00,23500.0,23515.0,23475.0,23503.5,41600
2026-06-05 12:15:00,23503.5,23523.9,23498.0,23507.4,62530
2026-06-05 12:20:00,23507.4,23519.9,23500.1,23519.0,8645
2026-06-05 12:25:00,23519.0,23530.0,23511.1,23520.0,19890
