date,open,high,low,close,volume
2026-04-06 12:25:00,241508,241620,241500,241566,4
2026-04-06 12:30:00,241566,241660,241053,241128,50
2026-04-06 12:35:00,241128,241210,240962,240990,23
2026-04-06 12:40:00,240990,240990,240700,240800,55
2026-04-06 12:45:00,240800,241086,240450,240752,74
2026-04-06 12:50:00,240752,240752,240230,240230,93
2026-04-06 12:55:00,240230,240611,240210,240453,58
2026-04-06 13:00:00,240453,240750,240256,240750,33
2026-04-06 13:05:00,240750,241184,240708,240800,38
2026-04-06 13:10:00,240800,241299,240800,241117,120
2026-04-06 13:15:00,241117,241530,241089,241530,101
2026-04-06 13:20:00,241530,242000,241446,241650,224
2026-04-06 13:25:00,241650,241950,241584,241623,90
2026-04-06 13:30:00,241623,242460,241500,242367,224
2026-04-06 13:35:00,242367,242476,241800,241948,105
2026-04-06 13:40:00,241914,242309,241914,242195,67
2026-04-06 13:45:00,242195,242313,241700,241792,92
2026-04-06 13:50:00,241792,242378,241792,242378,60
2026-04-06 13:55:00,242378,242660,242150,242439,126
2026-04-06 14:00:00,242439,242800,242218,242700,80
2026-04-06 14:05:00,242700,242900,242381,242533,161
2026-04-06 14:10:00,242533,242990,242422,242742,99
2026-04-06 14:15:00,242742,243475,242742,243346,343
2026-04-06 14:20:00,243387,243448,242732,242995,136
2026-04-06 14:25:00,242995,243300,242904,243183,138
2026-04-06 14:30:00,243183,244400,243179,244204,320
2026-04-06 14:35:00,244228,244400,243901,244062,195
2026-04-06 14:40:00,244062,244429,244038,244308,167
2026-04-06 14:45:00,244381,244776,244200,244247,202
2026-04-06 14:50:00,244247,244620,244041,244368,152
2026-04-06 14:55:00,244368,244368,243917,244350,73
2026-04-06 15:00:00,244350,244808,244350,244600,158
2026-04-06 15:05:00,244600,244695,244246,244259,77
2026-04-06 15:10:00,244259,244506,244139,244464,83
2026-04-06 15:15:00,244464,244490,243750,243762,108
2026-04-06 15:20:00,243762,243883,243135,243200,260
2026-04-06 15:25:00,243200,243455,242855,243021,179
2026-04-06 15:30:00,243021,243797,243021,243797,136
2026-04-06 15:35:00,243799,243799,243338,243634,59
2026-04-06 15:40:00,243517,243733,243250,243305,62
2026-04-06 15:45:00,243356,243416,243244,243259,53
2026-04-06 15:50:00,243259,243764,243259,243537,75
2026-04-06 15:55:00,243537,243537,243161,243290,34
2026-04-06 16:00:00,243290,243620,243290,243469,32
2026-04-06 16:05:00,243469,244065,243469,243963,96
2026-04-06 16:10:00,243963,244099,243800,244022,52
2026-04-06 16:15:00,244022,244022,243126,243946,219
2026-04-06 16:20:00,243946,243946,243700,243710,30
2026-04-06 16:25:00,243710,243900,243689,243831,28
2026-04-06 16:30:00,243831,244236,243755,244092,54
2026-04-06 16:35:00,244092,244360,243980,244050,67
2026-04-06 16:40:00,244050,244112,243717,243717,42
2026-04-06 16:45:00,243700,243811,243500,243791,66
2026-04-06 16:50:00,243791,243791,243434,243725,30
2026-04-06 16:55:00,243725,243858,243501,243673,14
2026-04-06 17:00:00,243673,244074,243661,243800,40
2026-04-06 17:05:00,243800,244275,243777,244073,101
2026-04-06 17:10:00,244073,244292,244000,244000,78
2026-04-06 17:15:00,243895,243941,243684,243684,45
2026-04-06 17:20:00,243684,243900,243684,243791,38
2026-04-06 17:25:00,243791,243970,243609,243609,44
2026-04-06 17:30:00,243609,244123,243609,244108,37
2026-04-06 17:35:00,244108,244400,243840,243840,78
2026-04-06 17:40:00,243840,244077,243371,243493,182
2026-04-06 17:45:00,243493,243534,243226,243408,59
2026-04-06 17:50:00,243408,243483,242752,242911,154
2026-04-06 17:55:00,242911,243173,242540,243172,171
2026-04-06 18:00:00,243172,243600,243010,243600,91
2026-04-06 18:05:00,243600,243925,243500,243925,69
2026-04-06 18:10:00,243925,243925,243640,243673,22
2026-04-06 18:15:00,243673,243925,243673,243850,60
2026-04-06 18:20:00,243850,243850,243192,243610,43
2026-04-06 18:25:00,243610,243652,243286,243512,38
2026-04-06 18:30:00,243512,243650,243405,243405,28
2026-04-06 18:35:00,243405,243405,242682,243097,202
2026-04-06 18:40:00,243097,243250,242741,242741,56
2026-04-06 18:45:00,242741,242910,242127,242153,162
2026-04-06 18:50:00,242153,242890,241900,242890,227
2026-04-06 18:55:00,242890,242890,242517,242600,44
2026-04-06 19:00:00,242603,243464,242603,242978,127
2026-04-06 19:05:00,242978,243210,242150,242616,153
2026-04-06 19:10:00,242616,243136,242337,242400,103
2026-04-06 19:15:00,242347,242500,241603,241801,340
2026-04-06 19:20:00,241918,242855,241810,242734,150
2026-04-06 19:25:00,242734,242950,242510,242522,90
2026-04-06 19:30:00,242745,243378,242100,242100,251
2026-04-06 19:35:00,242100,242359,241836,242109,149
2026-04-06 19:40:00,242109,242400,241491,242400,206
2026-04-06 19:45:00,242400,242700,242252,242658,88
2026-04-06 19:50:00,242825,243000,242477,242714,155
2026-04-06 19:55:00,242714,242928,242585,242830,35
2026-04-06 20:00:00,242830,242988,242313,242724,60
2026-04-06 20:05:00,242724,243250,242374,242490,155
2026-04-06 20:10:00,242490,243178,242490,242867,38
2026-04-06 20:15:00,242867,242867,242438,242470,64
2026-04-06 20:20:00,242470,242947,242470,242723,45
2026-04-06 20:25:00,242723,243000,242723,242750,43
2026-04-06 20:30:00,242750,242750,242050,242157,104
2026-04-06 20:35:00,242157,242348,241800,242154,121
2026-04-06 20:40:00,242154,242164,241748,241924,94
2026-04-06 20:45:00,241924,241934,241250,241721,214
2026-04-06 20:50:00,241721,241884,241532,241630,49
2026-04-06 20:55:00,241630,241848,241259,241670,129
2026-04-06 21:00:00,241670,242084,241605,242000,64
2026-04-06 21:05:00,242000,242163,241400,241556,113
2026-04-06 21:10:00,241536,241769,241250,241769,138
2026-04-06 21:15:00,241769,242097,241697,241990,68
2026-04-06 21:20:00,241990,242228,241830,242180,68
2026-04-06 21:25:00,242180,242180,241832,241981,24
2026-04-06 21:30:00,241981,242293,241981,242029,49
2026-04-06 21:35:00,242029,242099,241913,241913,27
2026-04-06 21:40:00,241913,242293,241913,242240,41
2026-04-06 21:45:00,242240,242378,242004,242135,81
2026-04-06 21:50:00,242135,242135,242009,242069,19
2026-04-06 21:55:00,242069,242250,241990,241990,38
2026-04-06 22:00:00,241990,242065,241776,242065,27
2026-04-06 22:05:00,242065,242215,241990,242000,23
2026-04-06 22:10:00,241927,242114,241888,241888,44
2026-04-06 22:15:00,241888,242199,241888,242199,28
2026-04-06 22:20:00,242199,242240,241862,241870,36
2026-04-06 22:25:00,241870,241947,241720,241720,46
2026-04-06 22:30:00,241720,241776,241120,241498,172
2026-04-06 22:35:00,241498,241650,241362,241645,44
2026-04-06 22:40:00,241536,241790,240652,241027,250
2026-04-06 22:45:00,241027,241276,240500,241276,169
2026-04-06 22:50:00,241230,242160,241219,241981,202
2026-04-06 22:55:00,241981,242186,241805,241812,108
2026-04-06 23:00:00,241812,242284,241524,242168,102
2026-04-06 23:05:00,242168,242318,242037,242059,60
2026-04-06 23:10:00,242059,242142,241853,242000,65
2026-04-06 23:15:00,242000,242010,241850,241850,56
2026-04-06 23:20:00,241933,242134,241805,241996,77
2026-04-06 23:25:00,241983,242000,241785,241810,223
2026-04-07 09:00:00,240930,241982,240572,241400,392
2026-04-07 09:05:00,241400,241549,241015,241500,177
2026-04-07 09:10:00,241500,241593,241300,241593,107
2026-04-07 09:15:00,241593,241790,241521,241597,102
2026-04-07 09:20:00,241597,241844,241596,241744,108
2026-04-07 09:25:00,241744,242393,241744,242154,152
2026-04-07 09:30:00,242154,242815,242108,242793,144
2026-04-07 09:35:00,242793,242828,242184,242220,99
2026-04-07 09:40:00,242220,242317,241700,241700,86
2026-04-07 09:45:00,241700,242182,241700,241912,44
2026-04-07 09:50:00,241912,242147,241803,242147,30
2026-04-07 09:55:00,242147,242585,242147,242382,78
2026-04-07 10:00:00,242382,242999,242369,242679,203
2026-04-07 10:05:00,242679,242976,242595,242618,66
2026-04-07 10:10:00,242618,242976,242618,242920,63
2026-04-07 10:15:00,242989,243185,242792,243078,133
2026-04-07 10:20:00,243078,243918,243078,243800,307
2026-04-07 10:25:00,243746,243980,243201,243242,348
2026-04-07 10:30:00,243242,243499,242956,242999,125
2026-04-07 10:35:00,242999,243350,242922,243103,115
2026-04-07 10:40:00,243195,243221,242801,242955,102
2026-04-07 10:45:00,242955,243043,242700,242845,70
2026-04-07 10:50:00,242845,242992,242189,242470,135
2026-04-07 10:55:00,242400,242400,241100,241296,481
2026-04-07 11:00:00,241296,241877,240442,241256,465
2026-04-07 11:05:00,241256,241705,240935,241594,167
2026-04-07 11:10:00,241594,241648,240915,241000,105
2026-04-07 11:15:00,241001,241387,240800,241246,74
2026-04-07 11:20:00,241246,241648,241202,241501,58
2026-04-07 11:25:00,241501,241850,241285,241569,52
2026-04-07 11:30:00,241569,241840,241414,241839,74
2026-04-07 11:35:00,241839,241980,241600,241600,41
2026-04-07 11:40:00,241600,241916,241506,241656,30
2026-04-07 11:45:00,241656,241800,241500,241500,51
2026-04-07 11:50:00,241500,241533,241065,241303,72
2026-04-07 11:55:00,241366,241500,241300,241340,15
2026-04-07 12:00:00,241340,241365,241100,241100,29
2026-04-07 12:05:00,241100,241490,240948,241350,58
2026-04-07 12:10:00,241350,241600,241100,241600,34
2026-04-07 12:15:00,241600,241600,241223,241277,18
2026-04-07 12:20:00,241277,241600,241277,241598,27
2026-04-07 12:25:00,241598,241716,241102,241369,40
2026-04-07 12:30:00,241406,241634,241337,241463,28
2026-04-07 12:35:00,241463,241716,241144,241650,31
2026-04-07 12:40:00,241650,241754,241450,241450,23
2026-04-07 12:45:00,241450,241450,241200,241289,49
2026-04-07 12:50:00,241289,241303,240798,240850,139
2026-04-07 12:55:00,240850,241065,240152,240208,205
2026-04-07 13:00:00,240374,240674,239683,240562,305
2026-04-07 13:05:00,240562,240765,240227,240485,110
2026-04-07 13:10:00,240485,240749,240407,240630,67
2026-04-07 13:15:00,240630,240682,240202,240408,66
2026-04-07 13:20:00,240408,240408,239894,240052,89
2026-04-07 13:25:00,240072,240500,239970,240500,55
2026-04-07 13:30:00,240390,241457,240350,240878,225
2026-04-07 13:35:00,240878,241073,240823,241073,25
2026-04-07 13:40:00,241073,241590,240991,241590,174
2026-04-07 13:45:00,241590,241725,241363,241697,84
2026-04-07 13:50:00,241697,242624,241581,242259,400
2026-04-07 13:55:00,242187,242359,241658,241815,130
2026-04-07 14:00:00,241815,242527,241815,242333,86
2026-04-07 14:05:00,242333,242570,242253,242253,103
2026-04-07 14:10:00,242253,242480,242062,242382,70
2026-04-07 14:15:00,242382,242382,241829,242009,58
2026-04-07 14:20:00,242009,242122,241857,241873,52
2026-04-07 14:25:00,241873,242197,241873,242071,40
2026-04-07 14:30:00,242071,242319,242071,242117,29
2026-04-07 14:35:00,242117,242242,241900,242242,38
2026-04-07 14:40:00,242242,242470,242040,242040,40
2026-04-07 14:45:00,242040,242470,241922,242166,39
2026-04-07 14:50:00,242166,242500,242166,242500,78
2026-04-07 14:55:00,242500,242885,242301,242601,203
2026-04-07 15:00:00,242647,242647,242174,242487,62
2026-04-07 15:05:00,242487,242487,242010,242010,66
2026-04-07 15:10:00,242010,242046,241557,241624,181
2026-04-07 15:15:00,241568,241948,241320,241765,153
2026-04-07 15:20:00,241765,242100,241650,241996,63
2026-04-07 15:25:00,241996,242280,241996,242267,52
2026-04-07 15:30:00,242267,242350,242133,242238,42
2026-04-07 15:35:00,242238,242400,241240,241904,317
2026-04-07 15:40:00,241904,241921,241381,241765,87
2026-04-07 15:45:00,241765,242184,241765,242068,38
2026-04-07 15:50:00,242068,242145,241748,241893,12
2026-04-07 15:55:00,241893,241943,241015,241417,252
2026-04-07 16:00:00,241417,241800,241241,241294,82
2026-04-07 16:05:00,241204,241378,240991,241021,119
2026-04-07 16:10:00,241021,241214,240765,241033,183
2026-04-07 16:15:00,241033,241033,240381,240558,222
2026-04-07 16:20:00,240500,241000,240411,240989,81
2026-04-07 16:25:00,240989,241008,240404,240765,133
2026-04-07 16:30:00,240765,240906,240494,240741,78
2026-04-07 16:35:00,240741,240800,240224,240596,159
2026-04-07 16:40:00,240417,240417,239900,240331,224
2026-04-07 16:45:00,240271,240884,240245,240734,195
2026-04-07 16:50:00,240734,240883,240555,240826,28
2026-04-07 16:55:00,240826,241129,240533,240533,85
2026-04-07 17:00:00,240533,240684,240481,240526,67
2026-04-07 17:05:00,240526,241073,240526,240820,74
2026-04-07 17:10:00,240820,241140,240819,241022,75
2026-04-07 17:15:00,241022,241052,240698,240750,46
2026-04-07 17:20:00,240750,240765,240592,240592,18
2026-04-07 17:25:00,240592,240714,240550,240682,28
2026-04-07 17:30:00,240682,240812,240550,240690,26
2026-04-07 17:35:00,240690,240924,240324,240525,187
2026-04-07 17:40:00,240525,240672,240225,240365,49
2026-04-07 17:45:00,240481,240999,240190,240763,121
2026-04-07 17:50:00,240763,241236,240646,241119,182
2026-04-07 17:55:00,241119,241300,241004,241271,65
2026-04-07 18:00:00,241300,241400,240755,240756,111
2026-04-07 18:05:00,240756,241062,240702,240957,58
2026-04-07 18:10:00,240957,240957,240408,240509,44
2026-04-07 18:15:00,240509,240526,239372,239417,317
2026-04-07 18:20:00,239417,239915,239012,239719,351
2026-04-07 18:25:00,239719,240429,239650,239843,210
2026-04-07 18:30:00,239843,240200,239348,240106,201
2026-04-07 18:35:00,240000,240384,239957,240213,98
2026-04-07 18:40:00,240213,240293,239876,240172,57
2026-04-07 18:45:00,240172,240191,239600,239798,56
2026-04-07 18:50:00,239798,240245,239666,240065,60
2026-04-07 18:55:00,240065,240495,240033,240100,75
2026-04-07 19:00:00,240100,240275,239476,239500,106
2026-04-07 19:05:00,239329,239697,239100,239115,231
2026-04-07 19:10:00,239101,239208,237820,238181,688
2026-04-07 19:15:00,238181,238788,237995,238558,236
2026-04-07 19:20:00,238558,238785,238097,238644,169
2026-04-07 19:25:00,238700,238830,237699,237699,371
2026-04-07 19:30:00,237650,237707,236000,236153,702
2026-04-07 19:35:00,236153,236617,234562,235154,976
2026-04-07 19:40:00,235249,236169,235214,235900,570
2026-04-07 19:45:00,235916,235920,233634,234195,874
2026-04-07 19:50:00,234275,236497,234123,236203,718
2026-04-07 19:55:00,236203,236800,235650,236100,318
2026-04-07 20:00:00,236161,237089,235711,236757,381
2026-04-07 20:05:00,236757,237500,236611,236940,337
2026-04-07 20:10:00,236940,237077,236460,236460,198
2026-04-07 20:15:00,236460,237240,236411,236918,314
2026-04-07 20:20:00,236832,236884,236385,236576,195
2026-04-07 20:25:00,236382,236481,235390,235408,206
2026-04-07 20:30:00,235413,236012,235272,235300,327
2026-04-07 20:35:00,235197,235500,235012,235130,240
2026-04-07 20:40:00,235498,236085,235498,235973,200
2026-04-07 20:45:00,235973,236744,235947,236523,312
2026-04-07 20:50:00,236523,236748,236129,236175,158
2026-04-07 20:55:00,236175,237060,236175,237030,154
2026-04-07 21:00:00,237030,237195,236438,236555,203
2026-04-07 21:05:00,236525,236852,236204,236429,75
2026-04-07 21:10:00,236429,236796,236200,236498,88
2026-04-07 21:15:00,236498,237180,236498,237033,104
2026-04-07 21:20:00,237033,237235,236737,237204,109
2026-04-07 21:25:00,237204,237749,237204,237573,269
2026-04-07 21:30:00,237700,238732,237500,238230,383
2026-04-07 21:35:00,238230,238253,237522,237590,180
2026-04-07 21:40:00,237500,237865,237401,237728,105
2026-04-07 21:45:00,237728,237728,237300,237457,50
2026-04-07 21:50:00,237457,238295,237159,237685,350
2026-04-07 21:55:00,237804,238152,237657,238149,118
2026-04-07 22:00:00,238149,238396,237739,238273,139
2026-04-07 22:05:00,238273,238273,237728,237742,83
2026-04-07 22:10:00,237765,238281,237650,238209,113
2026-04-07 22:15:00,238209,238839,238209,238383,238
2026-04-07 22:20:00,238300,238679,238267,238457,68
2026-04-07 22:25:00,238457,238457,238057,238057,83
2026-04-07 22:30:00,238000,238865,237945,238757,192
2026-04-07 22:35:00,238757,239221,238652,238996,237
2026-04-07 22:40:00,238996,238996,238620,238700,68
2026-04-07 22:45:00,238700,238873,238339,238500,91
2026-04-07 22:50:00,238500,238894,238306,238680,81
2026-04-07 22:55:00,238680,238920,238590,238859,102
2026-04-07 23:00:00,238900,239653,238900,239521,320
2026-04-07 23:05:00,239660,240294,239580,239725,525
2026-04-07 23:10:00,239879,239917,239401,239500,119
2026-04-07 23:15:00,239434,239879,239434,239752,137
2026-04-07 23:20:00,239751,239885,239662,239750,121
2026-04-07 23:25:00,239681,239832,239500,239510,208
2026-04-08 09:00:00,244552,254063,244552,251150,2454
2026-04-08 09:05:00,251150,252000,251150,251429,958
2026-04-08 09:10:00,251429,251649,251252,251340,421
2026-04-08 09:15:00,251340,251552,251000,251098,406
2026-04-08 09:20:00,251192,251589,251065,251065,319
2026-04-08 09:25:00,251065,251433,250964,251279,282
2026-04-08 09:30:00,251279,251884,251279,251500,406
2026-04-08 09:35:00,251440,251622,251201,251252,275
2026-04-08 09:40:00,251252,251650,251207,251550,155
2026-04-08 09:45:00,251550,251651,251117,251140,199
2026-04-08 09:50:00,251140,251238,251000,251238,137
2026-04-08 09:55:00,251238,251888,251143,251888,230
2026-04-08 10:00:00,251830,252678,251830,252396,538
2026-04-08 10:05:00,252359,252700,252284,252630,238
2026-04-08 10:10:00,252630,252649,252232,252383,196
2026-04-08 10:15:00,252352,252385,251897,251927,191
2026-04-08 10:20:00,251927,252471,251875,252206,146
2026-04-08 10:25:00,252206,252499,252199,252425,116
2026-04-08 10:30:00,252410,252677,252302,252597,136
2026-04-08 10:35:00,252597,252968,252433,252433,180
2026-04-08 10:40:00,252427,252751,252283,252611,134
2026-04-08 10:45:00,252611,252701,252320,252500,61
2026-04-08 10:50:00,252500,252796,252500,252796,115
2026-04-08 10:55:00,252796,253331,252683,253325,280
2026-04-08 11:00:00,253261,253549,252860,253124,313
2026-04-08 11:05:00,253124,253213,252879,252966,130
2026-04-08 11:10:00,252966,253415,252966,253211,170
2026-04-08 11:15:00,253211,254291,253062,254200,466
2026-04-08 11:20:00,254331,254800,254300,254571,402
2026-04-08 11:25:00,254571,254571,254113,254320,217
2026-04-08 11:30:00,254350,254780,254198,254399,303
2026-04-08 11:35:00,254399,254636,253837,254161,215
2026-04-08 11:40:00,254202,254597,254202,254381,149
2026-04-08 11:45:00,254381,254643,254277,254363,81
2026-04-08 11:50:00,254440,254887,254365,254742,167
2026-04-08 11:55:00,254742,254742,254494,254691,85
2026-04-08 12:00:00,254691,254691,254112,254276,112
2026-04-08 12:05:00,254276,254436,254039,254040,104
2026-04-08 12:10:00,254040,254388,253786,254298,170
2026-04-08 12:15:00,254298,254450,254234,254297,106
2026-04-08 12:20:00,254297,254318,253830,253881,144
2026-04-08 12:25:00,253881,253941,253567,253612,280
2026-04-08 12:30:00,253658,253815,253250,253500,215
2026-04-08 12:35:00,253500,253868,253451,253712,49
2026-04-08 12:40:00,253712,253712,253410,253458,44
2026-04-08 12:45:00,253458,253619,253378,253460,76
2026-04-08 12:50:00,253460,253580,253251,253574,95
2026-04-08 12:55:00,253574,254002,253493,253544,83
2026-04-08 13:00:00,253544,253656,253250,253379,101
2026-04-08 13:05:00,253379,253670,253379,253443,37
2026-04-08 13:10:00,253450,253513,253277,253406,43
2026-04-08 13:15:00,253406,253677,253304,253560,37
2026-04-08 13:20:00,253600,253730,253510,253595,27
2026-04-08 13:25:00,253595,253605,253450,253605,25
2026-04-08 13:30:00,253605,253610,252921,253117,188
2026-04-08 13:35:00,253117,253356,253023,253066,31
2026-04-08 13:40:00,253066,253200,252749,253123,145
2026-04-08 13:45:00,253123,253564,253123,253564,40
2026-04-08 13:50:00,253564,253564,252851,252851,37
2026-04-08 13:55:00,252851,253000,252529,253000,93
2026-04-08 14:00:00,253055,253055,252764,252920,46
2026-04-08 14:05:00,252950,253147,252857,253102,88
2026-04-08 14:10:00,253102,253153,252400,252739,104
2026-04-08 14:15:00,252739,252949,252646,252810,49
2026-04-08 14:20:00,252810,253100,252795,252879,38
2026-04-08 14:25:00,252879,253187,252879,253112,39
2026-04-08 14:30:00,253112,253585,253112,253471,136
2026-04-08 14:35:00,253471,253795,253471,253543,107
2026-04-08 14:40:00,253543,253643,253463,253601,31
2026-04-08 14:45:00,253601,253601,253451,253535,27
2026-04-08 14:50:00,253535,253701,253400,253500,123
2026-04-08 14:55:00,253500,253500,253122,253155,86
2026-04-08 15:00:00,253155,253294,252912,252933,66
2026-04-08 15:05:00,253000,253258,252968,253034,55
2026-04-08 15:10:00,253034,253146,252500,252624,97
2026-04-08 15:15:00,252675,253000,252578,252939,76
2026-04-08 15:20:00,252939,253189,252706,252840,54
2026-04-08 15:25:00,252707,252784,252498,252615,61
2026-04-08 15:30:00,252615,253182,252599,253052,72
2026-04-08 15:35:00,253052,253371,252987,253317,58
2026-04-08 15:40:00,253317,253317,252987,252987,25
2026-04-08 15:45:00,252987,252987,252557,252743,68
2026-04-08 15:50:00,252743,253085,252658,252913,67
2026-04-08 15:55:00,252913,253189,252913,253055,18
2026-04-08 16:00:00,253055,253198,252907,253000,35
2026-04-08 16:05:00,253000,253399,252956,253244,77
2026-04-08 16:10:00,253244,253332,253016,253321,24
2026-04-08 16:15:00,253321,253500,253250,253300,64
2026-04-08 16:20:00,253266,253498,253266,253448,42
2026-04-08 16:25:00,253448,253448,253109,253109,23
2026-04-08 16:30:00,253109,253372,253000,253049,72
2026-04-08 16:35:00,253049,253344,253010,253344,37
2026-04-08 16:40:00,253344,253480,253260,253369,33
2026-04-08 16:45:00,253369,253480,253193,253408,34
2026-04-08 16:50:00,253448,254082,253400,254082,116
2026-04-08 16:55:00,254082,254290,253905,254178,128
2026-04-08 17:00:00,254178,254500,253863,254420,193
2026-04-08 17:05:00,254420,254420,253744,253911,85
2026-04-08 17:10:00,253911,254199,253894,253995,48
2026-04-08 17:15:00,253995,254152,253995,254131,44
2026-04-08 17:20:00,254131,254370,253984,254190,112
2026-04-08 17:25:00,254190,254340,254005,254087,50
2026-04-08 17:30:00,254087,254600,254087,254600,146
2026-04-08 17:35:00,254600,254660,254400,254400,115
2026-04-08 17:40:00,254400,254550,254225,254466,80
2026-04-08 17:45:00,254466,254650,253877,253877,104
2026-04-08 17:50:00,253826,253982,252804,252868,467
2026-04-08 17:55:00,252712,253607,252700,253607,231
2026-04-08 18:00:00,253782,254048,253603,253925,131
2026-04-08 18:05:00,253925,254292,253769,254132,99
2026-04-08 18:10:00,254132,254132,253940,254100,63
2026-04-08 18:15:00,254140,254450,253971,254248,92
2026-04-08 18:20:00,254248,254399,253973,254399,65
2026-04-08 18:25:00,254399,254425,254137,254425,36
2026-04-08 18:30:00,254425,254988,254182,254761,399
2026-04-08 18:35:00,254794,254794,254274,254305,97
2026-04-08 18:40:00,254305,254305,253924,254000,93
2026-04-08 18:45:00,254000,254193,253580,253580,111
2026-04-08 18:50:00,253580,253979,253369,253951,120
2026-04-08 18:55:00,253951,254230,253700,253771,71
2026-04-08 19:00:00,253659,254118,253011,253312,259
2026-04-08 19:05:00,253312,253465,252676,252838,206
2026-04-08 19:10:00,252838,253041,252000,252000,435
2026-04-08 19:15:00,252000,253179,251721,253100,363
2026-04-08 19:20:00,253100,253100,252252,252411,147
2026-04-08 19:25:00,252149,252682,252144,252633,147
2026-04-08 19:30:00,252633,253070,252572,252679,152
2026-04-08 19:35:00,252679,253000,252345,252750,194
2026-04-08 19:40:00,252750,252800,252239,252240,106
2026-04-08 19:45:00,252240,252735,251668,251879,197
2026-04-08 19:50:00,251769,252317,251769,251947,114
2026-04-08 19:55:00,251716,251716,250477,250905,626
2026-04-08 20:00:00,250982,251131,249624,249773,942
2026-04-08 20:05:00,249773,250362,249220,250164,798
2026-04-08 20:10:00,250164,250999,249463,249521,471
2026-04-08 20:15:00,249521,249897,248552,249124,560
2026-04-08 20:20:00,249200,249290,248127,248677,531
2026-04-08 20:25:00,248677,248677,247121,247757,799
2026-04-08 20:30:00,247816,248850,247746,248631,412
2026-04-08 20:35:00,248631,248750,248000,248000,242
2026-04-08 20:40:00,247945,248603,247564,248164,367
2026-04-08 20:45:00,248164,249000,247974,248929,188
2026-04-08 20:50:00,248929,249652,248929,249401,216
2026-04-08 20:55:00,249401,249567,248636,248937,195
2026-04-08 21:00:00,248937,249447,248800,249447,130
2026-04-08 21:05:00,249479,249917,249255,249792,143
2026-04-08 21:10:00,249792,249792,249284,249284,113
2026-04-08 21:15:00,249284,249668,249284,249650,92
2026-04-08 21:20:00,249600,249993,249600,249681,149
2026-04-08 21:25:00,249681,249862,249289,249382,113
2026-04-08 21:30:00,249382,250250,249350,249935,199
2026-04-08 21:35:00,249935,250144,249755,249961,100
2026-04-08 21:40:00,249961,250129,249485,249485,91
2026-04-08 21:45:00,249485,249552,248500,248701,291
2026-04-08 21:50:00,248701,249197,248685,249140,88
2026-04-08 21:55:00,249140,249175,248847,248900,89
2026-04-08 22:00:00,248950,249409,248550,249407,139
2026-04-08 22:05:00,249420,249455,249081,249455,36
2026-04-08 22:10:00,249455,249650,249451,249500,68
2026-04-08 22:15:00,249500,249794,249300,249719,79
2026-04-08 22:20:00,249595,249686,249400,249413,58
2026-04-08 22:25:00,249413,249627,249275,249300,44
2026-04-08 22:30:00,249300,249300,248999,248999,124
2026-04-08 22:35:00,248999,249163,248721,249150,94
2026-04-08 22:40:00,249150,249204,249017,249156,23
2026-04-08 22:45:00,249156,249303,248735,248826,90
2026-04-08 22:50:00,248845,249000,248600,248826,119
2026-04-08 22:55:00,248696,248985,248600,248852,72
2026-04-08 23:00:00,248850,249100,248516,248578,153
2026-04-08 23:05:00,248740,248741,248377,248400,130
2026-04-08 23:10:00,248450,248662,248318,248498,71
2026-04-08 23:15:00,248498,248732,248400,248420,145
2026-04-08 23:20:00,248552,248737,248541,248600,137
2026-04-08 23:25:00,248600,248699,248330,248596,264
2026-04-09 09:00:00,246453,246453,244051,245133,945
2026-04-09 09:05:00,245191,245304,244842,245176,283
2026-04-09 09:10:00,245176,245520,245100,245520,207
2026-04-09 09:15:00,245520,245615,245069,245440,233
2026-04-09 09:20:00,245440,245713,245200,245621,120
2026-04-09 09:25:00,245540,245990,245540,245825,177
2026-04-09 09:30:00,245825,246063,245608,246063,183
2026-04-09 09:35:00,246063,246276,245845,246211,281
2026-04-09 09:40:00,246211,246350,246004,246100,99
2026-04-09 09:45:00,246100,246100,245608,245635,86
2026-04-09 09:50:00,245635,245635,245300,245487,125
2026-04-09 09:55:00,245487,245599,245312,245418,88
2026-04-09 10:00:00,245378,245400,245000,245075,179
2026-04-09 10:05:00,245075,245677,245071,245384,92
2026-04-09 10:10:00,245384,245854,245354,245680,61
2026-04-09 10:15:00,245680,245802,245575,245687,51
2026-04-09 10:20:00,245687,245912,245687,245863,54
2026-04-09 10:25:00,245863,245863,245608,245823,42
2026-04-09 10:30:00,245823,245957,245665,245801,62
2026-04-09 10:35:00,245801,245801,245251,245312,71
2026-04-09 10:40:00,245312,245656,245031,245051,224
2026-04-09 10:45:00,245051,245611,245051,245555,52
2026-04-09 10:50:00,245555,245750,245449,245460,49
2026-04-09 10:55:00,245460,245800,245456,245800,57
2026-04-09 11:00:00,245671,245671,245050,245189,94
2026-04-09 11:05:00,245189,245720,244940,245435,184
2026-04-09 11:10:00,245382,245563,245280,245526,45
2026-04-09 11:15:00,245526,245619,245192,245415,67
2026-04-09 11:20:00,245415,245415,245000,245173,131
2026-04-09 11:25:00,245173,245550,245162,245429,66
2026-04-09 11:30:00,245429,245670,245308,245670,85
2026-04-09 11:35:00,245670,245762,245500,245500,63
2026-04-09 11:40:00,245500,245629,245231,245381,51
2026-04-09 11:45:00,245381,245443,245200,245200,61
2026-04-09 11:50:00,245197,245336,245080,245123,66
2026-04-09 11:55:00,245200,245382,245114,245382,34
2026-04-09 12:00:00,245382,245554,245314,245314,34
2026-04-09 12:05:00,245314,245314,245050,245160,44
2026-04-09 12:10:00,245160,245297,245098,245149,58
2026-04-09 12:15:00,245149,245276,245042,245202,35
2026-04-09 12:20:00,245202,245256,244812,245014,111
2026-04-09 12:25:00,245014,245300,245014,245261,22
2026-04-09 12:30:00,245261,245626,245261,245555,68
2026-04-09 12:35:00,245555,245827,245500,245693,112
2026-04-09 12:40:00,245693,245975,245525,245700,140
2026-04-09 12:45:00,245700,245700,245330,245427,50
2026-04-09 12:50:00,245427,245427,245088,245200,36
2026-04-09 12:55:00,245200,245388,244800,244835,122
2026-04-09 13:00:00,244835,245385,244646,245289,113
2026-04-09 13:05:00,245289,245558,245208,245558,68
2026-04-09 13:10:00,245558,245558,245064,245261,44
2026-04-09 13:15:00,245261,245261,244889,245252,65
2026-04-09 13:20:00,245252,245252,244950,245216,28
2026-04-09 13:25:00,245216,245584,245152,245584,58
2026-04-09 13:30:00,245717,245753,245389,245424,107
2026-04-09 13:35:00,245424,245632,245418,245570,49
2026-04-09 13:40:00,245570,245623,245401,245550,78
2026-04-09 13:45:00,245550,245550,245400,245520,14
2026-04-09 13:50:00,245520,245700,245520,245700,34
2026-04-09 13:55:00,245700,245800,245546,245601,36
2026-04-09 14:00:00,245601,246000,245600,245951,102
2026-04-09 14:05:00,245951,245951,245650,245742,27
2026-04-09 14:10:00,245742,245948,245742,245875,19
2026-04-09 14:15:00,245875,246050,245829,245990,74
2026-04-09 14:20:00,245990,245990,245758,245760,34
2026-04-09 14:25:00,245760,245901,245703,245703,24
2026-04-09 14:30:00,245703,245720,245400,245539,85
2026-04-09 14:35:00,245538,245900,245522,245884,49
2026-04-09 14:40:00,245884,245930,245774,245849,27
2026-04-09 14:45:00,245730,245845,245664,245664,12
2026-04-09 14:50:00,245664,245729,245589,245729,15
2026-04-09 14:55:00,245729,245729,245649,245687,13
2026-04-09 15:00:00,245683,245789,245500,245725,38
2026-04-09 15:05:00,245725,245820,245638,245819,27
2026-04-09 15:10:00,245819,245819,245700,245809,16
2026-04-09 15:15:00,245809,245809,245577,245677,22
2026-04-09 15:20:00,245677,245810,245643,245735,20
2026-04-09 15:25:00,245735,245877,245735,245735,24
2026-04-09 15:30:00,245735,245930,245733,245733,55
2026-04-09 15:35:00,245733,245733,245450,245556,66
2026-04-09 15:40:00,245556,245599,245314,245402,51
2026-04-09 15:45:00,245402,245516,245131,245500,73
2026-04-09 15:50:00,245500,245800,245490,245800,26
2026-04-09 15:55:00,245800,246151,245783,246151,153
2026-04-09 16:00:00,246151,246211,245948,245948,85
2026-04-09 16:05:00,245948,245987,245800,245948,30
2026-04-09 16:10:00,245948,245959,245770,245905,12
2026-04-09 16:15:00,245905,246286,245852,246215,39
2026-04-09 16:20:00,246215,246258,245958,246112,50
2026-04-09 16:25:00,246112,246196,245868,245868,40
2026-04-09 16:30:00,245860,246141,245860,245948,57
2026-04-09 16:35:00,245948,245948,245894,245940,19
2026-04-09 16:40:00,245940,245940,245613,245729,40
2026-04-09 16:45:00,245729,245841,245649,245841,32
2026-04-09 16:50:00,245841,246042,245841,246042,21
2026-04-09 16:55:00,246042,246135,245827,246102,72
2026-04-09 17:00:00,246102,246186,245960,245960,57
2026-04-09 17:05:00,245960,246100,245861,246100,28
2026-04-09 17:10:00,246100,246250,246100,246200,53
2026-04-09 17:15:00,246240,246900,246216,246726,249
2026-04-09 17:20:00,246695,246800,246616,246800,90
2026-04-09 17:25:00,246800,246888,246500,246830,72
2026-04-09 17:30:00,246830,247300,246727,246900,253
2026-04-09 17:35:00,246900,246900,246607,246676,69
2026-04-09 17:40:00,246676,246716,246343,246402,65
2026-04-09 17:45:00,246402,246720,246315,246500,56
2026-04-09 17:50:00,246500,246512,246250,246340,61
2026-04-09 17:55:00,246340,246500,246151,246284,62
2026-04-09 18:00:00,246284,246761,246200,246474,111
2026-04-09 18:05:00,246474,246474,246112,246280,46
2026-04-09 18:10:00,246280,246700,246197,246640,72
2026-04-09 18:15:00,246640,246640,245900,246203,113
2026-04-09 18:20:00,246139,246401,245960,246272,47
2026-04-09 18:25:00,246272,246543,246207,246500,60
2026-04-09 18:30:00,246543,246725,246138,246349,90
2026-04-09 18:35:00,246363,246935,246248,246858,74
2026-04-09 18:40:00,246858,247100,246569,246569,101
2026-04-09 18:45:00,246604,246839,246604,246725,35
2026-04-09 18:50:00,246725,247000,246725,246838,70
2026-04-09 18:55:00,246838,247358,246838,247199,121
2026-04-09 19:00:00,247199,247644,247163,247426,230
2026-04-09 19:05:00,247426,248340,247426,248241,303
2026-04-09 19:10:00,248253,248965,248151,248791,450
2026-04-09 19:15:00,248781,248850,248235,248679,289
2026-04-09 19:20:00,248679,248679,247619,247881,202
2026-04-09 19:25:00,247874,248243,247827,247940,114
2026-04-09 19:30:00,247940,248892,247827,248734,181
2026-04-09 19:35:00,248652,248652,248020,248220,150
2026-04-09 19:40:00,248220,248581,247998,248300,107
2026-04-09 19:45:00,248300,248350,247365,247597,174
2026-04-09 19:50:00,247597,247787,247364,247685,113
2026-04-09 19:55:00,247685,247860,247400,247500,88
2026-04-09 20:00:00,247582,247719,246909,246909,196
2026-04-09 20:05:00,246909,247106,246251,247066,222
2026-04-09 20:10:00,247147,247240,246608,246813,98
2026-04-09 20:15:00,246813,247600,246813,247600,117
2026-04-09 20:20:00,247600,247836,247452,247486,107
2026-04-09 20:25:00,247486,248000,247445,247951,153
2026-04-09 20:30:00,247951,248126,247551,247655,110
2026-04-09 20:35:00,247655,247730,247300,247300,47
2026-04-09 20:40:00,247300,247952,247300,247900,43
2026-04-09 20:45:00,247900,249413,247900,249395,486
2026-04-09 20:50:00,249395,249700,249107,249572,503
2026-04-09 20:55:00,249572,249588,249000,249166,178
2026-04-09 21:00:00,249166,250685,249117,250249,578
2026-04-09 21:05:00,250394,250686,249673,249924,391
2026-04-09 21:10:00,250010,250286,249755,249813,195
2026-04-09 21:15:00,249813,250822,249515,250301,439
2026-04-09 21:20:00,250301,250551,250075,250358,174
2026-04-09 21:25:00,250358,250358,250000,250204,115
2026-04-09 21:30:00,250204,251100,250204,250962,481
2026-04-09 21:35:00,250976,251300,250800,251035,430
2026-04-09 21:40:00,251035,251139,250504,250550,202
2026-04-09 21:45:00,250550,251455,250398,251266,297
2026-04-09 21:50:00,251266,251600,251017,251550,242
2026-04-09 21:55:00,251550,251585,251049,251414,125
2026-04-09 22:00:00,251414,251555,251067,251489,152
2026-04-09 22:05:00,251489,251555,251133,251370,126
2026-04-09 22:10:00,251370,251370,250702,250907,231
2026-04-09 22:15:00,250907,250907,250324,250581,223
2026-04-09 22:20:00,250581,251098,250581,250800,116
2026-04-09 22:25:00,250800,250882,250570,250730,56
2026-04-09 22:30:00,250730,251056,250647,250811,83
2026-04-09 22:35:00,250811,251369,250800,251291,122
2026-04-09 22:40:00,251291,251489,251144,251425,186
2026-04-09 22:45:00,251425,251866,251359,251803,228
2026-04-09 22:50:00,251803,251840,251222,251333,209
2026-04-09 22:55:00,251333,251550,251200,251300,110
2026-04-09 23:00:00,251300,251677,251005,251667,235
2026-04-09 23:05:00,251668,251972,251530,251852,228
2026-04-09 23:10:00,251852,251999,251601,251614,157
2026-04-09 23:15:00,251614,252100,251614,252091,247
2026-04-09 23:20:00,252099,252099,251800,251888,195
2026-04-09 23:25:00,251865,252111,251600,251600,414
2026-04-10 09:00:00,249608,251314,248051,251226,738
2026-04-10 09:05:00,251298,251700,250886,251403,232
2026-04-10 09:10:00,251403,251474,251105,251192,108
2026-04-10 09:15:00,251192,251550,251150,251226,106
2026-04-10 09:20:00,251226,251226,251001,251098,85
2026-04-10 09:25:00,251098,251250,251001,251213,86
2026-04-10 09:30:00,251213,251356,251133,251242,97
2026-04-10 09:35:00,251242,251269,250700,250816,130
2026-04-10 09:40:00,250768,250995,250768,250903,53
2026-04-10 09:45:00,250903,251154,250805,251075,59
2026-04-10 09:50:00,251075,251132,250829,250829,44
2026-04-10 09:55:00,250829,250992,250829,250865,39
2026-04-10 10:00:00,250865,250865,250584,250588,176
2026-04-10 10:05:00,250588,250664,250480,250657,87
2026-04-10 10:10:00,250657,250781,250416,250781,85
2026-04-10 10:15:00,250781,251000,250686,251000,41
2026-04-10 10:20:00,251015,251209,250969,251186,103
2026-04-10 10:25:00,251200,251234,250825,250900,54
2026-04-10 10:30:00,250900,251400,250889,251328,46
2026-04-10 10:35:00,251328,251497,251245,251397,75
2026-04-10 10:40:00,251397,251400,251200,251376,71
2026-04-10 10:45:00,251376,251380,251150,251342,35
2026-04-10 10:50:00,251398,251740,251386,251519,99
2026-04-10 10:55:00,251533,251693,251399,251401,51
2026-04-10 11:00:00,251344,251768,251293,251723,61
2026-04-10 11:05:00,251720,251950,251600,251686,155
2026-04-10 11:10:00,251686,251768,251211,251410,111
2026-04-10 11:15:00,251410,251589,251275,251320,57
2026-04-10 11:20:00,251320,251405,251150,251150,59
2026-04-10 11:25:00,251150,251227,250910,251100,118
2026-04-10 11:30:00,251000,251000,250634,250788,153
2026-04-10 11:35:00,250788,251080,250639,250832,116
2026-04-10 11:40:00,250832,250905,250373,250471,140
2026-04-10 11:45:00,250471,250578,250155,250161,159
2026-04-10 11:50:00,250161,250424,250141,250178,61
2026-04-10 11:55:00,250178,250372,250000,250144,104
2026-04-10 12:00:00,250144,250635,250052,250597,145
2026-04-10 12:05:00,250597,250650,249798,249920,205
2026-04-10 12:10:00,249920,250272,249821,250130,96
2026-04-10 12:15:00,250130,250376,249777,249828,84
2026-04-10 12:20:00,249828,249869,249645,249741,125
2026-04-10 12:25:00,249741,250002,249741,249900,72
2026-04-10 12:30:00,249900,250000,249415,249943,172
2026-04-10 12:35:00,249943,250315,249911,250293,92
2026-04-10 12:40:00,250293,250450,250025,250025,52
2026-04-10 12:45:00,250025,250471,250000,250322,47
2026-04-10 12:50:00,250322,250396,250210,250331,46
2026-04-10 12:55:00,250331,250371,250256,250320,39
2026-04-10 13:00:00,250320,250330,250097,250283,40
2026-04-10 13:05:00,250283,250400,250262,250399,24
2026-04-10 13:10:00,250399,250405,249984,250100,84
2026-04-10 13:15:00,250100,250234,249923,249998,36
2026-04-10 13:20:00,249998,250100,249716,249761,69
2026-04-10 13:25:00,249761,249960,249700,249779,50
2026-04-10 13:30:00,249867,250000,249771,249796,30
2026-04-10 13:35:00,249796,249960,249726,249879,27
2026-04-10 13:40:00,249879,249879,249693,249789,48
2026-04-10 13:45:00,249789,249789,249307,249499,139
2026-04-10 13:50:00,249499,249499,249047,249321,205
2026-04-10 13:55:00,249321,249600,249231,249600,50
2026-04-10 14:00:00,249600,249824,249445,249522,83
2026-04-10 14:05:00,249522,249539,249254,249367,46
2026-04-10 14:10:00,249367,249495,248811,248811,157
2026-04-10 14:15:00,248921,248947,248269,248477,492
2026-04-10 14:20:00,248477,248686,248219,248400,172
2026-04-10 14:25:00,248475,248623,248300,248550,111
2026-04-10 14:30:00,248550,248975,248550,248975,97
2026-04-10 14:35:00,248975,248975,248650,248650,60
2026-04-10 14:40:00,248650,248950,248591,248950,46
2026-04-10 14:45:00,248950,249616,248843,249615,202
2026-04-10 14:50:00,249518,249675,249338,249542,134
2026-04-10 14:55:00,249542,249542,249256,249376,46
2026-04-10 15:00:00,249349,249349,248968,249146,78
2026-04-10 15:05:00,249146,249325,248800,248800,43
2026-04-10 15:10:00,248800,249183,248797,249183,40
2026-04-10 15:15:00,249183,249206,248970,248974,39
2026-04-10 15:20:00,249156,249374,249063,249351,41
2026-04-10 15:25:00,249351,249550,249300,249550,46
2026-04-10 15:30:00,249550,249590,249200,249226,61
2026-04-10 15:35:00,249226,249228,249040,249138,33
2026-04-10 15:40:00,249138,249200,249000,249167,42
2026-04-10 15:45:00,249167,249429,249039,249429,41
2026-04-10 15:50:00,249429,249745,249377,249745,51
2026-04-10 15:55:00,249745,249804,249724,249764,93
2026-04-10 16:00:00,249800,250200,249776,250182,74
2026-04-10 16:05:00,250182,250200,249881,249881,48
2026-04-10 16:10:00,249881,250100,249881,249948,45
2026-04-10 16:15:00,249948,250089,249835,250052,48
2026-04-10 16:20:00,250052,250303,250052,250151,131
2026-04-10 16:25:00,250151,250410,250061,250330,138
2026-04-10 16:30:00,250301,250301,250038,250060,40
2026-04-10 16:35:00,250060,250145,249900,249970,59
2026-04-10 16:40:00,249968,250000,249851,249938,40
2026-04-10 16:45:00,249938,249938,249718,249836,105
2026-04-10 16:50:00,249836,250164,249836,250051,37
2026-04-10 16:55:00,250051,250173,249900,250173,52
2026-04-10 17:00:00,250173,250288,250000,250000,77
2026-04-10 17:05:00,250211,250335,250172,250234,57
2026-04-10 17:10:00,250234,250328,250084,250234,65
2026-04-10 17:15:00,250234,250434,250234,250361,57
2026-04-10 17:20:00,250361,250480,250204,250480,49
2026-04-10 17:25:00,250480,250743,250305,250705,102
2026-04-10 17:30:00,250705,250800,250437,250570,101
2026-04-10 17:35:00,250513,250596,250285,250596,63
2026-04-10 17:40:00,250596,250899,250473,250828,93
2026-04-10 17:45:00,250828,251119,250642,250871,140
2026-04-10 17:50:00,250871,250936,250450,250514,77
2026-04-10 17:55:00,250514,250816,250514,250816,51
2026-04-10 18:00:00,250816,251495,250816,251482,445
2026-04-10 18:05:00,251482,251482,250662,250708,171
2026-04-10 18:10:00,250880,251026,250496,250621,132
2026-04-10 18:15:00,250621,250659,249914,250134,246
2026-04-10 18:20:00,250300,250477,250068,250068,71
2026-04-10 18:25:00,250068,250849,250029,250794,171
2026-04-10 18:30:00,250846,251140,250547,251036,124
2026-04-10 18:35:00,251036,251467,250941,251284,226
2026-04-10 18:40:00,251284,251284,250856,251184,83
2026-04-10 18:45:00,251184,251500,251000,251222,146
2026-04-10 18:50:00,251222,251850,251222,251620,229
2026-04-10 18:55:00,251620,252000,251412,251518,353
2026-04-10 19:00:00,251527,251750,251092,251393,188
2026-04-10 19:05:00,251393,251576,251098,251256,119
2026-04-10 19:10:00,251256,251256,250902,251025,137
2026-04-10 19:15:00,251025,251300,250953,251289,62
2026-04-10 19:20:00,251289,251500,251160,251435,63
2026-04-10 19:25:00,251448,251500,251291,251400,64
2026-04-10 19:30:00,251280,251900,251197,251594,185
2026-04-10 19:35:00,251594,251853,251369,251565,102
2026-04-10 19:40:00,251565,251711,251022,251711,112
2026-04-10 19:45:00,251778,252593,251756,252591,600
2026-04-10 19:50:00,252585,252666,252300,252612,234
2026-04-10 19:55:00,252612,252777,252326,252569,230
2026-04-10 20:00:00,252569,252936,252205,252300,266
2026-04-10 20:05:00,252272,252493,252202,252310,124
2026-04-10 20:10:00,252310,252310,251500,251680,257
2026-04-10 20:15:00,251680,251862,251455,251500,164
2026-04-10 20:20:00,251500,251890,251347,251611,85
2026-04-10 20:25:00,251611,251754,251400,251478,92
2026-04-10 20:30:00,251478,251840,251404,251404,86
2026-04-10 20:35:00,251404,251704,251114,251704,145
2026-04-10 20:40:00,251704,252049,251700,251899,109
2026-04-10 20:45:00,251899,252171,251899,251952,116
2026-04-10 20:50:00,251900,252475,251822,252300,221
2026-04-10 20:55:00,252300,252300,251636,251652,156
2026-04-10 21:00:00,251652,251968,251500,251643,130
2026-04-10 21:05:00,251733,251750,251033,251033,222
2026-04-10 21:10:00,251137,251560,251031,251179,287
2026-04-10 21:15:00,251179,251440,251000,251046,123
2026-04-10 21:20:00,251050,251243,251000,251045,60
2026-04-10 21:25:00,251045,251045,250426,250831,368
2026-04-10 21:30:00,250935,250935,250408,250600,124
2026-04-10 21:35:00,250600,250800,250071,250745,217
2026-04-10 21:40:00,250745,251200,250745,251065,139
2026-04-10 21:45:00,251065,251150,250801,251000,87
2026-04-10 21:50:00,251000,251093,250608,251093,109
2026-04-10 21:55:00,251093,251093,250746,250746,61
2026-04-10 22:00:00,250728,251062,250645,250960,178
2026-04-10 22:05:00,250960,251250,250960,251227,77
2026-04-10 22:10:00,251227,251227,250825,250832,51
2026-04-10 22:15:00,250832,251178,250832,250981,43
2026-04-10 22:20:00,250981,251300,250981,251299,62
2026-04-10 22:25:00,251299,251299,251059,251103,33
2026-04-10 22:30:00,251103,251145,250900,250901,30
2026-04-10 22:35:00,250901,251200,250901,251200,25
2026-04-10 22:40:00,251200,251288,251000,251161,66
2026-04-10 22:45:00,251161,251300,251098,251240,71
2026-04-10 22:50:00,251350,251555,251165,251454,174
2026-04-10 22:55:00,251454,251470,251220,251279,60
2026-04-10 23:00:00,251279,251500,251100,251351,150
2026-04-10 23:05:00,251351,251399,251100,251134,71
2026-04-10 23:10:00,251134,251243,251101,251126,55
2026-04-10 23:15:00,251126,251300,251101,251149,71
2026-04-10 23:20:00,251100,251280,251050,251148,193
2026-04-10 23:25:00,251088,251150,250900,251100,220
2026-04-13 09:00:00,249655,249655,245203,246360,1171
2026-04-13 09:05:00,246360,246529,246179,246401,421
2026-04-13 09:10:00,246401,247180,246273,246818,419
2026-04-13 09:15:00,246818,246818,246273,246634,313
2026-04-13 09:20:00,246634,246895,246550,246782,217
2026-04-13 09:25:00,246690,246902,246645,246661,136
2026-04-13 09:30:00,246663,246713,246119,246281,212
2026-04-13 09:35:00,246293,246443,245898,246424,328
2026-04-13 09:40:00,246424,246484,246241,246421,104
2026-04-13 09:45:00,246482,246706,246300,246355,135
2026-04-13 09:50:00,246355,246491,246214,246308,77
2026-04-13 09:55:00,246308,246567,246308,246310,86
2026-04-13 10:00:00,246310,246350,245857,246036,168
2026-04-13 10:05:00,246036,246036,245800,246000,129
2026-04-13 10:10:00,245982,246400,245982,246325,110
2026-04-13 10:15:00,246325,246325,246103,246260,46
2026-04-13 10:20:00,246260,246550,246173,246500,83
2026-04-13 10:25:00,246500,246561,246331,246379,71
2026-04-13 10:30:00,246379,246548,246331,246331,32
2026-04-13 10:35:00,246331,246409,246226,246249,36
2026-04-13 10:40:00,246307,246375,246040,246259,54
2026-04-13 10:45:00,246259,246316,246000,246214,83
2026-04-13 10:50:00,246137,246250,246091,246171,42
2026-04-13 10:55:00,246171,246250,246100,246243,39
2026-04-13 11:00:00,246243,246301,245867,246300,108
2026-04-13 11:05:00,246300,246583,246054,246450,62
2026-04-13 11:10:00,246450,246500,246300,246377,41
2026-04-13 11:15:00,246377,246822,246377,246710,84
2026-04-13 11:20:00,246700,246764,246488,246498,63
2026-04-13 11:25:00,246498,246955,246473,246955,177
2026-04-13 11:30:00,246955,247074,246504,246777,171
2026-04-13 11:35:00,246777,246863,246652,246718,33
2026-04-13 11:40:00,246718,246773,246317,246460,83
2026-04-13 11:45:00,246460,246785,246460,246770,46
2026-04-13 11:50:00,246770,246770,246528,246611,130
2026-04-13 11:55:00,246611,246650,246442,246636,51
2026-04-13 12:00:00,246636,246734,246631,246666,19
2026-04-13 12:05:00,246666,246698,246417,246477,47
2026-04-13 12:10:00,246477,246500,246312,246500,48
2026-04-13 12:15:00,246500,246614,246329,246329,30
2026-04-13 12:20:00,246329,246500,246329,246423,17
2026-04-13 12:25:00,246423,246482,246364,246428,14
2026-04-13 12:30:00,246428,246824,246428,246623,88
2026-04-13 12:35:00,246623,246806,246400,246441,64
2026-04-13 12:40:00,246329,246450,246200,246450,78
2026-04-13 12:45:00,246450,246730,246337,246715,72
2026-04-13 12:50:00,246715,246720,246490,246490,27
2026-04-13 12:55:00,246490,246634,246367,246579,83
2026-04-13 13:00:00,246579,246753,246579,246649,38
2026-04-13 13:05:00,246649,246650,246477,246626,21
2026-04-13 13:10:00,246626,246776,246626,246734,40
2026-04-13 13:15:00,246734,246986,246733,246890,73
2026-04-13 13:20:00,246890,247112,246882,247034,115
2026-04-13 13:25:00,247034,247100,246900,247078,56
2026-04-13 13:30:00,247078,247479,247046,247251,235
2026-04-13 13:35:00,247251,247350,247040,247116,77
2026-04-13 13:40:00,247116,247299,247080,247202,63
2026-04-13 13:45:00,247202,247202,247000,247000,32
2026-04-13 13:50:00,247000,247163,246888,247156,66
2026-04-13 13:55:00,247156,247270,247154,247154,38
2026-04-13 14:00:00,247154,247439,247100,247119,65
2026-04-13 14:05:00,247119,247119,246850,246850,61
2026-04-13 14:10:00,246850,246850,246549,246605,112
2026-04-13 14:15:00,246605,246937,246600,246937,45
2026-04-13 14:20:00,246937,246939,246762,246781,27
2026-04-13 14:25:00,246781,246800,246654,246654,56
2026-04-13 14:30:00,246654,247000,246654,246828,50
2026-04-13 14:35:00,246828,246905,246509,246556,60
2026-04-13 14:40:00,246576,246654,246500,246554,88
2026-04-13 14:45:00,246554,246666,246480,246596,40
2026-04-13 14:50:00,246596,246679,246500,246653,23
2026-04-13 14:55:00,246653,246653,246314,246350,57
2026-04-13 15:00:00,246350,246561,246350,246491,34
2026-04-13 15:05:00,246491,246590,246426,246555,31
2026-04-13 15:10:00,246555,246666,246400,246472,27
2026-04-13 15:15:00,246472,246700,246420,246450,24
2026-04-13 15:20:00,246450,246621,246450,246509,38
2026-04-13 15:25:00,246509,246700,246509,246637,34
2026-04-13 15:30:00,246637,246727,246529,246631,62
2026-04-13 15:35:00,246631,246800,246510,246800,25
2026-04-13 15:40:00,246800,246800,246523,246690,28
2026-04-13 15:45:00,246690,246690,246350,246350,75
2026-04-13 15:50:00,246350,246489,246213,246213,117
2026-04-13 15:55:00,246213,246322,246100,246263,120
2026-04-13 16:00:00,246263,246473,246206,246304,64
2026-04-13 16:05:00,246320,246422,246300,246361,67
2026-04-13 16:10:00,246361,246542,246350,246503,89
2026-04-13 16:15:00,246503,246540,246369,246404,62
2026-04-13 16:20:00,246404,246432,246240,246240,49
2026-04-13 16:25:00,246240,246400,246231,246345,25
2026-04-13 16:30:00,246520,246620,246338,246498,115
2026-04-13 16:35:00,246498,246597,246350,246350,48
2026-04-13 16:40:00,246350,246444,246165,246337,46
2026-04-13 16:45:00,246337,246410,246203,246222,25
2026-04-13 16:50:00,246222,246365,246151,246151,42
2026-04-13 16:55:00,246158,246371,246100,246371,55
2026-04-13 17:00:00,246371,246501,246294,246329,21
2026-04-13 17:05:00,246329,246329,246000,246286,133
2026-04-13 17:10:00,246286,246400,246128,246200,45
2026-04-13 17:15:00,246200,246342,246128,246235,57
2026-04-13 17:20:00,246235,246248,246019,246108,70
2026-04-13 17:25:00,246108,246319,245904,245924,133
2026-04-13 17:30:00,245924,246107,245800,245962,157
2026-04-13 17:35:00,245962,246296,245962,246231,92
2026-04-13 17:40:00,246231,246450,246231,246292,39
2026-04-13 17:45:00,246279,246391,246230,246245,19
2026-04-13 17:50:00,246236,246236,246006,246006,30
2026-04-13 17:55:00,246006,246011,245551,245634,253
2026-04-13 18:00:00,245586,245685,245073,245158,545
2026-04-13 18:05:00,245158,245329,245067,245179,118
2026-04-13 18:10:00,245157,245280,244931,245171,312
2026-04-13 18:15:00,245171,245814,245155,245800,229
2026-04-13 18:20:00,245800,245849,245660,245744,92
2026-04-13 18:25:00,245744,245821,245428,245600,99
2026-04-13 18:30:00,245600,246043,245420,245638,161
2026-04-13 18:35:00,245638,245866,245633,245746,48
2026-04-13 18:40:00,245850,246248,245798,246084,89
2026-04-13 18:45:00,246084,246250,245950,246129,65
2026-04-13 18:50:00,246129,246200,246061,246134,73
2026-04-13 18:55:00,246134,246400,246051,246391,74
2026-04-13 19:00:00,246391,246500,246260,246438,153
2026-04-13 19:05:00,246438,246501,246150,246163,62
2026-04-13 19:10:00,246163,246163,245601,245973,159
2026-04-13 19:15:00,245973,246376,245089,246376,396
2026-04-13 19:20:00,246276,246592,245800,246201,357
2026-04-13 19:25:00,246201,246300,246000,246284,66
2026-04-13 19:30:00,246284,246343,245909,246100,89
2026-04-13 19:35:00,246100,246399,246000,246200,46
2026-04-13 19:40:00,246200,246478,246153,246412,61
2026-04-13 19:45:00,246412,246412,246017,246152,83
2026-04-13 19:50:00,246152,246299,245666,245897,148
2026-04-13 19:55:00,245897,245897,245574,245744,72
2026-04-13 20:00:00,245744,245888,245402,245888,103
2026-04-13 20:05:00,245888,246300,245875,246135,72
2026-04-13 20:10:00,246151,246242,245975,246170,46
2026-04-13 20:15:00,246170,246263,245728,245802,54
2026-04-13 20:20:00,245802,245802,245407,245542,146
2026-04-13 20:25:00,245542,245975,245501,245933,56
2026-04-13 20:30:00,245933,245933,245401,245522,72
2026-04-13 20:35:00,245522,245613,245191,245613,130
2026-04-13 20:40:00,245613,245791,245477,245641,68
2026-04-13 20:45:00,245641,245800,245551,245551,93
2026-04-13 20:50:00,245551,245884,245551,245601,48
2026-04-13 20:55:00,245601,245702,245479,245479,70
2026-04-13 21:00:00,245479,245630,245307,245630,124
2026-04-13 21:05:00,245630,245995,245626,245903,54
2026-04-13 21:10:00,245903,245966,245778,245778,26
2026-04-13 21:15:00,245778,245955,245671,245955,20
2026-04-13 21:20:00,245955,245985,245765,245765,34
2026-04-13 21:25:00,245765,245871,245730,245804,25
2026-04-13 21:30:00,245804,245950,245665,245800,39
2026-04-13 21:35:00,245800,246237,245650,245951,152
2026-04-13 21:40:00,245951,246127,245951,246084,46
2026-04-13 21:45:00,246084,246652,246052,246478,176
2026-04-13 21:50:00,246478,246950,246478,246850,372
2026-04-13 21:55:00,246850,248051,246850,247725,833
2026-04-13 22:00:00,247733,249444,247639,249160,1142
2026-04-13 22:05:00,249160,249603,248929,249456,681
2026-04-13 22:10:00,249402,249820,248892,249229,602
2026-04-13 22:15:00,249195,249215,248800,248860,286
2026-04-13 22:20:00,248860,249284,248503,248503,225
2026-04-13 22:25:00,248503,248799,248240,248630,206
2026-04-13 22:30:00,248630,249199,248630,249078,181
2026-04-13 22:35:00,249078,249078,248350,248526,184
2026-04-13 22:40:00,248526,248851,248526,248851,96
2026-04-13 22:45:00,248851,249125,248709,249000,136
2026-04-13 22:50:00,249000,249250,248922,248992,225
2026-04-13 22:55:00,249032,249190,248800,248809,138
2026-04-13 23:00:00,248850,249108,248670,248670,110
2026-04-13 23:05:00,248670,248996,248632,248901,67
2026-04-13 23:10:00,248901,249038,248800,248899,76
2026-04-13 23:15:00,248899,248953,248673,248705,139
2026-04-13 23:20:00,248872,248872,248500,248649,118
2026-04-13 23:25:00,248650,248650,248375,248610,389
2026-04-14 17:00:00,249655,254926,244931,253605,2177
2026-04-14 17:05:00,253585,253885,253359,253739,554
2026-04-14 17:10:00,253754,253893,253639,253763,308
2026-04-14 17:15:00,253764,254000,253606,253688,333
2026-04-14 17:20:00,253688,253915,253469,253897,269
2026-04-14 17:25:00,253856,254250,253621,253975,637
2026-04-14 17:30:00,253993,254400,253993,254355,315
2026-04-14 17:35:00,254355,254752,254355,254604,567
2026-04-14 17:40:00,254604,254620,254000,254111,347
2026-04-14 17:45:00,254111,254333,254008,254107,131
2026-04-14 17:50:00,254107,254107,253657,253733,267
2026-04-14 17:55:00,253733,254261,253721,254052,190
2026-04-14 18:00:00,254052,254332,254021,254244,197
2026-04-14 18:05:00,254244,254379,254108,254334,203
2026-04-14 18:10:00,254334,254500,254250,254367,287
2026-04-14 18:15:00,254367,254400,254073,254400,131
2026-04-14 18:20:00,254400,254400,253852,254032,189
2026-04-14 18:25:00,254032,254185,253917,254108,94
2026-04-14 18:30:00,254108,254550,254108,254360,229
2026-04-14 18:35:00,254360,254360,254065,254210,59
2026-04-14 18:40:00,254210,254739,254210,254689,227
2026-04-14 18:45:00,254689,255460,254689,255391,882
2026-04-14 18:50:00,255392,255403,255044,255393,339
2026-04-14 18:55:00,255393,255393,254936,254995,194
2026-04-14 19:00:00,254995,255555,254900,255500,401
2026-04-14 19:05:00,255500,256446,255450,255747,825
2026-04-14 19:10:00,255751,256188,255751,255839,360
2026-04-14 19:15:00,255839,256199,255620,256199,208
2026-04-14 19:20:00,256199,256400,256000,256350,274
2026-04-14 19:25:00,256295,256625,256201,256577,303
2026-04-14 19:30:00,256577,257150,256500,256654,702
2026-04-14 19:35:00,256654,257774,256654,257774,544
2026-04-14 19:40:00,257676,257758,257006,257200,552
2026-04-14 19:45:00,257273,257791,257191,257740,419
2026-04-14 19:50:00,257740,257799,257460,257533,402
2026-04-14 19:55:00,257533,258239,257434,258082,15019
2026-04-14 20:00:00,258082,259055,257866,258754,784
2026-04-14 20:05:00,258710,258949,257500,257853,751
2026-04-14 20:10:00,257853,258503,257847,258096,391
2026-04-14 20:15:00,258096,258500,257800,258396,375
2026-04-14 20:20:00,258396,258396,258002,258267,197
2026-04-14 20:25:00,258267,258500,258131,258200,147
2026-04-14 20:30:00,258152,258227,257400,257451,346
2026-04-14 20:35:00,257451,257644,256915,256915,545
2026-04-14 20:40:00,256820,257387,256751,257089,225
2026-04-14 20:45:00,257089,257668,257000,257556,202
2026-04-14 20:50:00,257556,258148,257556,257903,228
2026-04-14 20:55:00,257903,258070,257636,257697,180
2026-04-14 21:00:00,257697,258400,257697,258200,290
2026-04-14 21:05:00,258200,258525,258189,258367,225
2026-04-14 21:10:00,258350,258700,258128,258644,293
2026-04-14 21:15:00,258500,258650,258182,258318,154
2026-04-14 21:20:00,258318,258798,258284,258703,260
2026-04-14 21:25:00,258687,258841,258458,258485,211
2026-04-14 21:30:00,258485,259094,258212,259092,309
2026-04-14 21:35:00,259095,259389,258904,259368,436
2026-04-14 21:40:00,259333,259401,258809,258967,277
2026-04-14 21:45:00,258991,259350,258821,259313,189
2026-04-14 21:50:00,259238,259350,259096,259258,172
2026-04-14 21:55:00,259258,259700,259219,259574,392
2026-04-14 22:00:00,259502,259800,259300,259437,374
2026-04-14 22:05:00,259437,259456,259162,259343,222
2026-04-14 22:10:00,259343,259584,259256,259256,146
2026-04-14 22:15:00,259256,259339,259002,259246,82
2026-04-14 22:20:00,259249,259500,258903,259005,242
2026-04-14 22:25:00,259005,259063,258746,258841,267
2026-04-14 22:30:00,258841,259088,258740,259010,146
2026-04-14 22:35:00,259010,259584,258984,259326,248
2026-04-14 22:40:00,259326,259568,259200,259300,122
2026-04-14 22:45:00,259300,259347,259124,259242,82
2026-04-14 22:50:00,259242,259650,259242,259450,193
2026-04-14 22:55:00,259450,259643,259321,259321,118
2026-04-14 23:00:00,259321,259500,259250,259380,112
2026-04-14 23:05:00,259380,259675,259355,259588,150
2026-04-14 23:10:00,259588,259950,259500,259727,277
2026-04-14 23:15:00,259613,259725,259555,259621,226
2026-04-14 23:20:00,259621,259696,259450,259540,394
2026-04-14 23:25:00,259549,259549,259105,259400,363
2026-04-15 09:00:00,260363,262000,260363,261325,1608
2026-04-15 09:05:00,261356,261800,261253,261611,479
2026-04-15 09:10:00,261600,261900,261557,261874,370
2026-04-15 09:15:00,261850,261882,261060,261061,369
2026-04-15 09:20:00,261068,261119,260740,260851,444
2026-04-15 09:25:00,260850,260928,260401,260469,458
2026-04-15 09:30:00,260469,260732,260151,260615,434
2026-04-15 09:35:00,260571,260667,260305,260563,197
2026-04-15 09:40:00,260563,260950,260550,260950,180
2026-04-15 09:45:00,260950,260950,260605,260605,117
2026-04-15 09:50:00,260605,260716,260306,260670,275
2026-04-15 09:55:00,260670,260875,260500,260750,117
2026-04-15 10:00:00,260750,260887,260650,260874,93
2026-04-15 10:05:00,260825,260946,260700,260739,69
2026-04-15 10:10:00,260739,260777,260400,260518,118
2026-04-15 10:15:00,260518,260719,260300,260653,195
2026-04-15 10:20:00,260653,260700,260355,260649,78
2026-04-15 10:25:00,260649,260730,260507,260648,48
2026-04-15 10:30:00,260648,261104,260500,260725,303
2026-04-15 10:35:00,260689,261048,260550,260696,103
2026-04-15 10:40:00,260696,261005,260696,260985,75
2026-04-15 10:45:00,260990,261098,260905,261017,89
2026-04-15 10:50:00,261017,261072,260647,260647,103
2026-04-15 10:55:00,260647,260924,260647,260738,95
2026-04-15 11:00:00,260738,260837,260308,260632,200
2026-04-15 11:05:00,260632,260642,259629,260144,480
2026-04-15 11:10:00,260090,260100,258643,258935,654
2026-04-15 11:15:00,258936,259385,258645,259090,367
2026-04-15 11:20:00,259100,259819,259000,259679,322
2026-04-15 11:25:00,259679,259950,259400,259439,275
2026-04-15 11:30:00,259600,259990,259560,259967,135
2026-04-15 11:35:00,259900,259975,259633,259734,79
2026-04-15 11:40:00,259734,259998,259647,259923,165
2026-04-15 11:45:00,259923,259984,259584,259607,86
2026-04-15 11:50:00,259607,259682,259180,259236,214
2026-04-15 11:55:00,259158,259371,258936,259035,137
2026-04-15 12:00:00,259035,259375,258965,259151,206
2026-04-15 12:05:00,259151,259277,258944,259003,70
2026-04-15 12:10:00,259003,259347,258849,259277,146
2026-04-15 12:15:00,259277,259724,259230,259639,107
2026-04-15 12:20:00,259639,259639,259200,259285,67
2026-04-15 12:25:00,259390,259435,259001,259001,57
2026-04-15 12:30:00,259032,259296,258738,258895,189
2026-04-15 12:35:00,258895,259069,258747,258839,162
2026-04-15 12:40:00,258839,259300,258552,259239,155
2026-04-15 12:45:00,259200,259216,258707,258867,132
2026-04-15 12:50:00,259099,259330,258950,259193,92
2026-04-15 12:55:00,259229,259399,258925,259132,124
2026-04-15 13:00:00,259132,259234,258973,259116,44
2026-04-15 13:05:00,259116,259392,259000,259078,93
2026-04-15 13:10:00,259140,259192,258830,258984,77
2026-04-15 13:15:00,258950,258950,258700,258904,127
2026-04-15 13:20:00,258899,259164,258756,259120,77
2026-04-15 13:25:00,259120,259220,259027,259220,33
2026-04-15 13:30:00,259250,259250,259000,259100,43
2026-04-15 13:35:00,259124,259208,258852,258875,60
2026-04-15 13:40:00,258875,259000,258650,259000,110
2026-04-15 13:45:00,259000,259139,258942,258999,65
2026-04-15 13:50:00,258999,258999,258730,258864,67
2026-04-15 13:55:00,258864,258996,258704,258830,63
2026-04-15 14:00:00,258830,258991,258823,258889,52
2026-04-15 14:05:00,258889,258950,258765,258817,55
2026-04-15 14:10:00,258817,258994,258817,258867,32
2026-04-15 14:15:00,258821,258867,258782,258830,40
2026-04-15 14:20:00,258830,258898,258800,258880,42
2026-04-15 14:25:00,258856,259300,258856,259268,152
2026-04-15 14:30:00,259268,259450,258930,259014,154
2026-04-15 14:35:00,259100,259100,258305,258412,327
2026-04-15 14:40:00,258412,258580,257539,258134,670
2026-04-15 14:45:00,258134,258285,257716,257954,247
2026-04-15 14:50:00,257954,258149,257717,258056,130
2026-04-15 14:55:00,258056,258056,257500,257500,228
2026-04-15 15:00:00,257571,257749,257106,257263,317
2026-04-15 15:05:00,257346,257629,256857,256976,290
2026-04-15 15:10:00,256976,257395,256702,256774,254
2026-04-15 15:15:00,256784,257146,256112,256817,629
2026-04-15 15:20:00,256817,257092,256433,256990,297
2026-04-15 15:25:00,256990,257150,256652,256995,249
2026-04-15 15:30:00,256995,257149,256601,256866,254
2026-04-15 15:35:00,256866,257751,256830,257751,284
2026-04-15 15:40:00,257733,257931,257500,257901,227
2026-04-15 15:45:00,257901,257903,257100,257269,264
2026-04-15 15:50:00,257269,257609,257113,257156,145
2026-04-15 15:55:00,257156,257242,256895,257192,152
2026-04-15 16:00:00,257192,257398,257050,257105,85
2026-04-15 16:05:00,257105,257182,256810,257010,101
2026-04-15 16:10:00,257010,257203,256828,257203,128
2026-04-15 16:15:00,257203,257651,257096,257465,172
2026-04-15 16:20:00,257465,257570,257080,257500,152
2026-04-15 16:25:00,257500,257900,257480,257714,157
2026-04-15 16:30:00,257700,257700,257271,257352,110
2026-04-15 16:35:00,257352,257480,257230,257416,93
2026-04-15 16:40:00,257416,257787,257412,257767,103
2026-04-15 16:45:00,257767,257899,257565,257700,105
2026-04-15 16:50:00,257700,257846,257567,257846,62
2026-04-15 16:55:00,257846,257850,257663,257724,51
2026-04-15 17:00:00,257724,258365,257724,257980,246
2026-04-15 17:05:00,257980,258454,257980,258369,186
2026-04-15 17:10:00,258330,258400,258066,258400,94
2026-04-15 17:15:00,258400,258911,258053,258500,359
2026-04-15 17:20:00,258500,259148,258449,259148,309
2026-04-15 17:25:00,259148,259148,258800,258956,261
2026-04-15 17:30:00,259000,259246,258500,258502,283
2026-04-15 17:35:00,258500,258682,258330,258634,140
2026-04-15 17:40:00,258634,258634,258304,258600,88
2026-04-15 17:45:00,258650,258874,258506,258833,77
2026-04-15 17:50:00,258833,258833,258422,258620,83
2026-04-15 17:55:00,258601,258601,258148,258325,187
2026-04-15 18:00:00,258325,258522,258101,258289,84
2026-04-15 18:05:00,258150,258150,257700,257923,289
2026-04-15 18:10:00,257923,257985,257500,257803,150
2026-04-15 18:15:00,257803,257926,257533,257799,58
2026-04-15 18:20:00,257799,258089,257784,258000,71
2026-04-15 18:25:00,258000,258226,257763,257840,90
2026-04-15 18:30:00,257840,258566,257840,258544,206
2026-04-15 18:35:00,258544,259444,258416,259412,506
2026-04-15 18:40:00,259340,259720,259282,259645,385
2026-04-15 18:45:00,259645,259750,259251,259414,311
2026-04-15 18:50:00,259414,260000,259319,259855,452
2026-04-15 18:55:00,259950,260360,259924,260203,479
2026-04-15 19:00:00,260217,260217,259639,259979,301
2026-04-15 19:05:00,259979,260600,259618,260580,342
2026-04-15 19:10:00,260609,260665,260171,260305,354
2026-04-15 19:15:00,260305,260550,260056,260364,230
2026-04-15 19:20:00,260455,260700,260168,260514,364
2026-04-15 19:25:00,260516,261000,260508,260951,347
2026-04-15 19:30:00,260951,261300,260864,261180,683
2026-04-15 19:35:00,261235,261300,260865,261084,379
2026-04-15 19:40:00,261084,261903,261083,261771,878
2026-04-15 19:45:00,261771,262187,261398,261685,858
2026-04-15 19:50:00,261736,261864,261325,261716,483
2026-04-15 19:55:00,261524,261777,261465,261609,176
2026-04-15 20:00:00,261609,261700,260752,260895,401
2026-04-15 20:05:00,260895,261187,260500,260631,281
2026-04-15 20:10:00,260631,261062,260631,260850,152
2026-04-15 20:15:00,260900,260944,260634,260652,112
2026-04-15 20:20:00,260783,260999,260501,260836,209
2026-04-15 20:25:00,260836,261171,260782,260801,95
2026-04-15 20:30:00,260801,260830,259849,260056,435
2026-04-15 20:35:00,259958,260054,259178,259672,499
2026-04-15 20:40:00,259672,260257,259599,260100,236
2026-04-15 20:45:00,260100,260106,259500,259976,190
2026-04-15 20:50:00,259976,259992,259288,259329,180
2026-04-15 20:55:00,259413,259544,258600,258658,359
2026-04-15 21:00:00,258658,258768,257545,258355,690
2026-04-15 21:05:00,258355,259347,258355,259089,410
2026-04-15 21:10:00,259089,259698,259063,259240,289
2026-04-15 21:15:00,259189,259559,259065,259200,140
2026-04-15 21:20:00,259200,259675,259200,259465,106
2026-04-15 21:25:00,259465,259547,258800,259043,171
2026-04-15 21:30:00,259043,259466,258914,259320,104
2026-04-15 21:35:00,259250,259940,259200,259818,166
2026-04-15 21:40:00,259818,259818,259555,259747,72
2026-04-15 21:45:00,259680,259729,259462,259603,50
2026-04-15 21:50:00,259603,259750,259386,259386,56
2026-04-15 21:55:00,259386,259600,259227,259500,103
2026-04-15 22:00:00,259500,259605,259131,259170,90
2026-04-15 22:05:00,259170,259320,258844,258844,135
2026-04-15 22:10:00,258854,259000,258800,258825,103
2026-04-15 22:15:00,258918,258942,258530,258942,176
2026-04-15 22:20:00,258942,259042,258726,258736,68
2026-04-15 22:25:00,258736,259084,258589,259031,80
2026-04-15 22:30:00,259031,259031,258700,258700,68
2026-04-15 22:35:00,258700,258760,258530,258760,100
2026-04-15 22:40:00,258760,258760,258341,258374,108
2026-04-15 22:45:00,258374,258770,258368,258770,46
2026-04-15 22:50:00,258770,259370,258770,259261,100
2026-04-15 22:55:00,259261,259368,259000,259131,89
2026-04-15 23:00:00,259131,259393,258889,259023,126
2026-04-15 23:05:00,259023,259126,258715,258726,69
2026-04-15 23:10:00,258725,258725,258436,258503,137
2026-04-15 23:15:00,258503,258784,258500,258562,149
2026-04-15 23:20:00,258569,258644,258502,258551,202
2026-04-15 23:25:00,258600,258704,258423,258423,317
2026-04-16 09:00:00,259841,262500,259841,261802,1713
2026-04-16 09:05:00,261752,261817,261027,261197,534
2026-04-16 09:10:00,261197,261500,261109,261279,283
2026-04-16 09:15:00,261279,261400,261110,261199,226
2026-04-16 09:20:00,261199,261400,260789,261400,473
2026-04-16 09:25:00,261354,261407,261000,261000,161
2026-04-16 09:30:00,261000,261281,260900,261214,227
2026-04-16 09:35:00,261214,261401,261025,261107,122
2026-04-16 09:40:00,261107,261413,261038,261411,111
2026-04-16 09:45:00,261411,261800,261359,261479,309
2026-04-16 09:50:00,261566,261566,261359,261422,90
2026-04-16 09:55:00,261422,261532,261230,261295,100
2026-04-16 10:00:00,261295,261366,261240,261251,53
2026-04-16 10:05:00,261267,261651,261255,261445,112
2026-04-16 10:10:00,261445,261584,261431,261431,61
2026-04-16 10:15:00,261431,261546,261419,261425,39
2026-04-16 10:20:00,261425,261606,261287,261606,173
2026-04-16 10:25:00,261651,261750,261531,261750,139
2026-04-16 10:30:00,261750,261836,261568,261699,253
2026-04-16 10:35:00,261699,261830,261533,261604,130
2026-04-16 10:40:00,261580,261655,261580,261650,74
2026-04-16 10:45:00,261650,261762,261600,261749,89
2026-04-16 10:50:00,261749,261749,261400,261556,150
2026-04-16 10:55:00,261556,261825,261400,261679,321
2026-04-16 11:00:00,261686,262000,261079,261238,351
2026-04-16 11:05:00,261093,261277,260800,261128,257
2026-04-16 11:10:00,261128,261217,260566,260669,231
2026-04-16 11:15:00,260670,261042,260670,260942,145
2026-04-16 11:20:00,260958,261160,260800,260813,79
2026-04-16 11:25:00,260881,261124,260810,260871,75
2026-04-16 11:30:00,260902,261145,260861,261086,78
2026-04-16 11:35:00,261086,261300,260988,261241,71
2026-04-16 11:40:00,261241,261321,261134,261152,67
2026-04-16 11:45:00,261152,261152,260914,261088,173
2026-04-16 11:50:00,261088,261088,260700,260739,104
2026-04-16 11:55:00,260739,260920,260511,260610,152
2026-04-16 12:00:00,260610,260734,260430,260584,169
2026-04-16 12:05:00,260575,260696,260256,260495,206
2026-04-16 12:10:00,260495,260825,260415,260720,106
2026-04-16 12:15:00,260720,261052,260700,261034,119
2026-04-16 12:20:00,261034,261034,260704,260850,101
2026-04-16 12:25:00,260850,260948,260691,260706,42
2026-04-16 12:30:00,260706,260949,260607,260698,46
2026-04-16 12:35:00,260698,260891,260572,260665,113
2026-04-16 12:40:00,260665,260734,260423,260504,141
2026-04-16 12:45:00,260504,260668,260337,260419,104
2026-04-16 12:50:00,260419,260500,260250,260470,148
2026-04-16 12:55:00,260470,260683,260442,260568,84
2026-04-16 13:00:00,260568,260683,260363,260524,78
2026-04-16 13:05:00,260524,260700,260516,260600,79
2026-04-16 13:10:00,260600,260699,260436,260460,45
2026-04-16 13:15:00,260460,260465,260304,260400,54
2026-04-16 13:20:00,260400,260472,260264,260269,46
2026-04-16 13:25:00,260269,260269,260048,260198,167
2026-04-16 13:30:00,260200,260256,259900,259987,229
2026-04-16 13:35:00,259987,259987,259500,259869,433
2026-04-16 13:40:00,259869,260155,259751,259880,99
2026-04-16 13:45:00,259917,260084,259800,259800,127
2026-04-16 13:50:00,259800,259979,259486,259520,261
2026-04-16 13:55:00,259520,259593,259251,259500,158
2026-04-16 14:00:00,259500,259582,259353,259490,136
2026-04-16 14:05:00,259490,259600,259360,259600,117
2026-04-16 14:10:00,259600,260020,259540,259900,207
2026-04-16 14:15:00,259900,260200,259899,259900,164
2026-04-16 14:20:00,259900,259952,259659,259891,128
2026-04-16 14:25:00,259891,259961,259724,259846,61
2026-04-16 14:30:00,259846,260066,259800,260045,50
2026-04-16 14:35:00,260045,260417,260025,260322,141
2026-04-16 14:40:00,260322,260398,259946,259946,75
2026-04-16 14:45:00,259946,260000,259781,259826,82
2026-04-16 14:50:00,259826,260102,259826,259980,74
2026-04-16 14:55:00,259980,259980,259568,259760,90
2026-04-16 15:00:00,259760,259898,259365,259766,224
2026-04-16 15:05:00,259766,259900,259525,259798,81
2026-04-16 15:10:00,259798,259865,259608,259791,70
2026-04-16 15:15:00,259791,259791,259550,259622,79
2026-04-16 15:20:00,259622,259899,259555,259779,74
2026-04-16 15:25:00,259779,259831,259580,259742,73
2026-04-16 15:30:00,259742,259928,259672,259799,89
2026-04-16 15:35:00,259799,259910,259772,259812,41
2026-04-16 15:40:00,259812,259869,259600,259600,59
2026-04-16 15:45:00,259600,259600,259159,259200,270
2026-04-16 15:50:00,259200,259600,259200,259501,159
2026-04-16 15:55:00,259549,259758,259500,259551,63
2026-04-16 16:00:00,259551,259651,259430,259594,49
2026-04-16 16:05:00,259594,259893,259594,259893,77
2026-04-16 16:10:00,259893,259999,259750,259787,75
2026-04-16 16:15:00,259787,259787,259301,259710,126
2026-04-16 16:20:00,259690,259943,259647,259943,65
2026-04-16 16:25:00,259943,260244,259915,260197,126
2026-04-16 16:30:00,260197,260244,259928,260200,119
2026-04-16 16:35:00,260200,260299,260059,260126,82
2026-04-16 16:40:00,260126,260564,260126,260550,238
2026-04-16 16:45:00,260471,260599,260231,260265,172
2026-04-16 16:50:00,260265,260340,260056,260176,93
2026-04-16 16:55:00,260176,260176,259799,259959,111
2026-04-16 17:00:00,259959,260141,259700,259855,95
2026-04-16 17:05:00,259855,259970,259794,259900,29
2026-04-16 17:10:00,259900,260000,259799,260000,68
2026-04-16 17:15:00,260000,260000,259712,259902,89
2026-04-16 17:20:00,259902,259981,259845,259950,96
2026-04-16 17:25:00,259950,260139,259941,260100,47
2026-04-16 17:30:00,260100,260139,259839,259839,61
2026-04-16 17:35:00,259839,259954,259416,259500,217
2026-04-16 17:40:00,259500,259749,259412,259700,77
2026-04-16 17:45:00,259700,259780,259635,259752,32
2026-04-16 17:50:00,259752,259788,259444,259458,106
2026-04-16 17:55:00,259458,259458,258856,258995,428
2026-04-16 18:00:00,258995,259287,258588,259114,354
2026-04-16 18:05:00,259114,259201,258530,258704,212
2026-04-16 18:10:00,258704,258839,258500,258786,304
2026-04-16 18:15:00,258786,258870,258650,258827,136
2026-04-16 18:20:00,258827,259192,258759,259188,152
2026-04-16 18:25:00,259200,259405,259164,259318,176
2026-04-16 18:30:00,259334,259975,259318,259528,274
2026-04-16 18:35:00,259528,259899,259152,259320,168
2026-04-16 18:40:00,259320,259377,259123,259164,106
2026-04-16 18:45:00,259164,259444,259164,259275,59
2026-04-16 18:50:00,259275,259582,259254,259513,48
2026-04-16 18:55:00,259500,259666,259380,259400,88
2026-04-16 19:00:00,259400,259850,259150,259850,170
2026-04-16 19:05:00,259800,260100,259500,259742,182
2026-04-16 19:10:00,259742,259925,259300,259440,113
2026-04-16 19:15:00,259440,259559,258900,259044,184
2026-04-16 19:20:00,259044,259044,256852,257341,1254
2026-04-16 19:25:00,257268,257800,256530,257800,870
2026-04-16 19:30:00,257715,257795,256382,256624,660
2026-04-16 19:35:00,256624,257655,256119,257642,927
2026-04-16 19:40:00,257642,258131,257509,257651,434
2026-04-16 19:45:00,257651,257900,257050,257097,310
2026-04-16 19:50:00,257161,257400,256744,257200,289
2026-04-16 19:55:00,257200,257620,257001,257585,189
2026-04-16 20:00:00,257624,257752,257129,257431,207
2026-04-16 20:05:00,257431,257431,257048,257156,154
2026-04-16 20:10:00,257156,257156,256051,256772,636
2026-04-16 20:15:00,256772,257200,256632,256915,194
2026-04-16 20:20:00,256915,257299,256614,257214,173
2026-04-16 20:25:00,257214,257214,256734,257040,112
2026-04-16 20:30:00,257042,257873,257000,257762,314
2026-04-16 20:35:00,257762,258400,257640,258341,311
2026-04-16 20:40:00,258341,258500,257800,257936,259
2026-04-16 20:45:00,257936,258320,257323,257600,273
2026-04-16 20:50:00,257575,257864,257488,257552,115
2026-04-16 20:55:00,257552,257800,257183,257238,157
2026-04-16 21:00:00,257111,257450,257078,257086,177
2026-04-16 21:05:00,257086,257698,256861,257440,248
2026-04-16 21:10:00,257440,257627,257150,257368,115
2026-04-16 21:15:00,257368,257600,257287,257507,50
2026-04-16 21:20:00,257531,257897,257531,257852,144
2026-04-16 21:25:00,257850,258200,257789,258011,191
2026-04-16 21:30:00,258011,258223,257888,258029,115
2026-04-16 21:35:00,258029,258029,257729,257773,74
2026-04-16 21:40:00,257773,257812,257442,257550,124
2026-04-16 21:45:00,257550,257778,257400,257678,85
2026-04-16 21:50:00,257678,257678,257282,257342,92
2026-04-16 21:55:00,257342,257519,257300,257407,67
2026-04-16 22:00:00,257407,257497,256486,256850,500
2026-04-16 22:05:00,256850,257181,256760,256983,185
2026-04-16 22:10:00,257000,257040,256701,256844,142
2026-04-16 22:15:00,256844,256928,256650,256743,134
2026-04-16 22:20:00,256743,257067,256662,256728,155
2026-04-16 22:25:00,256728,257001,256728,256844,109
2026-04-16 22:30:00,256844,257200,256844,256860,111
2026-04-16 22:35:00,256860,257095,256860,257049,86
2026-04-16 22:40:00,257049,257049,256670,256707,134
2026-04-16 22:45:00,256707,256765,256600,256717,142
2026-04-16 22:50:00,256788,257000,256652,256888,106
2026-04-16 22:55:00,256888,256961,256356,256356,162
2026-04-16 23:00:00,256356,256570,256234,256315,236
2026-04-16 23:05:00,256315,256500,256029,256170,296
2026-04-16 23:10:00,256163,256486,256016,256403,198
2026-04-16 23:15:00,256448,256448,256000,256395,201
2026-04-16 23:20:00,256340,256444,256151,256152,216
2026-04-16 23:25:00,256152,256300,256067,256224,331
2026-04-17 09:00:00,257442,257735,257010,257225,553
2026-04-17 09:05:00,257235,257296,256723,256933,227
2026-04-17 09:10:00,256933,257088,256800,256981,171
2026-04-17 09:15:00,256881,257386,256876,257359,280
2026-04-17 09:20:00,257359,257591,257300,257383,186
2026-04-17 09:25:00,257383,257400,257193,257283,91
2026-04-17 09:30:00,257283,257325,257125,257274,82
2026-04-17 09:35:00,257320,257549,257272,257497,120
2026-04-17 09:40:00,257497,257549,257340,257400,82
2026-04-17 09:45:00,257400,257485,257287,257400,45
2026-04-17 09:50:00,257400,257403,257117,257165,93
2026-04-17 09:55:00,257165,257246,257012,257196,70
2026-04-17 10:00:00,257196,257554,257096,257500,147
2026-04-17 10:05:00,257500,257850,257500,257724,220
2026-04-17 10:10:00,257724,257931,257615,257899,113
2026-04-17 10:15:00,257899,257899,257544,257726,76
2026-04-17 10:20:00,257726,257792,257603,257603,57
2026-04-17 10:25:00,257603,257783,257554,257700,54
2026-04-17 10:30:00,257700,257700,257404,257535,115
2026-04-17 10:35:00,257535,257750,257400,257637,60
2026-04-17 10:40:00,257637,257792,257622,257647,101
2026-04-17 10:45:00,257647,257692,257500,257560,45
2026-04-17 10:50:00,257560,257700,257556,257700,47
2026-04-17 10:55:00,257700,257700,257463,257463,68
2026-04-17 11:00:00,257463,257686,257143,257143,211
2026-04-17 11:05:00,257143,257598,257143,257350,88
2026-04-17 11:10:00,257350,257419,257143,257180,61
2026-04-17 11:15:00,257180,257296,257050,257267,105
2026-04-17 11:20:00,257267,257420,257198,257250,56
2026-04-17 11:25:00,257250,257250,256900,256961,95
2026-04-17 11:30:00,256900,256932,256629,256719,248
2026-04-17 11:35:00,256719,256868,256472,256517,175
2026-04-17 11:40:00,256517,256551,256100,256100,255
2026-04-17 11:45:00,256112,256356,255707,255919,350
2026-04-17 11:50:00,255919,256107,255803,256078,213
2026-04-17 11:55:00,256078,256383,255900,255953,155
2026-04-17 12:00:00,255953,255988,255702,255775,133
2026-04-17 12:05:00,255775,256083,255501,256066,230
2026-04-17 12:10:00,256066,256215,255989,256148,158
2026-04-17 12:15:00,256148,256437,256148,256314,119
2026-04-17 12:20:00,256314,256598,256300,256349,110
2026-04-17 12:25:00,256349,256529,256349,256351,49
2026-04-17 12:30:00,256351,256492,256304,256409,42
2026-04-17 12:35:00,256409,256667,256221,256603,62
2026-04-17 12:40:00,256603,256695,256523,256523,69
2026-04-17 12:45:00,256523,256600,256131,256548,63
2026-04-17 12:50:00,256548,256649,256301,256413,53
2026-04-17 12:55:00,256413,256579,256413,256551,57
2026-04-17 13:00:00,256551,256853,256519,256805,128
2026-04-17 13:05:00,256800,256800,256550,256649,48
2026-04-17 13:10:00,256649,256680,256250,256680,70
2026-04-17 13:15:00,256680,256680,256290,256378,76
2026-04-17 13:20:00,256353,256613,256306,256595,47
2026-04-17 13:25:00,256595,256595,256527,256590,17
2026-04-17 13:30:00,256625,256988,256625,256920,81
2026-04-17 13:35:00,256985,257145,256838,256838,130
2026-04-17 13:40:00,256838,257029,256838,256844,47
2026-04-17 13:45:00,256844,256916,256798,256807,30
2026-04-17 13:50:00,256807,257029,256807,256989,62
2026-04-17 13:55:00,256989,257050,256940,257003,43
2026-04-17 14:00:00,257003,257500,256998,257371,178
2026-04-17 14:05:00,257371,257634,257301,257581,170
2026-04-17 14:10:00,257583,258167,257518,258000,434
2026-04-17 14:15:00,258000,258050,257683,257840,226
2026-04-17 14:20:00,257840,258092,257811,258070,202
2026-04-17 14:25:00,258070,258500,257958,258500,271
2026-04-17 14:30:00,258500,259000,258500,258888,446
2026-04-17 14:35:00,258888,258981,258454,258620,328
2026-04-17 14:40:00,258620,258649,258332,258423,171
2026-04-17 14:45:00,258454,258900,258405,258900,183
2026-04-17 14:50:00,258900,259000,258763,258794,229
2026-04-17 14:55:00,258788,259159,258788,258982,284
2026-04-17 15:00:00,258982,259450,258894,259371,312
2026-04-17 15:05:00,259463,259463,259121,259208,202
2026-04-17 15:10:00,259208,259325,259153,259163,141
2026-04-17 15:15:00,259163,259249,258873,259025,164
2026-04-17 15:20:00,259025,259100,258932,259044,98
2026-04-17 15:25:00,259044,259197,259001,259001,91
2026-04-17 15:30:00,259098,259098,258714,258791,186
2026-04-17 15:35:00,258791,258914,258580,258682,115
2026-04-17 15:40:00,258682,258890,258556,258872,46
2026-04-17 15:45:00,258872,259047,258820,258845,112
2026-04-17 15:50:00,258845,259025,258814,258988,75
2026-04-17 15:55:00,258988,258988,258600,258669,75
2026-04-17 16:00:00,258604,258604,258326,258441,188
2026-04-17 16:05:00,258441,258525,258300,258302,53
2026-04-17 16:10:00,258302,258313,258151,258202,68
2026-04-17 16:15:00,258202,258639,258184,258639,96
2026-04-17 16:20:00,258639,258699,258324,258699,61
2026-04-17 16:25:00,258699,258800,258541,258770,69
2026-04-17 16:30:00,258727,258900,258412,258559,144
2026-04-17 16:35:00,258559,258607,258432,258560,43
2026-04-17 16:40:00,258560,258618,258409,258554,67
2026-04-17 16:45:00,258483,258483,258261,258315,93
2026-04-17 16:50:00,258315,258650,258221,258605,45
2026-04-17 16:55:00,258605,258740,258547,258700,120
2026-04-17 17:00:00,258700,259147,258635,259094,133
2026-04-17 17:05:00,259094,259179,258820,258862,66
2026-04-17 17:10:00,258808,259150,258808,259134,90
2026-04-17 17:15:00,259170,259499,259160,259367,232
2026-04-17 17:20:00,259240,259500,259219,259450,209
2026-04-17 17:25:00,259450,259490,259118,259400,193
2026-04-17 17:30:00,259400,259856,259319,259811,350
2026-04-17 17:35:00,259811,259866,259514,259799,168
2026-04-17 17:40:00,259799,259799,259500,259587,176
2026-04-17 17:45:00,259587,259760,259500,259569,99
2026-04-17 17:50:00,259569,259950,259414,259857,147
2026-04-17 17:55:00,259857,260400,259857,260400,576
2026-04-17 18:00:00,260450,260567,260161,260210,593
2026-04-17 18:05:00,260210,260751,260186,260617,374
2026-04-17 18:10:00,260727,260777,260504,260557,228
2026-04-17 18:15:00,260557,262265,260160,262265,2178
2026-04-17 18:20:00,262090,263000,261779,262845,2006
2026-04-17 18:25:00,263000,263772,262743,263545,1715
2026-04-17 18:30:00,263696,263696,262500,263391,1365
2026-04-17 18:35:00,263391,265146,263077,265146,1756
2026-04-17 18:40:00,265104,266113,265079,265273,1959
2026-04-17 18:45:00,265327,265327,263621,264410,1579
2026-04-17 18:50:00,264410,264800,263658,264732,830
2026-04-17 18:55:00,264672,265208,264007,264539,741
2026-04-17 19:00:00,264585,265171,264322,265068,523
2026-04-17 19:05:00,265068,265699,265016,265424,922
2026-04-17 19:10:00,265424,265732,265154,265300,578
2026-04-17 19:15:00,265447,265572,264600,265250,732
2026-04-17 19:20:00,265165,265878,264835,265802,665
2026-04-17 19:25:00,265802,266175,265560,266101,35087
2026-04-17 19:30:00,266100,266517,265946,266441,1038
2026-04-17 19:35:00,266397,266669,265901,266082,613
2026-04-17 19:40:00,266080,266096,265148,265426,455
2026-04-17 19:45:00,265303,266349,265303,266178,352
2026-04-17 19:50:00,266178,267217,265950,267217,685
2026-04-17 19:55:00,267150,267275,266668,266734,640
2026-04-17 20:00:00,266734,267846,266599,267800,652
2026-04-17 20:05:00,267840,268091,267170,267920,773
2026-04-17 20:10:00,267920,268691,267901,268455,957
2026-04-17 20:15:00,268442,268700,267851,268540,680
2026-04-17 20:20:00,268456,268600,268014,268248,469
2026-04-17 20:25:00,268204,268204,267372,267406,494
2026-04-17 20:30:00,267453,267822,266900,267555,812
2026-04-17 20:35:00,267555,268073,267426,267723,530
2026-04-17 20:40:00,267723,267730,266900,266970,345
2026-04-17 20:45:00,267000,267273,266250,266482,608
2026-04-17 20:50:00,266592,266891,266228,266681,462
2026-04-17 20:55:00,266691,266691,265690,265871,507
2026-04-17 21:00:00,265871,266697,265643,266697,429
2026-04-17 21:05:00,266545,266692,266200,266632,316
2026-04-17 21:10:00,266632,266899,265766,265936,447
2026-04-17 21:15:00,265936,266343,265800,266261,292
2026-04-17 21:20:00,266200,266700,266181,266563,325
2026-04-17 21:25:00,266563,266650,266079,266195,146
2026-04-17 21:30:00,266194,266483,265875,266400,264
2026-04-17 21:35:00,266356,266910,266311,266823,224
2026-04-17 21:40:00,266823,266875,266609,266626,188
2026-04-17 21:45:00,266626,266767,266304,266505,159
2026-04-17 21:50:00,266505,266600,266221,266221,111
2026-04-17 21:55:00,266221,266430,266200,266200,99
2026-04-17 22:00:00,266200,266649,266200,266571,139
2026-04-17 22:05:00,266600,266635,266430,266505,118
2026-04-17 22:10:00,266450,266550,266271,266300,123
2026-04-17 22:15:00,266300,266400,266133,266239,218
2026-04-17 22:20:00,266239,266261,266048,266065,111
2026-04-17 22:25:00,266065,266148,266015,266050,127
2026-04-17 22:30:00,266050,266327,266011,266104,162
2026-04-17 22:35:00,266111,266300,265350,265400,533
2026-04-17 22:40:00,265400,265592,264976,265422,515
2026-04-17 22:45:00,265422,265650,265218,265289,180
2026-04-17 22:50:00,265289,265533,264223,264412,495
2026-04-17 22:55:00,264438,264761,264001,264091,460
2026-04-17 23:00:00,264091,264577,263889,264500,375
2026-04-17 23:05:00,264566,264567,264242,264343,164
2026-04-17 23:10:00,264343,264453,264100,264100,163
2026-04-17 23:15:00,264100,264500,264100,264497,309
2026-04-17 23:20:00,264413,264828,264402,264765,277
2026-04-17 23:25:00,264765,265080,264749,264800,527
2026-04-20 09:00:00,263701,263701,258500,260706,1560
2026-04-20 09:05:00,260655,260920,260223,260841,587
2026-04-20 09:10:00,260721,260900,260300,260489,496
2026-04-20 09:15:00,260426,260426,259513,259650,814
2026-04-20 09:20:00,259650,260017,259558,259842,539
2026-04-20 09:25:00,259842,259900,259690,259700,274
2026-04-20 09:30:00,259700,259864,259580,259801,214
2026-04-20 09:35:00,259868,260288,259820,260260,287
2026-04-20 09:40:00,260260,260260,259600,259775,322
2026-04-20 09:45:00,259750,259750,259450,259513,321
2026-04-20 09:50:00,259609,259641,259200,259552,231
2026-04-20 09:55:00,259552,259698,259432,259689,204
2026-04-20 10:00:00,259689,259689,259132,259207,247
2026-04-20 10:05:00,259229,259397,259134,259285,162
2026-04-20 10:10:00,259300,259600,259095,259166,205
2026-04-20 10:15:00,259166,259660,259166,259636,106
2026-04-20 10:20:00,259578,259622,259239,259300,129
2026-04-20 10:25:00,259300,259559,259010,259488,311
2026-04-20 10:30:00,259488,259777,259387,259610,175
2026-04-20 10:35:00,259610,259659,259432,259480,91
2026-04-20 10:40:00,259480,259549,259341,259475,74
2026-04-20 10:45:00,259475,259584,259399,259437,108
2026-04-20 10:50:00,259496,259584,259317,259552,91
2026-04-20 10:55:00,259552,259589,259300,259355,129
2026-04-20 11:00:00,259355,259928,259355,259821,251
2026-04-20 11:05:00,259867,260123,259432,260055,260
2026-04-20 11:10:00,260055,260125,259013,259100,274
2026-04-20 11:15:00,259065,259490,259000,259438,332
2026-04-20 11:20:00,259438,259490,258871,259434,360
2026-04-20 11:25:00,259434,259700,259411,259500,151
2026-04-20 11:30:00,259500,259900,259297,259772,183
2026-04-20 11:35:00,259772,259800,259573,259800,100
2026-04-20 11:40:00,259800,259874,259661,259661,204
2026-04-20 11:45:00,259666,259795,259528,259708,203
2026-04-20 11:50:00,259708,259803,259600,259725,52
2026-04-20 11:55:00,259725,259896,259513,259750,102
2026-04-20 12:00:00,259750,259974,259725,259725,122
2026-04-20 12:05:00,259725,259898,259680,259817,75
2026-04-20 12:10:00,259817,259958,259739,259945,58
2026-04-20 12:15:00,259945,259945,259639,259797,96
2026-04-20 12:20:00,259797,259797,259521,259603,66
2026-04-20 12:25:00,259603,259969,259501,259969,130
2026-04-20 12:30:00,260108,260663,259896,260556,377
2026-04-20 12:35:00,260531,260689,260149,260636,322
2026-04-20 12:40:00,260636,260763,260477,260643,166
2026-04-20 12:45:00,260643,260727,260294,260550,166
2026-04-20 12:50:00,260550,261000,260520,260887,227
2026-04-20 12:55:00,260887,260887,260342,260366,175
2026-04-20 13:00:00,260366,260450,259607,259854,501
2026-04-20 13:05:00,259900,260063,259560,260063,145
2026-04-20 13:10:00,260100,260100,259801,259920,96
2026-04-20 13:15:00,259920,259920,259550,259775,82
2026-04-20 13:20:00,259775,259775,259277,259337,257
2026-04-20 13:25:00,259337,259598,259300,259598,104
2026-04-20 13:30:00,259598,259695,259425,259652,92
2026-04-20 13:35:00,259652,259726,259334,259334,85
2026-04-20 13:40:00,259334,259597,259304,259381,89
2026-04-20 13:45:00,259381,259448,259200,259293,100
2026-04-20 13:50:00,259293,259366,259103,259268,165
2026-04-20 13:55:00,259268,259397,259142,259397,96
2026-04-20 14:00:00,259397,259397,259150,259150,115
2026-04-20 14:05:00,259217,259332,259132,259168,139
2026-04-20 14:10:00,259168,259346,259150,259346,43
2026-04-20 14:15:00,259358,259602,259358,259506,61
2026-04-20 14:20:00,259506,259700,259506,259700,46
2026-04-20 14:25:00,259700,259948,259684,259821,92
2026-04-20 14:30:00,259869,260003,259789,259805,122
2026-04-20 14:35:00,259805,260093,259764,259766,166
2026-04-20 14:40:00,259766,259874,259608,259783,80
2026-04-20 14:45:00,259783,259814,259500,259592,79
2026-04-20 14:50:00,259592,259692,259508,259692,21
2026-04-20 14:55:00,259692,259692,259557,259575,57
2026-04-20 15:00:00,259575,259583,259100,259184,214
2026-04-20 15:05:00,259184,259237,258850,258985,407
2026-04-20 15:10:00,258985,259253,258951,259200,101
2026-04-20 15:15:00,259200,259373,259118,259237,79
2026-04-20 15:20:00,259237,259314,259152,259199,94
2026-04-20 15:25:00,259199,259199,259001,259178,183
2026-04-20 15:30:00,259178,259377,259150,259377,82
2026-04-20 15:35:00,259377,259900,259375,259900,165
2026-04-20 15:40:00,259900,259970,259639,259680,277
2026-04-20 15:45:00,259680,259795,259600,259702,237
2026-04-20 15:50:00,259702,259764,259550,259580,123
2026-04-20 15:55:00,259580,259775,259465,259747,81
2026-04-20 16:00:00,259747,259808,259608,259757,46
2026-04-20 16:05:00,259757,259757,259500,259582,54
2026-04-20 16:10:00,259582,259595,259321,259351,67
2026-04-20 16:15:00,259351,259577,259351,259577,48
2026-04-20 16:20:00,259577,259577,259339,259379,76
2026-04-20 16:25:00,259379,259555,259337,259337,55
2026-04-20 16:30:00,259355,259391,258955,259038,446
2026-04-20 16:35:00,259083,259592,259069,259581,117
2026-04-20 16:40:00,259581,259581,259088,259268,48
2026-04-20 16:45:00,259268,259495,259237,259354,74
2026-04-20 16:50:00,259354,259510,259300,259510,67
2026-04-20 16:55:00,259510,259540,259322,259387,58
2026-04-20 17:00:00,259387,259592,259333,259591,68
2026-04-20 17:05:00,259591,259799,259526,259789,124
2026-04-20 17:10:00,259790,259950,259643,259937,118
2026-04-20 17:15:00,259950,260123,259722,259815,200
2026-04-20 17:20:00,259815,260282,259815,260001,227
2026-04-20 17:25:00,260001,260797,260001,260750,400
2026-04-20 17:30:00,260750,260778,260250,260638,368
2026-04-20 17:35:00,260638,260750,260400,260400,162
2026-04-20 17:40:00,260392,260700,260392,260483,222
2026-04-20 17:45:00,260483,260750,260353,260678,134
2026-04-20 17:50:00,260678,260897,260500,260637,254
2026-04-20 17:55:00,260637,260637,260051,260164,184
2026-04-20 18:00:00,260164,260452,260134,260216,116
2026-04-20 18:05:00,260216,260251,259784,259880,188
2026-04-20 18:10:00,259880,260283,259854,260174,116
2026-04-20 18:15:00,260174,260458,260078,260448,101
2026-04-20 18:20:00,260448,260600,260205,260485,171
2026-04-20 18:25:00,260485,260485,260025,260245,146
2026-04-20 18:30:00,260245,260600,260106,260509,205
2026-04-20 18:35:00,260509,261154,260457,260862,413
2026-04-20 18:40:00,260902,261200,260889,261169,267
2026-04-20 18:45:00,261157,261498,260951,261385,419
2026-04-20 18:50:00,261385,261564,261150,261157,292
2026-04-20 18:55:00,261157,261698,261111,261618,218
2026-04-20 19:00:00,261700,261949,261277,261849,481
2026-04-20 19:05:00,261849,262096,261306,261327,443
2026-04-20 19:10:00,261343,261700,261277,261600,174
2026-04-20 19:15:00,261600,261899,261509,261516,178
2026-04-20 19:20:00,261516,261686,261327,261638,220
2026-04-20 19:25:00,261638,261666,261280,261394,180
2026-04-20 19:30:00,261398,261398,260567,261002,462
2026-04-20 19:35:00,261078,261158,260610,260718,141
2026-04-20 19:40:00,260718,260843,260250,260839,323
2026-04-20 19:45:00,260830,261073,260507,260920,173
2026-04-20 19:50:00,260920,261499,260920,261400,195
2026-04-20 19:55:00,261400,261633,261219,261404,205
2026-04-20 20:00:00,261400,261700,261208,261399,228
2026-04-20 20:05:00,261330,261330,260900,260900,140
2026-04-20 20:10:00,260900,261050,260700,261050,148
2026-04-20 20:15:00,261050,261084,260723,261001,94
2026-04-20 20:20:00,261001,261063,259700,260270,1034
2026-04-20 20:25:00,260270,260384,259900,260111,242
2026-04-20 20:30:00,260111,260380,259700,259726,254
2026-04-20 20:35:00,259726,260018,259580,259821,151
2026-04-20 20:40:00,259820,260190,259600,259775,283
2026-04-20 20:45:00,259775,260046,259510,259896,245
2026-04-20 20:50:00,259896,260450,259789,260376,434
2026-04-20 20:55:00,260376,260500,259936,260410,215
2026-04-20 21:00:00,260232,260377,260014,260014,96
2026-04-20 21:05:00,260124,260124,259803,259907,333
2026-04-20 21:10:00,259907,260325,259907,260220,162
2026-04-20 21:15:00,260220,260490,260109,260233,361
2026-04-20 21:20:00,260233,260393,260130,260200,67
2026-04-20 21:25:00,260200,260476,260200,260292,100
2026-04-20 21:30:00,260292,260361,260000,260000,111
2026-04-20 21:35:00,260000,260107,259853,260070,101
2026-04-20 21:40:00,260070,260286,260029,260286,67
2026-04-20 21:45:00,260286,260425,260068,260234,53
2026-04-20 21:50:00,260234,260470,260207,260306,92
2026-04-20 21:55:00,260306,260386,260199,260353,39
2026-04-20 22:00:00,260353,260457,260241,260286,60
2026-04-20 22:05:00,260286,260286,260018,260187,57
2026-04-20 22:10:00,260194,260420,260113,260377,90
2026-04-20 22:15:00,260328,260416,260300,260341,42
2026-04-20 22:20:00,260412,260699,260349,260569,191
2026-04-20 22:25:00,260569,260700,260417,260593,113
2026-04-20 22:30:00,260593,260700,260333,260573,71
2026-04-20 22:35:00,260573,260728,260551,260671,92
2026-04-20 22:40:00,260622,260691,260520,260520,50
2026-04-20 22:45:00,260520,260796,260520,260754,109
2026-04-20 22:50:00,260754,260754,260420,260425,65
2026-04-20 22:55:00,260425,260425,260228,260366,84
2026-04-20 23:00:00,260366,260373,260001,260001,140
2026-04-20 23:05:00,260001,260350,260001,260200,74
2026-04-20 23:10:00,260200,260235,260123,260234,58
2026-04-20 23:15:00,260233,260234,260062,260073,133
2026-04-20 23:20:00,260074,260110,259932,260000,393
2026-04-20 23:25:00,260048,260048,259871,259909,372
2026-04-21 09:00:00,259401,259401,257346,259079,1185
2026-04-21 09:05:00,259079,259079,258407,258484,500
2026-04-21 09:10:00,258500,258900,258403,258900,279
2026-04-21 09:15:00,258925,259056,258803,258974,200
2026-04-21 09:20:00,258974,259044,258721,258751,205
2026-04-21 09:25:00,258751,259086,258751,259075,124
2026-04-21 09:30:00,259082,259159,258950,259159,133
2026-04-21 09:35:00,259159,259250,259011,259089,171
2026-04-21 09:40:00,259089,259190,259024,259048,114
2026-04-21 09:45:00,259048,259062,258751,258759,146
2026-04-21 09:50:00,258759,258989,258664,258829,97
2026-04-21 09:55:00,258829,258993,258801,258904,84
2026-04-21 10:00:00,258904,258996,258700,258900,132
2026-04-21 10:05:00,258900,258966,258800,258849,200
2026-04-21 10:10:00,258849,258974,258795,258804,118
2026-04-21 10:15:00,258804,258896,258633,258633,191
2026-04-21 10:20:00,258600,258798,258600,258727,147
2026-04-21 10:25:00,258727,258875,258600,258658,108
2026-04-21 10:30:00,258658,258865,258538,258850,167
2026-04-21 10:35:00,258850,259016,258689,258965,279
2026-04-21 10:40:00,258965,258980,258820,258980,86
2026-04-21 10:45:00,259047,259290,259023,259166,174
2026-04-21 10:50:00,259166,259290,259125,259290,161
2026-04-21 10:55:00,259290,259300,259098,259237,138
2026-04-21 11:00:00,259219,259375,259148,259288,164
2026-04-21 11:05:00,259288,259700,259288,259591,253
2026-04-21 11:10:00,259591,259649,259424,259600,145
2026-04-21 11:15:00,259600,259600,259277,259371,189
2026-04-21 11:20:00,259300,259383,258951,259132,314
2026-04-21 11:25:00,259142,259142,258900,258900,136
2026-04-21 11:30:00,258900,259026,258650,258819,363
2026-04-21 11:35:00,258800,259087,258800,259010,81
2026-04-21 11:40:00,259010,259244,258900,258900,117
2026-04-21 11:45:00,258900,258944,258600,258656,125
2026-04-21 11:50:00,258656,258950,258500,258896,357
2026-04-21 11:55:00,258828,258828,258552,258706,69
2026-04-21 12:00:00,258706,258833,258633,258767,37
2026-04-21 12:05:00,258767,258900,258704,258851,37
2026-04-21 12:10:00,258851,258999,258715,258999,88
2026-04-21 12:15:00,258950,259100,258900,259000,113
2026-04-21 12:20:00,259000,259000,258845,258845,25
2026-04-21 12:25:00,258845,258888,258817,258844,34
2026-04-21 12:30:00,258814,258899,258551,258551,164
2026-04-21 12:35:00,258551,258900,258551,258900,75
2026-04-21 12:40:00,258900,259037,258897,258963,66
2026-04-21 12:45:00,258963,259097,258949,258988,111
2026-04-21 12:50:00,258988,258988,258800,258900,62
2026-04-21 12:55:00,258900,259000,258800,258810,42
2026-04-21 13:00:00,258810,259004,258810,258936,40
2026-04-21 13:05:00,258936,259010,258936,259010,46
2026-04-21 13:10:00,259010,259273,258947,259235,167
2026-04-21 13:15:00,259235,259500,259217,259491,220
2026-04-21 13:20:00,259491,259670,259280,259364,281
2026-04-21 13:25:00,259402,259431,259155,259155,70
2026-04-21 13:30:00,259200,259259,259100,259161,105
2026-04-21 13:35:00,259161,259161,258649,258864,271
2026-04-21 13:40:00,258864,258875,258551,258667,223
2026-04-21 13:45:00,258634,259000,258634,259000,153
2026-04-21 13:50:00,259000,259214,258877,259010,87
2026-04-21 13:55:00,259010,259154,258824,259050,72
2026-04-21 14:00:00,259050,259095,258824,259014,75
2026-04-21 14:05:00,258964,259001,258900,258978,28
2026-04-21 14:10:00,258978,259256,258878,259199,142
2026-04-21 14:15:00,259141,259196,258987,259091,142
2026-04-21 14:20:00,259091,259091,258855,258954,45
2026-04-21 14:25:00,258954,259067,258850,258850,51
2026-04-21 14:30:00,258850,258901,258521,258797,275
2026-04-21 14:35:00,258797,258919,258639,258796,89
2026-04-21 14:40:00,258738,258914,258738,258844,79
2026-04-21 14:45:00,258844,259051,258795,258992,129
2026-04-21 14:50:00,258992,259040,258865,258901,83
2026-04-21 14:55:00,258901,258975,258708,258780,90
2026-04-21 15:00:00,258780,258975,258780,258908,62
2026-04-21 15:05:00,258908,258937,258781,258859,33
2026-04-21 15:10:00,258859,258876,258741,258781,48
2026-04-21 15:15:00,258781,258853,258759,258853,58
2026-04-21 15:20:00,258853,259000,258801,258988,59
2026-04-21 15:25:00,259000,259200,258965,259085,183
2026-04-21 15:30:00,259085,259293,259070,259183,133
2026-04-21 15:35:00,259183,259245,259110,259154,42
2026-04-21 15:40:00,259154,259250,259100,259117,83
2026-04-21 15:45:00,259117,259197,259065,259150,71
2026-04-21 15:50:00,259150,259299,259120,259170,114
2026-04-21 15:55:00,259170,259201,259020,259092,55
2026-04-21 16:00:00,259092,259253,259092,259192,44
2026-04-21 16:05:00,259192,259400,259126,259359,120
2026-04-21 16:10:00,259359,259577,259310,259446,165
2026-04-21 16:15:00,259445,259600,259357,259468,127
2026-04-21 16:20:00,259468,259600,259461,259568,75
2026-04-21 16:25:00,259568,259700,259509,259509,115
2026-04-21 16:30:00,259509,259509,259189,259304,143
2026-04-21 16:35:00,259304,259511,258682,258960,684
2026-04-21 16:40:00,258960,259019,258756,258890,275
2026-04-21 16:45:00,258890,259075,258800,258982,130
2026-04-21 16:50:00,258913,259133,258913,259060,65
2026-04-21 16:55:00,259060,259083,258850,259043,47
2026-04-21 17:00:00,259043,259273,259007,259150,75
2026-04-21 17:05:00,259150,259305,259150,259289,62
2026-04-21 17:10:00,259289,259442,259203,259381,97
2026-04-21 17:15:00,259381,259537,259289,259500,146
2026-04-21 17:20:00,259519,259580,259276,259350,172
2026-04-21 17:25:00,259350,259499,259322,259480,82
2026-04-21 17:30:00,259480,259547,259323,259349,81
2026-04-21 17:35:00,259301,259424,259208,259424,102
2026-04-21 17:40:00,259424,259460,259254,259261,27
2026-04-21 17:45:00,259261,259261,259000,259039,141
2026-04-21 17:50:00,259039,259178,258812,259074,141
2026-04-21 17:55:00,259074,259180,259005,259106,47
2026-04-21 18:00:00,259128,259289,258529,259200,605
2026-04-21 18:05:00,259200,259208,258730,258789,154
2026-04-21 18:10:00,258789,258944,258367,258670,587
2026-04-21 18:15:00,258654,258756,258500,258559,200
2026-04-21 18:20:00,258559,258900,258481,258774,219
2026-04-21 18:25:00,258751,258857,258522,258762,157
2026-04-21 18:30:00,258762,258800,258511,258511,134
2026-04-21 18:35:00,258536,258536,257702,257890,1084
2026-04-21 18:40:00,257800,257817,257251,257372,844
2026-04-21 18:45:00,257265,257754,257084,257364,652
2026-04-21 18:50:00,257364,257689,257100,257123,536
2026-04-21 18:55:00,257180,257440,257084,257233,371
2026-04-21 19:00:00,257233,258098,257233,257644,439
2026-04-21 19:05:00,257574,258217,257187,258053,540
2026-04-21 19:10:00,258053,258166,257810,258009,290
2026-04-21 19:15:00,258000,258300,257820,258207,258
2026-04-21 19:20:00,258207,258480,258114,258278,286
2026-04-21 19:25:00,258370,258370,257989,258136,162
2026-04-21 19:30:00,258136,258199,257830,258170,139
2026-04-21 19:35:00,258170,258589,258099,258380,222
2026-04-21 19:40:00,258380,258450,258138,258293,117
2026-04-21 19:45:00,258293,258300,257679,257777,258
2026-04-21 19:50:00,257777,257790,257400,257573,305
2026-04-21 19:55:00,257573,257676,257374,257633,195
2026-04-21 20:00:00,257633,257730,257162,257450,417
2026-04-21 20:05:00,257438,257531,257249,257250,117
2026-04-21 20:10:00,257219,257219,256235,256893,1194
2026-04-21 20:15:00,256400,256617,254584,254680,2377
2026-04-21 20:20:00,254558,255008,254032,254634,1398
2026-04-21 20:25:00,254544,254999,253552,254000,1324
2026-04-21 20:30:00,254077,254305,253826,254032,682
2026-04-21 20:35:00,254032,254360,253500,254233,869
2026-04-21 20:40:00,254276,254780,254244,254388,583
2026-04-21 20:45:00,254388,254950,254135,254785,519
2026-04-21 20:50:00,254785,254950,254339,254566,395
2026-04-21 20:55:00,254566,254566,253781,253781,483
2026-04-21 21:00:00,253795,253928,253501,253755,558
2026-04-21 21:05:00,253755,253983,253503,253851,323
2026-04-21 21:10:00,253886,254130,253600,254034,356
2026-04-21 21:15:00,254034,254237,253753,254100,341
2026-04-21 21:20:00,254100,254100,253669,253760,277
2026-04-21 21:25:00,253760,254079,253650,253935,189
2026-04-21 21:30:00,253935,254400,253935,254118,315
2026-04-21 21:35:00,254118,254400,253914,253961,159
2026-04-21 21:40:00,253900,253900,253166,253375,808
2026-04-21 21:45:00,253375,253648,253301,253348,308
2026-04-21 21:50:00,253348,253348,252828,252971,744
2026-04-21 21:55:00,253057,253059,252306,252375,837
2026-04-21 22:00:00,252375,252680,252307,252604,591
2026-04-21 22:05:00,252612,252870,252431,252523,442
2026-04-21 22:10:00,252539,252635,252133,252160,509
2026-04-21 22:15:00,252142,252329,251822,251822,993
2026-04-21 22:20:00,251822,251961,250850,251009,1302
2026-04-21 22:25:00,251009,251150,250725,250810,607
2026-04-21 22:30:00,250810,252157,250771,251580,880
2026-04-21 22:35:00,251500,251642,251100,251452,470
2026-04-21 22:40:00,251501,251585,251000,251150,509
2026-04-21 22:45:00,251226,251933,250998,251781,633
2026-04-21 22:50:00,251781,252400,251738,252000,593
2026-04-21 22:55:00,252000,252142,251700,251902,377
2026-04-21 23:00:00,252002,252250,251939,252200,300
2026-04-21 23:05:00,252200,252670,252175,252554,408
2026-04-21 23:10:00,252554,253100,252554,252925,703
2026-04-21 23:15:00,252983,253100,252733,252778,317
2026-04-21 23:20:00,252847,253037,252781,252939,452
2026-04-21 23:25:00,252940,253075,252783,252907,547
2026-04-22 09:00:00,255366,257419,255366,256500,941
2026-04-22 09:05:00,256533,256739,256401,256543,489
2026-04-22 09:10:00,256550,256800,256456,256691,407
2026-04-22 09:15:00,256803,256895,256737,256890,116
2026-04-22 09:20:00,256861,257049,256769,256860,212
2026-04-22 09:25:00,256860,257000,256665,256742,296
2026-04-22 09:30:00,256742,256865,256505,256518,196
2026-04-22 09:35:00,256518,256521,256369,256374,185
2026-04-22 09:40:00,256374,256469,256290,256324,136
2026-04-22 09:45:00,256324,256393,256202,256375,241
2026-04-22 09:50:00,256375,256666,256353,256365,197
2026-04-22 09:55:00,256353,256353,256148,256267,230
2026-04-22 10:00:00,256267,256546,256251,256546,166
2026-04-22 10:05:00,256546,256566,256264,256294,120
2026-04-22 10:10:00,256294,256496,256294,256442,118
2026-04-22 10:15:00,256383,256644,256344,256620,150
2026-04-22 10:20:00,256620,256656,256461,256490,192
2026-04-22 10:25:00,256490,256650,256382,256650,82
2026-04-22 10:30:00,256650,256678,256536,256650,89
2026-04-22 10:35:00,256600,256800,256600,256799,95
2026-04-22 10:40:00,256799,256940,256756,256845,195
2026-04-22 10:45:00,256855,257888,256809,257851,1163
2026-04-22 10:50:00,257861,258198,257826,257992,516
2026-04-22 10:55:00,257992,258300,257601,257699,486
2026-04-22 11:00:00,257699,258056,257526,257887,358
2026-04-22 11:05:00,257887,258277,257887,258168,299
2026-04-22 11:10:00,258150,258199,257955,258033,235
2026-04-22 11:15:00,258003,258200,257901,257945,226
2026-04-22 11:20:00,257945,258053,257829,257853,150
2026-04-22 11:25:00,257853,257956,257800,257800,169
2026-04-22 11:30:00,257800,257813,257540,257570,275
2026-04-22 11:35:00,257521,257599,257283,257321,185
2026-04-22 11:40:00,257321,257728,257321,257648,83
2026-04-22 11:45:00,257648,257824,257539,257746,99
2026-04-22 11:50:00,257746,257916,257746,257845,76
2026-04-22 11:55:00,257845,258080,257800,258002,177
2026-04-22 12:00:00,258002,258090,257900,257968,97
2026-04-22 12:05:00,257957,258058,257778,257831,89
2026-04-22 12:10:00,257831,257885,257752,257808,83
2026-04-22 12:15:00,257757,257980,257602,257979,110
2026-04-22 12:20:00,257979,258090,257907,257926,68
2026-04-22 12:25:00,257873,258040,257873,257950,50
2026-04-22 12:30:00,257950,258050,257838,257870,70
2026-04-22 12:35:00,257864,258000,257864,257895,44
2026-04-22 12:40:00,257895,257895,257734,257794,90
2026-04-22 12:45:00,257794,257794,257500,257575,181
2026-04-22 12:50:00,257575,257930,257508,257676,103
2026-04-22 12:55:00,257676,257891,257639,257809,51
2026-04-22 13:00:00,257809,257940,257625,257625,50
2026-04-22 13:05:00,257625,257807,257625,257714,69
2026-04-22 13:10:00,257680,257890,257656,257823,53
2026-04-22 13:15:00,257823,257883,257701,257715,54
2026-04-22 13:20:00,257715,257769,257550,257550,91
2026-04-22 13:25:00,257550,257657,257497,257497,129
2026-04-22 13:30:00,257497,257500,257126,257250,282
2026-04-22 13:35:00,257270,257449,257222,257325,134
2026-04-22 13:40:00,257325,257449,257286,257350,81
2026-04-22 13:45:00,257350,257352,257158,257158,71
2026-04-22 13:50:00,257158,257198,256800,256880,324
2026-04-22 13:55:00,256880,257090,256837,256837,130
2026-04-22 14:00:00,256837,256999,256653,256662,229
2026-04-22 14:05:00,256662,256800,256627,256730,164
2026-04-22 14:10:00,256730,256880,256618,256829,148
2026-04-22 14:15:00,256829,256977,256806,256901,118
2026-04-22 14:20:00,256901,257197,256769,257197,208
2026-04-22 14:25:00,257197,257444,257197,257379,277
2026-04-22 14:30:00,257379,257648,257255,257553,330
2026-04-22 14:35:00,257553,257587,257385,257501,132
2026-04-22 14:40:00,257542,257542,257410,257468,60
2026-04-22 14:45:00,257436,257541,257358,257365,84
2026-04-22 14:50:00,257365,257419,257254,257285,73
2026-04-22 14:55:00,257285,257349,257170,257170,85
2026-04-22 15:00:00,257174,257174,256820,256900,124
2026-04-22 15:05:00,256900,257180,256854,257180,68
2026-04-22 15:10:00,257180,257396,257180,257198,110
2026-04-22 15:15:00,257198,257198,256856,257000,76
2026-04-22 15:20:00,257000,257000,256622,256712,131
2026-04-22 15:25:00,256800,256800,256510,256552,194
2026-04-22 15:30:00,256580,256781,256279,256380,318
2026-04-22 15:35:00,256340,256608,256144,256208,312
2026-04-22 15:40:00,256194,256357,255621,255942,559
2026-04-22 15:45:00,255942,256381,255937,256190,333
2026-04-22 15:50:00,256190,256516,256124,256127,171
2026-04-22 15:55:00,256127,256490,256127,256489,153
2026-04-22 16:00:00,256489,256786,256468,256750,282
2026-04-22 16:05:00,256790,256985,256608,256654,220
2026-04-22 16:10:00,256654,256654,256300,256490,177
2026-04-22 16:15:00,256490,256544,256334,256458,82
2026-04-22 16:20:00,256458,256668,256458,256668,58
2026-04-22 16:25:00,256668,256712,256500,256690,139
2026-04-22 16:30:00,256690,256900,256588,256652,206
2026-04-22 16:35:00,256652,256698,256557,256621,61
2026-04-22 16:40:00,256621,256700,256571,256600,87
2026-04-22 16:45:00,256592,256836,256592,256807,96
2026-04-22 16:50:00,256807,257037,256775,256803,189
2026-04-22 16:55:00,256803,256902,256666,256800,64
2026-04-22 17:00:00,256833,257058,256800,256833,121
2026-04-22 17:05:00,256833,256898,256643,256788,72
2026-04-22 17:10:00,256788,256788,256222,256300,271
2026-04-22 17:15:00,256300,256801,256242,256745,158
2026-04-22 17:20:00,256745,256792,256654,256663,106
2026-04-22 17:25:00,256663,256724,256380,256559,129
2026-04-22 17:30:00,256500,257188,256500,257135,324
2026-04-22 17:35:00,257135,257280,256904,256971,227
2026-04-22 17:40:00,257004,257094,256725,256981,122
2026-04-22 17:45:00,256981,256981,256500,256533,178
2026-04-22 17:50:00,256590,256746,256507,256590,317
2026-04-22 17:55:00,256590,256955,256502,256605,191
2026-04-22 18:00:00,256605,256626,256302,256371,335
2026-04-22 18:05:00,256336,256336,256001,256188,381
2026-04-22 18:10:00,256188,256188,255602,255613,530
2026-04-22 18:15:00,255613,255960,255300,255494,527
2026-04-22 18:20:00,255470,255802,255300,255572,380
2026-04-22 18:25:00,255572,255840,255535,255535,148
2026-04-22 18:30:00,255535,255960,255324,255495,304
2026-04-22 18:35:00,255495,255929,255140,255578,452
2026-04-22 18:40:00,255578,255620,255310,255610,162
2026-04-22 18:45:00,255610,255800,254808,255800,750
2026-04-22 18:50:00,255777,256158,255500,256070,352
2026-04-22 18:55:00,256070,256400,255903,256350,307
2026-04-22 19:00:00,256382,256382,255659,255865,405
2026-04-22 19:05:00,255865,256450,255785,256211,210
2026-04-22 19:10:00,256211,256655,256118,256584,471
2026-04-22 19:15:00,256584,257062,256348,256543,735
2026-04-22 19:20:00,256543,256899,256378,256875,348
2026-04-22 19:25:00,256890,256899,256646,256772,194
2026-04-22 19:30:00,256772,257133,256600,256600,413
2026-04-22 19:35:00,256600,256700,256400,256521,219
2026-04-22 19:40:00,256527,256842,256463,256842,143
2026-04-22 19:45:00,256842,257050,256752,256999,280
2026-04-22 19:50:00,256999,257548,256911,257191,625
2026-04-22 19:55:00,257191,257458,256758,256763,243
2026-04-22 20:00:00,256784,256934,256157,256300,526
2026-04-22 20:05:00,256300,256498,255896,256431,440
2026-04-22 20:10:00,256431,256473,256000,256031,132
2026-04-22 20:15:00,256031,256338,256000,256116,176
2026-04-22 20:20:00,256116,256290,255819,256290,180
2026-04-22 20:25:00,256290,256290,255727,256000,241
2026-04-22 20:30:00,256000,256090,255837,256020,160
2026-04-22 20:35:00,256020,256445,255988,256325,191
2026-04-22 20:40:00,256325,256788,256325,256670,264
2026-04-22 20:45:00,256670,256671,256200,256379,110
2026-04-22 20:50:00,256379,256470,256261,256466,106
2026-04-22 20:55:00,256466,256470,256101,256294,124
2026-04-22 21:00:00,256294,256393,256100,256172,107
2026-04-22 21:05:00,256172,256172,255627,255726,269
2026-04-22 21:10:00,255726,256117,255706,255825,145
2026-04-22 21:15:00,255825,255999,255805,255926,105
2026-04-22 21:20:00,255926,255926,255628,255692,127
2026-04-22 21:25:00,255816,255998,255750,255820,98
2026-04-22 21:30:00,255830,255999,255749,255999,67
2026-04-22 21:35:00,255990,256279,255989,256205,172
2026-04-22 21:40:00,256205,256230,256083,256214,123
2026-04-22 21:45:00,256214,256214,255900,255900,90
2026-04-22 21:50:00,255900,256000,255814,255816,111
2026-04-22 21:55:00,255859,256020,255811,255923,87
2026-04-22 22:00:00,255923,255940,255731,255750,123
2026-04-22 22:05:00,255750,255971,255750,255951,62
2026-04-22 22:10:00,255951,256063,255750,255760,152
2026-04-22 22:15:00,255743,255743,255515,255582,214
2026-04-22 22:20:00,255582,255700,255500,255623,141
2026-04-22 22:25:00,255623,255649,255500,255555,103
2026-04-22 22:30:00,255555,256351,255555,256349,264
2026-04-22 22:35:00,256349,256386,256040,256300,134
2026-04-22 22:40:00,256300,256492,256300,256376,194
2026-04-22 22:45:00,256376,256559,256261,256274,205
2026-04-22 22:50:00,256274,256525,256274,256299,80
2026-04-22 22:55:00,256299,256337,256049,256140,177
2026-04-22 23:00:00,256140,256182,255965,256080,92
2026-04-22 23:05:00,256080,256200,256025,256130,161
2026-04-22 23:10:00,256130,256302,256050,256220,153
2026-04-22 23:15:00,256220,256450,256220,256402,238
2026-04-22 23:20:00,256301,256490,256301,256438,249
2026-04-22 23:25:00,256438,256450,256234,256390,396
2026-04-23 09:00:00,254551,254551,250400,251721,3157
2026-04-23 09:05:00,251721,251990,251500,251855,1091
2026-04-23 09:10:00,251856,252496,251800,252260,1072
2026-04-23 09:15:00,252219,252435,252047,252400,571
2026-04-23 09:20:00,252400,252499,252216,252474,452
2026-04-23 09:25:00,252474,252474,252042,252227,336
2026-04-23 09:30:00,252227,252286,251840,252011,462
2026-04-23 09:35:00,252011,252499,251863,252396,389
2026-04-23 09:40:00,252450,252530,252354,252530,417
2026-04-23 09:45:00,252529,252530,252065,252366,327
2026-04-23 09:50:00,252366,252496,252080,252152,263
2026-04-23 09:55:00,252152,252388,252075,252301,237
2026-04-23 10:00:00,252301,252311,252100,252256,274
2026-04-23 10:05:00,252256,252396,252100,252142,192
2026-04-23 10:10:00,252142,252253,252064,252200,132
2026-04-23 10:15:00,252200,252203,251882,252135,459
2026-04-23 10:20:00,252135,252239,252074,252074,117
2026-04-23 10:25:00,252074,252255,252005,252200,100
2026-04-23 10:30:00,252200,252372,252133,252250,177
2026-04-23 10:35:00,252250,252400,252200,252387,74
2026-04-23 10:40:00,252387,252400,252083,252192,198
2026-04-23 10:45:00,252192,252249,252006,252070,98
2026-04-23 10:50:00,252070,252223,252005,252005,94
2026-04-23 10:55:00,252065,252129,251929,251994,407
2026-04-23 11:00:00,251986,251986,250900,251466,2415
2026-04-23 11:05:00,251450,251538,251174,251360,272
2026-04-23 11:10:00,251360,251447,251151,251414,318
2026-04-23 11:15:00,251414,251950,251366,251950,319
2026-04-23 11:20:00,251950,252180,251916,252032,294
2026-04-23 11:25:00,252032,252150,252000,252047,326
2026-04-23 11:30:00,252047,252297,252003,252067,345
2026-04-23 11:35:00,252067,252092,251740,251810,342
2026-04-23 11:40:00,251842,251911,251718,251775,262
2026-04-23 11:45:00,251775,251850,251666,251706,435
2026-04-23 11:50:00,251706,251900,251486,251900,315
2026-04-23 11:55:00,251900,251999,251780,251895,115
2026-04-23 12:00:00,251895,251931,251722,251880,105
2026-04-23 12:05:00,251880,251981,251702,251889,87
2026-04-23 12:10:00,251889,252087,251850,252087,130
2026-04-23 12:15:00,252087,252250,251956,252076,217
2026-04-23 12:20:00,252076,252380,252076,252245,169
2026-04-23 12:25:00,252245,252339,252135,252135,150
2026-04-23 12:30:00,252152,252154,251820,251899,138
2026-04-23 12:35:00,251851,251967,251800,251851,117
2026-04-23 12:40:00,251851,252000,251735,251766,108
2026-04-23 12:45:00,251766,251950,251699,251919,120
2026-04-23 12:50:00,251919,251936,251583,251790,145
2026-04-23 12:55:00,251790,251865,251591,251652,160
2026-04-23 13:00:00,251652,251770,251410,251770,384
2026-04-23 13:05:00,251770,251900,251652,251800,66
2026-04-23 13:10:00,251800,252000,251673,251905,87
2026-04-23 13:15:00,251905,252400,251889,252400,300
2026-04-23 13:20:00,252430,252450,252140,252306,186
2026-04-23 13:25:00,252306,252400,252120,252215,101
2026-04-23 13:30:00,252215,252400,252154,252218,105
2026-04-23 13:35:00,252218,252243,252150,252150,57
2026-04-23 13:40:00,252150,252242,252000,252029,146
2026-04-23 13:45:00,252029,252036,251826,251881,155
2026-04-23 13:50:00,251957,252035,251826,251897,83
2026-04-23 13:55:00,251897,252190,251826,251850,85
2026-04-23 14:00:00,251850,251906,251412,251781,412
2026-04-23 14:05:00,251783,251942,251425,251605,299
2026-04-23 14:10:00,251615,251683,251200,251200,608
2026-04-23 14:15:00,251235,251399,250821,251399,941
2026-04-23 14:20:00,251399,251399,251055,251119,203
2026-04-23 14:25:00,251205,251348,251143,251245,119
2026-04-23 14:30:00,251245,251245,250451,250451,1044
2026-04-23 14:35:00,250451,250680,250000,250000,1290
2026-04-23 14:40:00,250000,250300,249700,249998,794
2026-04-23 14:45:00,249998,250571,249900,250282,461
2026-04-23 14:50:00,250282,250580,250202,250507,233
2026-04-23 14:55:00,250507,250699,250400,250419,344
2026-04-23 15:00:00,250419,250831,250419,250723,262
2026-04-23 15:05:00,250700,250825,250600,250693,200
2026-04-23 15:10:00,250693,250700,250540,250540,117
2026-04-23 15:15:00,250563,250640,250207,250207,237
2026-04-23 15:20:00,250207,250387,250083,250150,364
2026-04-23 15:25:00,250142,250301,250113,250250,196
2026-04-23 15:30:00,250250,250335,250172,250200,285
2026-04-23 15:35:00,250260,250309,249904,249912,480
2026-04-23 15:40:00,249912,249999,249222,249255,1090
2026-04-23 15:45:00,249294,249488,249101,249147,596
2026-04-23 15:50:00,249110,249200,247876,248338,1912
2026-04-23 15:55:00,248338,248550,247777,247784,964
2026-04-23 16:00:00,247805,248222,247606,248222,874
2026-04-23 16:05:00,248226,248226,247650,248100,629
2026-04-23 16:10:00,248100,248399,248100,248336,481
2026-04-23 16:15:00,248300,248556,247950,248110,656
2026-04-23 16:20:00,248110,248321,247950,248079,379
2026-04-23 16:25:00,248110,248890,247990,248890,581
2026-04-23 16:30:00,248902,248950,248429,248600,517
2026-04-23 16:35:00,248571,248750,248510,248680,306
2026-04-23 16:40:00,248680,248873,248458,248522,353
2026-04-23 16:45:00,248522,248879,248382,248879,220
2026-04-23 16:50:00,248879,249061,248800,248924,387
2026-04-23 16:55:00,248924,249050,248654,248665,473
2026-04-23 17:00:00,248724,248740,248400,248428,277
2026-04-23 17:05:00,248580,249055,248451,248930,538
2026-04-23 17:10:00,248930,249750,248901,249750,746
2026-04-23 17:15:00,249750,250483,249619,249980,1256
2026-04-23 17:20:00,249981,250860,249728,250860,1578
2026-04-23 17:25:00,250860,250996,250670,250697,814
2026-04-23 17:30:00,250718,251666,250717,251440,1310
2026-04-23 17:35:00,251449,252100,251398,251773,1545
2026-04-23 17:40:00,251773,252888,251680,252709,1931
2026-04-23 17:45:00,252686,254156,252605,253646,2415
2026-04-23 17:50:00,253694,253801,253006,253439,1478
2026-04-23 17:55:00,253449,253898,253423,253898,1268
2026-04-23 18:00:00,253815,254821,253806,254578,1764
2026-04-23 18:05:00,254625,254625,254134,254135,815
2026-04-23 18:10:00,254172,254500,253793,254112,1057
2026-04-23 18:15:00,254113,254301,253500,253508,1700
2026-04-23 18:20:00,253501,253966,253325,253567,847
2026-04-23 18:25:00,253591,254246,253519,254017,504
2026-04-23 18:30:00,254065,254350,253626,254225,886
2026-04-23 18:35:00,254225,254225,253300,253509,651
2026-04-23 18:40:00,253509,253511,252925,252983,936
2026-04-23 18:45:00,252983,253249,252605,252655,620
2026-04-23 18:50:00,252678,253100,252576,252771,588
2026-04-23 18:55:00,252771,252771,252100,252180,793
2026-04-23 19:00:00,251910,252450,251600,251666,1388
2026-04-23 19:05:00,251703,252313,251703,252313,530
2026-04-23 19:10:00,252360,253000,252251,252997,650
2026-04-23 19:15:00,252716,253186,252611,253126,506
2026-04-23 19:20:00,253126,253453,252906,253052,790
2026-04-23 19:25:00,253073,253073,252075,252075,666
2026-04-23 19:30:00,252085,252100,251100,251624,2390
2026-04-23 19:35:00,251588,252000,251137,251501,825
2026-04-23 19:40:00,251500,252063,251351,252025,466
2026-04-23 19:45:00,251967,252399,251947,252056,541
2026-04-23 19:50:00,252056,252670,251960,252640,412
2026-04-23 19:55:00,252600,252877,252431,252600,404
2026-04-23 20:00:00,252600,252761,252216,252216,288
2026-04-23 20:05:00,252250,252888,252200,252469,506
2026-04-23 20:10:00,252469,252599,252300,252501,209
2026-04-23 20:15:00,252501,252666,252325,252359,249
2026-04-23 20:20:00,252359,252610,252200,252558,282
2026-04-23 20:25:00,252558,252690,252483,252558,315
2026-04-23 20:30:00,252558,252646,252022,252242,798
2026-04-23 20:35:00,252242,252320,251951,252016,362
2026-04-23 20:40:00,252081,252273,252054,252149,226
2026-04-23 20:45:00,252085,253049,252070,252846,596
2026-04-23 20:50:00,252899,252999,252648,252678,206
2026-04-23 20:55:00,252676,252729,252345,252459,157
2026-04-23 21:00:00,252459,252561,252250,252394,297
2026-04-23 21:05:00,252394,252523,252250,252419,133
2026-04-23 21:10:00,252419,252547,252240,252240,209
2026-04-23 21:15:00,252223,252223,251684,251969,557
2026-04-23 21:20:00,251969,251969,251752,251810,209
2026-04-23 21:25:00,251810,252049,251750,252001,211
2026-04-23 21:30:00,252001,252090,251735,251735,223
2026-04-23 21:35:00,251735,251955,251710,251809,263
2026-04-23 21:40:00,251809,252086,251789,251913,178
2026-04-23 21:45:00,251900,252269,251900,252269,291
2026-04-23 21:50:00,252269,252296,252150,252165,130
2026-04-23 21:55:00,252165,252232,252052,252224,142
2026-04-23 22:00:00,252224,252391,252165,252391,158
2026-04-23 22:05:00,252400,252576,252331,252434,251
2026-04-23 22:10:00,252434,252706,252434,252639,234
2026-04-23 22:15:00,252639,252860,252639,252839,271
2026-04-23 22:20:00,252839,253081,252750,252800,567
2026-04-23 22:25:00,252834,252900,252622,252635,250
2026-04-23 22:30:00,252685,252770,252000,252000,713
2026-04-23 22:35:00,252000,252135,251101,251103,1257
2026-04-23 22:40:00,251164,251650,251038,251170,1008
2026-04-23 22:45:00,251169,251200,250452,250562,1877
2026-04-23 22:50:00,250627,250806,250091,250091,1204
2026-04-23 22:55:00,250135,250599,250000,250086,1247
2026-04-23 23:00:00,250125,250400,249900,250232,1681
2026-04-23 23:05:00,250232,250449,249607,249654,1310
2026-04-23 23:10:00,249636,249695,248800,248829,1441
2026-04-23 23:15:00,248858,249298,248202,249090,2214
2026-04-23 23:20:00,249034,250066,248891,249661,1671
2026-04-23 23:25:00,249664,250690,249550,250500,1567
2026-04-24 09:00:00,247989,249888,247374,249212,2382
2026-04-24 09:05:00,249212,249400,249051,249329,787
2026-04-24 09:10:00,249385,249583,249120,249191,823
2026-04-24 09:15:00,249191,249298,248786,249099,745
2026-04-24 09:20:00,249046,249150,248874,248972,361
2026-04-24 09:25:00,248972,248975,248675,248721,657
2026-04-24 09:30:00,248721,248721,248358,248580,899
2026-04-24 09:35:00,248580,248890,248401,248801,567
2026-04-24 09:40:00,248847,248949,248663,248700,340
2026-04-24 09:45:00,248668,248746,248451,248514,413
2026-04-24 09:50:00,248560,248569,248150,248333,845
2026-04-24 09:55:00,248207,248270,248005,248005,517
2026-04-24 10:00:00,248032,248073,247760,248000,1035
2026-04-24 10:05:00,248000,248333,247941,248111,422
2026-04-24 10:10:00,248101,248400,248012,248390,300
2026-04-24 10:15:00,248395,248777,248253,248655,752
2026-04-24 10:20:00,248653,248718,248425,248718,544
2026-04-24 10:25:00,248718,248927,248658,248740,342
2026-04-24 10:30:00,248720,249000,248720,248834,330
2026-04-24 10:35:00,248825,248944,248700,248748,208
2026-04-24 10:40:00,248748,248782,248500,248671,206
2026-04-24 10:45:00,248725,248900,248600,248702,199
2026-04-24 10:50:00,248696,248973,248612,248950,145
2026-04-24 10:55:00,248981,249150,248907,249085,325
2026-04-24 11:00:00,249140,249500,248900,249488,783
2026-04-24 11:05:00,249488,249521,249225,249400,361
2026-04-24 11:10:00,249380,249424,248935,248955,380
2026-04-24 11:15:00,248955,249037,248708,248809,291
2026-04-24 11:20:00,248809,249129,248800,249129,199
2026-04-24 11:25:00,249129,249413,249129,249356,292
2026-04-24 11:30:00,249424,249450,249066,249205,240
2026-04-24 11:35:00,249205,249250,248902,249083,241
2026-04-24 11:40:00,249083,249289,248759,248762,283
2026-04-24 11:45:00,248815,248918,248533,248705,385
2026-04-24 11:50:00,248705,248785,248111,248161,725
2026-04-24 11:55:00,248123,248248,247290,247439,2234
2026-04-24 12:00:00,247459,247874,247087,247194,1044
2026-04-24 12:05:00,247169,247508,247112,247393,736
2026-04-24 12:10:00,247477,247673,247160,247395,825
2026-04-24 12:15:00,247425,247475,246800,246834,1261
2026-04-24 12:20:00,246815,247122,246256,247115,1818
2026-04-24 12:25:00,247060,247388,247026,247110,704
2026-04-24 12:30:00,247110,247750,246840,247750,1044
2026-04-24 12:35:00,247750,248000,247643,247910,791
2026-04-24 12:40:00,247910,248100,247800,247949,476
2026-04-24 12:45:00,247949,248180,247812,247812,306
2026-04-24 12:50:00,247812,247936,247603,247707,363
2026-04-24 12:55:00,247707,247940,247684,247771,199
2026-04-24 13:00:00,247771,247771,247513,247736,248
2026-04-24 13:05:00,247754,247849,247702,247826,103
2026-04-24 13:10:00,247816,247816,247500,247752,226
2026-04-24 13:15:00,247752,248180,247700,248145,580
2026-04-24 13:20:00,248145,248587,248104,248366,665
2026-04-24 13:25:00,248366,248700,248366,248607,412
2026-04-24 13:30:00,248460,248627,247701,247842,737
2026-04-24 13:35:00,247842,247964,247400,247500,550
2026-04-24 13:40:00,247530,247745,247412,247655,194
2026-04-24 13:45:00,247700,248288,247700,248227,418
2026-04-24 13:50:00,248227,248491,247950,247950,284
2026-04-24 13:55:00,247974,248032,247800,247872,181
2026-04-24 14:00:00,247872,247872,247620,247754,269
2026-04-24 14:05:00,247754,247999,247600,247999,180
2026-04-24 14:10:00,247999,248098,247947,248050,198
2026-04-24 14:15:00,248050,248300,248021,248200,223
2026-04-24 14:20:00,248200,248390,248154,248294,150
2026-04-24 14:25:00,248294,248340,248154,248287,141
2026-04-24 14:30:00,248333,248494,248293,248366,336
2026-04-24 14:35:00,248366,248570,248290,248527,249
2026-04-24 14:40:00,248527,248589,248376,248536,194
2026-04-24 14:45:00,248536,248800,248304,248500,501
2026-04-24 14:50:00,248500,248500,247897,248025,430
2026-04-24 14:55:00,247965,248169,247850,248135,268
2026-04-24 15:00:00,248135,248331,247904,248249,212
2026-04-24 15:05:00,248249,248339,248095,248294,242
2026-04-24 15:10:00,248294,248528,248252,248276,224
2026-04-24 15:15:00,248277,248357,248025,248140,187
2026-04-24 15:20:00,248140,248155,247704,247950,497
2026-04-24 15:25:00,247886,248000,247806,247934,164
2026-04-24 15:30:00,247934,248200,247861,248143,331
2026-04-24 15:35:00,248125,248176,247940,248176,179
2026-04-24 15:40:00,248144,248200,248061,248139,182
2026-04-24 15:45:00,248139,248293,248138,248200,185
2026-04-24 15:50:00,248200,248500,248200,248500,207
2026-04-24 15:55:00,248457,248750,248441,248685,511
2026-04-24 16:00:00,248685,248700,248250,248300,270
2026-04-24 16:05:00,248300,248500,248276,248434,145
2026-04-24 16:10:00,248434,248869,248379,248735,510
2026-04-24 16:15:00,248746,248890,248560,248886,337
2026-04-24 16:20:00,248850,248949,248555,248697,366
2026-04-24 16:25:00,248697,248762,248529,248637,279
2026-04-24 16:30:00,248680,249877,248601,249731,1756
2026-04-24 16:35:00,249630,251081,249561,250574,3537
2026-04-24 16:40:00,250573,251421,250551,250931,1811
2026-04-24 16:45:00,250931,251592,250736,250941,2042
2026-04-24 16:50:00,250964,251860,250646,251739,2212
2026-04-24 16:55:00,251767,252500,251366,252300,2498
2026-04-24 17:00:00,252284,252600,251901,252019,1945
2026-04-24 17:05:00,252056,252137,251596,251864,1258
2026-04-24 17:10:00,251800,252160,251556,251659,798
2026-04-24 17:15:00,251665,251677,250861,251315,1603
2026-04-24 17:20:00,251315,251986,251315,251887,857
2026-04-24 17:25:00,251887,252230,251791,252000,809
2026-04-24 17:30:00,252000,252339,251900,252182,936
2026-04-24 17:35:00,252196,252270,251869,252117,718
2026-04-24 17:40:00,252126,252463,251974,252450,936
2026-04-24 17:45:00,252449,252888,252250,252633,1744
2026-04-24 17:50:00,252709,252747,252199,252660,910
2026-04-24 17:55:00,252584,252698,252022,252180,960
2026-04-24 18:00:00,252165,252224,251511,251563,1405
2026-04-24 18:05:00,251501,251667,251202,251501,928
2026-04-24 18:10:00,251554,251666,250807,250826,962
2026-04-24 18:15:00,250885,251360,250601,250722,1071
2026-04-24 18:20:00,250716,251078,250255,250420,1514
2026-04-24 18:25:00,250422,251370,250422,250972,1265
2026-04-24 18:30:00,250972,251045,250139,250499,1915
2026-04-24 18:35:00,250500,251190,250363,251038,1334
2026-04-24 18:40:00,251025,251682,251015,251293,1648
2026-04-24 18:45:00,251293,251415,250900,251238,691
2026-04-24 18:50:00,251223,251572,250880,250990,1238
2026-04-24 18:55:00,250944,250999,250628,250914,673
2026-04-24 19:00:00,250914,251105,250402,250714,915
2026-04-24 19:05:00,250714,251323,250600,251302,904
2026-04-24 19:10:00,251323,251590,251108,251400,1816
2026-04-24 19:15:00,251426,252000,251168,251946,2145
2026-04-24 19:20:00,251942,252000,251512,251553,1029
2026-04-24 19:25:00,251553,251953,251452,251826,748
2026-04-24 19:30:00,251888,252298,251601,252252,1248
2026-04-24 19:35:00,252188,252744,252154,252550,1489
2026-04-24 19:40:00,252544,253350,252447,252600,2158
2026-04-24 19:45:00,252600,252980,252504,252773,859
2026-04-24 19:50:00,252773,252943,252255,252600,1708
2026-04-24 19:55:00,252626,252700,251870,252210,1363
2026-04-24 20:00:00,252167,252626,251800,252380,1437
2026-04-24 20:05:00,252380,252600,252175,252400,509
2026-04-24 20:10:00,252477,252640,252369,252500,361
2026-04-24 20:15:00,252500,252539,252247,252303,399
2026-04-24 20:20:00,252368,252368,251791,251800,955
2026-04-24 20:25:00,251800,252091,251634,251882,1038
2026-04-24 20:30:00,251882,252172,251625,251625,762
2026-04-24 20:35:00,251625,251800,251211,251500,1023
2026-04-24 20:40:00,251500,251762,251156,251261,594
2026-04-24 20:45:00,251296,251383,250652,251287,1574
2026-04-24 20:50:00,251180,251587,251056,251081,945
2026-04-24 20:55:00,251081,251341,250902,251035,849
2026-04-24 21:00:00,251035,251650,250600,250686,2149
2026-04-24 21:05:00,250686,251162,250612,251053,1080
2026-04-24 21:10:00,251053,252121,250959,251970,1305
2026-04-24 21:15:00,252002,252850,251962,252530,2527
2026-04-24 21:20:00,252496,253126,252450,252730,1986
2026-04-24 21:25:00,252829,252850,252185,252397,1053
2026-04-24 21:30:00,252397,252645,252200,252209,790
2026-04-24 21:35:00,252269,252428,251683,252083,1252
2026-04-24 21:40:00,252055,252500,251965,252198,451
2026-04-24 21:45:00,252198,252439,252064,252151,415
2026-04-24 21:50:00,252205,252420,252200,252404,217
2026-04-24 21:55:00,252404,252768,252371,252515,609
2026-04-24 22:00:00,252515,252878,252500,252768,576
2026-04-24 22:05:00,252768,252850,252526,252545,571
2026-04-24 22:10:00,252578,252763,252202,252299,535
2026-04-24 22:15:00,252299,252550,252299,252302,222
2026-04-24 22:20:00,252310,252445,252250,252445,196
2026-04-24 22:25:00,252445,252750,252372,252601,339
2026-04-24 22:30:00,252671,253025,252620,252830,883
2026-04-24 22:35:00,252830,252875,252585,252802,425
2026-04-24 22:40:00,252802,253416,252705,253276,1380
2026-04-24 22:45:00,253299,253300,252821,252880,877
2026-04-24 22:50:00,252880,252925,252402,252925,871
2026-04-24 22:55:00,252925,253178,252800,252821,454
2026-04-24 23:00:00,252877,253000,252730,252891,442
2026-04-24 23:05:00,252891,253189,252874,253050,650
2026-04-24 23:10:00,253000,253175,253000,253100,357
2026-04-24 23:15:00,253100,253100,253000,253085,657
2026-04-24 23:20:00,253086,253099,252904,253072,957
2026-04-24 23:25:00,252973,253150,252958,253050,1170
2026-04-27 09:00:00,251297,253990,251297,253114,2060
2026-04-27 09:05:00,253174,253799,253116,253799,1217
2026-04-27 09:10:00,253800,254108,253669,253978,1342
2026-04-27 09:15:00,253978,254110,253525,253808,989
2026-04-27 09:20:00,253893,253929,253503,253550,563
2026-04-27 09:25:00,253504,253649,253376,253376,476
2026-04-27 09:30:00,253450,253847,253375,253825,390
2026-04-27 09:35:00,253824,253900,253677,253776,255
2026-04-27 09:40:00,253776,253900,253700,253750,251
2026-04-27 09:45:00,253750,253798,253500,253602,316
2026-04-27 09:50:00,253555,253749,253506,253659,177
2026-04-27 09:55:00,253659,253899,253659,253899,262
2026-04-27 10:00:00,253899,253960,253759,253864,318
2026-04-27 10:05:00,253864,253984,253700,253970,214
2026-04-27 10:10:00,253970,254000,253801,253813,230
2026-04-27 10:15:00,253814,253887,253588,253618,270
2026-04-27 10:20:00,253618,253741,253425,253528,281
2026-04-27 10:25:00,253528,253718,253494,253700,170
2026-04-27 10:30:00,253700,253740,253325,253325,353
2026-04-27 10:35:00,253359,253370,253080,253080,416
2026-04-27 10:40:00,253100,253224,252875,253213,625
2026-04-27 10:45:00,253213,253213,252800,252876,427
2026-04-27 10:50:00,252875,253068,252856,253043,206
2026-04-27 10:55:00,253043,253051,252819,252936,272
2026-04-27 11:00:00,253000,253000,252170,252171,1137
2026-04-27 11:05:00,252231,252238,251889,251960,1035
2026-04-27 11:10:00,251971,252035,251686,251966,665
2026-04-27 11:15:00,251966,252399,251901,252109,628
2026-04-27 11:20:00,252109,252109,251725,251992,456
2026-04-27 11:25:00,251992,252200,251837,251861,346
2026-04-27 11:30:00,251932,252200,251856,252089,356
2026-04-27 11:35:00,252089,252395,251863,252352,309
2026-04-27 11:40:00,252347,252700,252327,252699,410
2026-04-27 11:45:00,252699,252699,252383,252383,240
2026-04-27 11:50:00,252383,252766,252200,252723,301
2026-04-27 11:55:00,252723,252800,252328,252450,233
2026-04-27 12:00:00,252450,252450,252001,252217,277
2026-04-27 12:05:00,252215,252490,252192,252342,135
2026-04-27 12:10:00,252342,252357,252157,252320,74
2026-04-27 12:15:00,252299,252740,252275,252722,192
2026-04-27 12:20:00,252723,252800,252450,252500,265
2026-04-27 12:25:00,252500,252600,252320,252403,151
2026-04-27 12:30:00,252403,252556,252184,252510,208
2026-04-27 12:35:00,252518,252721,252350,252517,187
2026-04-27 12:40:00,252517,252702,252434,252702,162
2026-04-27 12:45:00,252702,252729,252264,252441,299
2026-04-27 12:50:00,252441,252600,252364,252570,87
2026-04-27 12:55:00,252539,252600,252300,252406,91
2026-04-27 13:00:00,252406,252465,252305,252345,108
2026-04-27 13:05:00,252345,252396,252200,252390,193
2026-04-27 13:10:00,252413,252500,252250,252257,165
2026-04-27 13:15:00,252257,252474,252257,252301,86
2026-04-27 13:20:00,252301,252337,252110,252179,198
2026-04-27 13:25:00,252170,252275,252113,252141,107
2026-04-27 13:30:00,252141,252246,251950,252008,553
2026-04-27 13:35:00,252034,252070,251640,251640,707
2026-04-27 13:40:00,251640,251957,251560,251774,437
2026-04-27 13:45:00,251774,252120,251713,251783,267
2026-04-27 13:50:00,251783,251979,251688,251796,223
2026-04-27 13:55:00,251796,251899,251683,251715,258
2026-04-27 14:00:00,251715,251837,251550,251837,357
2026-04-27 14:05:00,251760,251836,251633,251661,141
2026-04-27 14:10:00,251691,251780,251500,251776,590
2026-04-27 14:15:00,251776,252047,251776,251990,348
2026-04-27 14:20:00,251990,252000,251850,251851,125
2026-04-27 14:25:00,251851,252035,251800,251847,247
2026-04-27 14:30:00,251900,251999,251601,251724,461
2026-04-27 14:35:00,251724,251850,251600,251600,286
2026-04-27 14:40:00,251596,251704,251501,251614,350
2026-04-27 14:45:00,251614,251798,251440,251796,375
2026-04-27 14:50:00,251796,251977,251700,251871,188
2026-04-27 14:55:00,251871,251969,251749,251803,113
2026-04-27 15:00:00,251803,251999,251550,251853,239
2026-04-27 15:05:00,251853,251853,251600,251828,251
2026-04-27 15:10:00,251828,251949,251817,251883,170
2026-04-27 15:15:00,251884,251935,251722,251848,172
2026-04-27 15:20:00,251848,252148,251795,251941,455
2026-04-27 15:25:00,251941,252004,251786,251941,274
2026-04-27 15:30:00,251941,252026,251821,252014,149
2026-04-27 15:35:00,252014,252175,251900,252018,434
2026-04-27 15:40:00,251975,252055,251900,251901,170
2026-04-27 15:45:00,251900,251978,251850,251978,90
2026-04-27 15:50:00,251978,252348,251978,252169,369
2026-04-27 15:55:00,252169,252350,252093,252347,184
2026-04-27 16:00:00,252347,252695,252290,252577,704
2026-04-27 16:05:00,252553,252750,252523,252650,440
2026-04-27 16:10:00,252650,252650,252550,252589,188
2026-04-27 16:15:00,252589,252945,252589,252850,678
2026-04-27 16:20:00,252800,252850,252650,252788,342
2026-04-27 16:25:00,252788,252838,252700,252737,166
2026-04-27 16:30:00,252726,252778,252509,252510,337
2026-04-27 16:35:00,252510,252570,252314,252400,286
2026-04-27 16:40:00,252443,252450,252306,252360,201
2026-04-27 16:45:00,252360,252571,252060,252454,464
2026-04-27 16:50:00,252454,252547,252131,252400,200
2026-04-27 16:55:00,252384,252649,252383,252634,228
2026-04-27 17:00:00,252603,252900,252602,252603,408
2026-04-27 17:05:00,252603,252671,252090,252201,385
2026-04-27 17:10:00,252201,252285,251900,252098,541
2026-04-27 17:15:00,252127,252313,252115,252228,208
2026-04-27 17:20:00,252228,252310,252192,252230,135
2026-04-27 17:25:00,252230,252263,252050,252217,173
2026-04-27 17:30:00,252217,252368,252011,252300,240
2026-04-27 17:35:00,252300,252300,252050,252211,118
2026-04-27 17:40:00,252211,252578,252211,252500,234
2026-04-27 17:45:00,252544,252635,252401,252586,235
2026-04-27 17:50:00,252586,252586,252400,252456,145
2026-04-27 17:55:00,252456,252456,252013,252175,314
2026-04-27 18:00:00,252175,252175,251800,251814,578
2026-04-27 18:05:00,251814,251899,251585,251621,587
2026-04-27 18:10:00,251619,251713,250900,250945,2383
2026-04-27 18:15:00,250986,251551,250818,251500,1110
2026-04-27 18:20:00,251477,251789,251477,251710,536
2026-04-27 18:25:00,251710,251750,251090,251240,530
2026-04-27 18:30:00,251260,251477,250802,250861,1010
2026-04-27 18:35:00,250863,251137,250379,250976,1353
2026-04-27 18:40:00,250976,251299,250400,250748,866
2026-04-27 18:45:00,250746,251199,250674,251120,392
2026-04-27 18:50:00,251120,251399,251120,251365,313
2026-04-27 18:55:00,251326,251350,251100,251251,241
2026-04-27 19:00:00,251206,251400,250812,250874,531
2026-04-27 19:05:00,250833,250932,250550,250729,777
2026-04-27 19:10:00,250729,250922,250625,250809,337
2026-04-27 19:15:00,250772,250880,250250,250342,840
2026-04-27 19:20:00,250336,250901,250050,250888,1123
2026-04-27 19:25:00,250888,251536,250706,251480,919
2026-04-27 19:30:00,251384,251485,251090,251330,491
2026-04-27 19:35:00,251330,251449,250824,250916,401
2026-04-27 19:40:00,250916,251171,250700,250923,399
2026-04-27 19:45:00,250923,251089,250716,251016,273
2026-04-27 19:50:00,251016,251118,250850,250945,196
2026-04-27 19:55:00,250945,251100,250520,250603,576
2026-04-27 20:00:00,250603,250620,250231,250620,755
2026-04-27 20:05:00,250545,251440,250489,250932,943
2026-04-27 20:10:00,250958,251002,250600,250833,232
2026-04-27 20:15:00,250848,250899,250581,250727,217
2026-04-27 20:20:00,250727,250800,250050,250352,840
2026-04-27 20:25:00,250350,250400,250208,250342,410
2026-04-27 20:30:00,250342,250477,249500,249572,2126
2026-04-27 20:35:00,249572,250072,249500,250059,798
2026-04-27 20:40:00,250000,250373,250000,250158,522
2026-04-27 20:45:00,250158,250686,250088,250500,616
2026-04-27 20:50:00,250500,250599,250085,250280,528
2026-04-27 20:55:00,250221,250732,250150,250732,422
2026-04-27 21:00:00,250732,250997,250576,250693,743
2026-04-27 21:05:00,250693,250826,250550,250795,235
2026-04-27 21:10:00,250795,250899,250665,250723,286
2026-04-27 21:15:00,250723,250731,250451,250474,239
2026-04-27 21:20:00,250474,250500,250220,250379,293
2026-04-27 21:25:00,250379,250435,250111,250243,197
2026-04-27 21:30:00,250276,250276,249917,250187,568
2026-04-27 21:35:00,250128,250387,250128,250292,274
2026-04-27 21:40:00,250292,250500,250220,250300,246
2026-04-27 21:45:00,250300,250900,250283,250700,582
2026-04-27 21:50:00,250794,250850,250500,250612,304
2026-04-27 21:55:00,250612,250650,250500,250562,131
2026-04-27 22:00:00,250562,250890,250562,250840,278
2026-04-27 22:05:00,250838,250894,250750,250752,215
2026-04-27 22:10:00,250752,250752,250606,250606,139
2026-04-27 22:15:00,250606,250801,250606,250791,153
2026-04-27 22:20:00,250794,250900,250730,250777,174
2026-04-27 22:25:00,250777,250799,250700,250727,178
2026-04-27 22:30:00,250727,250899,250727,250820,215
2026-04-27 22:35:00,250820,250886,250548,250548,299
2026-04-27 22:40:00,250531,250667,250400,250601,189
2026-04-27 22:45:00,250659,250659,250305,250500,332
2026-04-27 22:50:00,250500,250768,250361,250498,276
2026-04-27 22:55:00,250483,250750,250440,250658,177
2026-04-27 23:00:00,250650,250997,250578,250969,471
2026-04-27 23:05:00,250969,251185,250969,251023,718
2026-04-27 23:10:00,251023,251151,251023,251149,275
2026-04-27 23:15:00,251100,251336,251080,251150,640
2026-04-27 23:20:00,251150,251220,251000,251100,448
2026-04-27 23:25:00,251100,251200,251050,251050,880
2026-04-28 09:00:00,250311,250635,249653,250131,1151
2026-04-28 09:05:00,250149,250188,249841,250064,801
2026-04-28 09:10:00,250064,250179,249900,249960,508
2026-04-28 09:15:00,249954,250088,249880,250000,388
2026-04-28 09:20:00,250000,250034,249711,249745,447
2026-04-28 09:25:00,249745,249990,249700,249840,283
2026-04-28 09:30:00,249840,249902,249500,249500,617
2026-04-28 09:35:00,249500,249698,249350,249641,584
2026-04-28 09:40:00,249681,249832,249628,249811,348
2026-04-28 09:45:00,249811,249811,249655,249781,266
2026-04-28 09:50:00,249746,249769,249650,249658,230
2026-04-28 09:55:00,249658,249781,249655,249746,100
2026-04-28 10:00:00,249746,249912,249739,249811,303
2026-04-28 10:05:00,249811,249912,249771,249838,175
2026-04-28 10:10:00,249838,249899,249729,249826,184
2026-04-28 10:15:00,249826,249889,249597,249670,240
2026-04-28 10:20:00,249670,249798,249531,249552,184
2026-04-28 10:25:00,249552,249641,249525,249550,129
2026-04-28 10:30:00,249550,249593,249105,249120,795
2026-04-28 10:35:00,249102,249200,248386,248580,2044
2026-04-28 10:40:00,248588,248742,248346,248519,909
2026-04-28 10:45:00,248514,248598,248362,248593,538
2026-04-28 10:50:00,248593,248886,248584,248800,509
2026-04-28 10:55:00,248800,248900,248701,248792,260
2026-04-28 11:00:00,248722,248722,246840,246987,4377
2026-04-28 11:05:00,246995,247035,246300,246856,2204
2026-04-28 11:10:00,246856,246856,245680,246200,2943
2026-04-28 11:15:00,246200,246648,246013,246580,1259
2026-04-28 11:20:00,246588,246766,246000,246602,1017
2026-04-28 11:25:00,246636,247083,246600,246739,797
2026-04-28 11:30:00,246700,246860,246250,246860,609
2026-04-28 11:35:00,246805,247582,246805,247405,952
2026-04-28 11:40:00,247405,247500,246800,247250,653
2026-04-28 11:45:00,247250,247300,246564,246564,554
2026-04-28 11:50:00,246564,246694,245602,245983,2045
2026-04-28 11:55:00,246000,246445,245500,246251,1156
2026-04-28 12:00:00,246251,246394,245963,246123,735
2026-04-28 12:05:00,246004,246600,245808,246599,590
2026-04-28 12:10:00,246600,246780,246007,246123,598
2026-04-28 12:15:00,246123,246279,245555,245989,932
2026-04-28 12:20:00,245989,246440,245717,246062,524
2026-04-28 12:25:00,246062,246458,245886,246356,362
2026-04-28 12:30:00,246361,246855,246200,246855,739
2026-04-28 12:35:00,246855,247099,246692,246822,463
2026-04-28 12:40:00,246822,246987,246701,246887,306
2026-04-28 12:45:00,246940,246996,246689,246860,333
2026-04-28 12:50:00,246860,246949,246583,246737,249
2026-04-28 12:55:00,246772,246899,246645,246719,163
2026-04-28 13:00:00,246719,246900,246256,246330,363
2026-04-28 13:05:00,246329,246561,246275,246465,232
2026-04-28 13:10:00,246461,246626,246333,246477,198
2026-04-28 13:15:00,246477,246559,246202,246399,279
2026-04-28 13:20:00,246399,246399,246113,246289,254
2026-04-28 13:25:00,246289,246650,245870,246500,690
2026-04-28 13:30:00,246516,246590,245800,245927,576
2026-04-28 13:35:00,245927,246189,245600,246130,702
2026-04-28 13:40:00,246130,246130,245230,245809,1179
2026-04-28 13:45:00,245793,246152,245719,245896,492
2026-04-28 13:50:00,245896,246250,245814,246103,274
2026-04-28 13:55:00,246163,246570,246051,246570,456
2026-04-28 14:00:00,246580,247250,246515,247100,1384
2026-04-28 14:05:00,247100,247166,246850,246850,513
2026-04-28 14:10:00,246850,246950,246771,246874,283
2026-04-28 14:15:00,246874,246908,246500,246591,227
2026-04-28 14:20:00,246591,246940,246569,246795,171
2026-04-28 14:25:00,246803,247099,246736,247074,310
2026-04-28 14:30:00,247077,247077,246423,246445,360
2026-04-28 14:35:00,246521,246900,246412,246885,262
2026-04-28 14:40:00,246885,246939,246688,246732,110
2026-04-28 14:45:00,246732,246849,246530,246530,201
2026-04-28 14:50:00,246530,246590,246162,246339,520
2026-04-28 14:55:00,246251,246423,246200,246369,229
2026-04-28 15:00:00,246369,246398,245930,246000,485
2026-04-28 15:05:00,246000,246124,245706,245828,570
2026-04-28 15:10:00,245828,246110,245820,246036,344
2026-04-28 15:15:00,246102,246110,245567,245700,560
2026-04-28 15:20:00,245831,245982,245690,245900,338
2026-04-28 15:25:00,245921,245921,245724,245798,571
2026-04-28 15:30:00,245810,246316,245810,246200,585
2026-04-28 15:35:00,246200,246214,245907,246070,290
2026-04-28 15:40:00,246070,246495,246000,246402,344
2026-04-28 15:45:00,246421,246600,246301,246600,261
2026-04-28 15:50:00,246600,246850,246520,246585,521
2026-04-28 15:55:00,246585,246693,246452,246540,250
2026-04-28 16:00:00,246540,246700,246450,246615,170
2026-04-28 16:05:00,246628,246853,246600,246652,291
2026-04-28 16:10:00,246652,246850,246600,246600,167
2026-04-28 16:15:00,246600,246850,246600,246713,156
2026-04-28 16:20:00,246713,246800,246460,246601,321
2026-04-28 16:25:00,246601,246705,246260,246260,279
2026-04-28 16:30:00,246319,246427,245950,246000,764
2026-04-28 16:35:00,246000,246223,245800,245846,460
2026-04-28 16:40:00,245846,245905,245594,245699,686
2026-04-28 16:45:00,245599,245726,245450,245491,1067
2026-04-28 16:50:00,245462,245606,245200,245478,1247
2026-04-28 16:55:00,245534,245594,244862,245042,1428
2026-04-28 17:00:00,245088,245099,244500,244625,1500
2026-04-28 17:05:00,244678,244850,243575,243652,2515
2026-04-28 17:10:00,243680,244497,243558,244445,1606
2026-04-28 17:15:00,244445,244567,243651,243750,1153
2026-04-28 17:20:00,243850,244272,243601,243928,1005
2026-04-28 17:25:00,243933,244275,243835,244000,959
2026-04-28 17:30:00,244100,244517,243701,244444,1307
2026-04-28 17:35:00,244477,244887,244441,244600,864
2026-04-28 17:40:00,244600,245487,244600,245487,1113
2026-04-28 17:45:00,245477,245891,245355,245551,1560
2026-04-28 17:50:00,245550,246933,245550,246079,3040
2026-04-28 17:55:00,246079,246364,245754,246096,752
2026-04-28 18:00:00,246096,246410,245502,246285,1040
2026-04-28 18:05:00,246323,246800,246255,246713,1283
2026-04-28 18:10:00,246820,247196,246512,247110,1609
2026-04-28 18:15:00,247148,247580,247059,247466,1749
2026-04-28 18:20:00,247466,247700,247122,247122,1089
2026-04-28 18:25:00,247112,247453,246832,246872,918
2026-04-28 18:30:00,246824,246824,246010,246048,1743
2026-04-28 18:35:00,246073,246073,245045,245087,1829
2026-04-28 18:40:00,245069,245750,245023,245226,1477
2026-04-28 18:45:00,245224,245700,245096,245352,817
2026-04-28 18:50:00,245298,245663,245178,245212,525
2026-04-28 18:55:00,245206,245861,244835,245637,1523
2026-04-28 19:00:00,245605,245777,245112,245455,1075
2026-04-28 19:05:00,245455,246044,245391,245850,1045
2026-04-28 19:10:00,245813,246474,245310,246017,991
2026-04-28 19:15:00,245969,246365,245662,245743,1173
2026-04-28 19:20:00,245743,246232,245700,245882,589
2026-04-28 19:25:00,245914,245978,245500,245596,457
2026-04-28 19:30:00,245549,245658,244868,244967,1199
2026-04-28 19:35:00,244800,245207,244667,244931,796
2026-04-28 19:40:00,244931,245110,244805,244883,443
2026-04-28 19:45:00,244883,244986,244296,244867,934
2026-04-28 19:50:00,244807,245000,244690,244948,338
2026-04-28 19:55:00,244948,245295,244948,245184,431
2026-04-28 20:00:00,245184,245488,245020,245150,478
2026-04-28 20:05:00,245200,245200,244470,244608,669
2026-04-28 20:10:00,244608,244960,244350,244901,505
2026-04-28 20:15:00,244901,245445,244767,245154,545
2026-04-28 20:20:00,245154,245372,244800,245189,460
2026-04-28 20:25:00,245189,245851,244951,245824,797
2026-04-28 20:30:00,245933,246071,245424,245767,1120
2026-04-28 20:35:00,245728,246000,245300,245409,504
2026-04-28 20:40:00,245325,245650,245204,245553,294
2026-04-28 20:45:00,245553,245643,245201,245512,349
2026-04-28 20:50:00,245512,245598,245341,245598,112
2026-04-28 20:55:00,245595,245650,245259,245650,238
2026-04-28 21:00:00,245600,245648,245250,245369,191
2026-04-28 21:05:00,245369,245990,245296,245861,355
2026-04-28 21:10:00,245861,245988,245787,245802,339
2026-04-28 21:15:00,245802,246177,245681,246068,521
2026-04-28 21:20:00,246068,246341,245985,246265,587
2026-04-28 21:25:00,246265,246350,245990,246300,567
2026-04-28 21:30:00,246318,246339,245950,246045,346
2026-04-28 21:35:00,245983,246244,245900,246114,280
2026-04-28 21:40:00,246114,246158,245900,245999,210
2026-04-28 21:45:00,245999,246099,245612,245850,335
2026-04-28 21:50:00,245850,246000,245771,245829,148
2026-04-28 21:55:00,245829,245949,245750,245816,305
2026-04-28 22:00:00,245801,246059,245771,245820,197
2026-04-28 22:05:00,245820,246100,245820,246085,238
2026-04-28 22:10:00,246085,246100,246000,246060,199
2026-04-28 22:15:00,246060,246490,246020,246334,657
2026-04-28 22:20:00,246385,246800,246340,246722,960
2026-04-28 22:25:00,246722,246722,246418,246553,377
2026-04-28 22:30:00,246553,246742,246408,246462,941
2026-04-28 22:35:00,246462,246488,246151,246343,536
2026-04-28 22:40:00,246343,246397,246032,246128,506
2026-04-28 22:45:00,246128,246200,245820,245929,525
2026-04-28 22:50:00,245976,246700,245820,246675,651
2026-04-28 22:55:00,246675,246877,246354,246782,874
2026-04-28 23:00:00,246835,246900,246731,246826,577
2026-04-28 23:05:00,246826,246900,246700,246800,508
2026-04-28 23:10:00,246801,246982,246781,246860,440
2026-04-28 23:15:00,246860,246975,246826,246900,433
2026-04-28 23:20:00,246930,246938,246758,246787,486
2026-04-28 23:25:00,246760,246850,246700,246809,734
2026-04-29 09:00:00,247744,248558,247300,247428,1954
2026-04-29 09:05:00,247459,247562,247160,247160,717
2026-04-29 09:10:00,247221,247221,246781,246959,781
2026-04-29 09:15:00,246950,247200,246911,247023,520
2026-04-29 09:20:00,247023,247232,247011,247139,212
2026-04-29 09:25:00,247139,247151,246810,247000,398
2026-04-29 09:30:00,247000,247370,246982,247350,448
2026-04-29 09:35:00,247350,247500,247221,247493,332
2026-04-29 09:40:00,247493,247776,247415,247600,411
2026-04-29 09:45:00,247626,247691,247337,247560,302
2026-04-29 09:50:00,247560,247597,247383,247565,202
2026-04-29 09:55:00,247565,247598,247371,247596,209
2026-04-29 10:00:00,247596,247950,247523,247787,506
2026-04-29 10:05:00,247797,247940,247674,247813,345
2026-04-29 10:10:00,247813,247950,247750,247750,226
2026-04-29 10:15:00,247750,247862,247700,247810,234
2026-04-29 10:20:00,247810,247890,247751,247800,192
2026-04-29 10:25:00,247800,247800,247627,247693,149
2026-04-29 10:30:00,247693,247750,247601,247695,183
2026-04-29 10:35:00,247695,247750,247480,247551,308
2026-04-29 10:40:00,247550,247707,247370,247370,243
2026-04-29 10:45:00,247370,247547,247302,247369,195
2026-04-29 10:50:00,247369,247479,247200,247346,218
2026-04-29 10:55:00,247350,247500,247278,247390,256
2026-04-29 11:00:00,247455,247455,247100,247200,341
2026-04-29 11:05:00,247168,247274,247150,247160,142
2026-04-29 11:10:00,247160,247500,247153,247500,243
2026-04-29 11:15:00,247540,247944,247534,247800,595
2026-04-29 11:20:00,247800,247870,247620,247663,152
2026-04-29 11:25:00,247663,247687,247455,247515,171
2026-04-29 11:30:00,247515,247890,247490,247824,275
2026-04-29 11:35:00,247824,247830,247498,247501,210
2026-04-29 11:40:00,247501,247602,247289,247320,248
2026-04-29 11:45:00,247320,247400,247210,247224,240
2026-04-29 11:50:00,247224,247333,247200,247200,192
2026-04-29 11:55:00,247200,247350,247200,247220,154
2026-04-29 12:00:00,247220,247290,246675,246754,654
2026-04-29 12:05:00,246767,246902,246500,246900,678
2026-04-29 12:10:00,246906,247072,246820,246820,292
2026-04-29 12:15:00,246820,246900,246640,246738,341
2026-04-29 12:20:00,246738,246738,246400,246526,461
2026-04-29 12:25:00,246587,246729,246525,246622,314
2026-04-29 12:30:00,246622,246800,246560,246685,293
2026-04-29 12:35:00,246685,246873,246370,246370,346
2026-04-29 12:40:00,246392,246401,246029,246174,779
2026-04-29 12:45:00,246174,246232,245900,245930,642
2026-04-29 12:50:00,245906,246096,245900,245999,430
2026-04-29 12:55:00,245999,245999,245646,245835,535
2026-04-29 13:00:00,245835,246000,245752,245982,455
2026-04-29 13:05:00,245982,245982,245500,245500,520
2026-04-29 13:10:00,245538,245743,245500,245600,403
2026-04-29 13:15:00,245607,245676,245333,245560,718
2026-04-29 13:20:00,245560,245799,245500,245567,318
2026-04-29 13:25:00,245571,245650,245405,245445,302
2026-04-29 13:30:00,245450,245800,245450,245657,333
2026-04-29 13:35:00,245657,245691,244894,245031,1187
2026-04-29 13:40:00,245031,245289,244800,244969,783
2026-04-29 13:45:00,244923,245201,244907,245089,464
2026-04-29 13:50:00,245111,245140,244759,244918,391
2026-04-29 13:55:00,244918,245149,244814,244814,392
2026-04-29 14:00:00,244814,244814,244400,244494,917
2026-04-29 14:05:00,244467,244748,244314,244748,982
2026-04-29 14:10:00,244719,245187,244559,245074,897
2026-04-29 14:15:00,245074,245190,245008,245161,540
2026-04-29 14:20:00,245161,245520,245050,245520,426
2026-04-29 14:25:00,245427,245515,245296,245300,292
2026-04-29 14:30:00,245300,245455,245125,245390,269
2026-04-29 14:35:00,245390,245518,245149,245279,204
2026-04-29 14:40:00,245232,245436,245232,245378,151
2026-04-29 14:45:00,245378,245550,245247,245550,180
2026-04-29 14:50:00,245549,245577,245022,245022,321
2026-04-29 14:55:00,245022,245092,244816,244900,293
2026-04-29 15:00:00,244900,244949,244735,244915,234
2026-04-29 15:05:00,244915,245199,244877,244939,214
2026-04-29 15:10:00,244939,244984,244514,244522,484
2026-04-29 15:15:00,244522,244825,244512,244791,249
2026-04-29 15:20:00,244791,244795,244533,244565,387
2026-04-29 15:25:00,244565,244674,244392,244642,676
2026-04-29 15:30:00,244667,244986,244607,244955,542
2026-04-29 15:35:00,244932,245200,244932,245090,417
2026-04-29 15:40:00,245090,245240,245000,245240,183
2026-04-29 15:45:00,245240,245543,245240,245495,440
2026-04-29 15:50:00,245494,245494,245275,245314,254
2026-04-29 15:55:00,245350,245450,245275,245314,196
2026-04-29 16:00:00,245314,245850,245314,245685,725
2026-04-29 16:05:00,245700,245890,245650,245675,368
2026-04-29 16:10:00,245675,245728,245350,245350,472
2026-04-29 16:15:00,245350,245443,245275,245400,249
2026-04-29 16:20:00,245445,245606,245360,245519,222
2026-04-29 16:25:00,245519,245577,245351,245476,121
2026-04-29 16:30:00,245476,245746,245166,245262,569
2026-04-29 16:35:00,245262,245262,244800,244964,769
2026-04-29 16:40:00,244964,245172,244928,244998,196
2026-04-29 16:45:00,244998,245199,244961,245199,107
2026-04-29 16:50:00,245199,245199,244966,244983,110
2026-04-29 16:55:00,244983,245068,244730,244765,370
2026-04-29 17:00:00,244700,244997,244700,244973,237
2026-04-29 17:05:00,244973,245279,244930,245063,337
2026-04-29 17:10:00,245063,245210,244810,245210,192
2026-04-29 17:15:00,245210,245210,244757,244905,266
2026-04-29 17:20:00,244905,245000,244751,244751,233
2026-04-29 17:25:00,244750,244842,244604,244770,414
2026-04-29 17:30:00,244770,244900,244528,244878,461
2026-04-29 17:35:00,244878,245182,244878,244994,438
2026-04-29 17:40:00,245037,245165,244886,245003,199
2026-04-29 17:45:00,245003,245265,245003,245121,380
2026-04-29 17:50:00,245121,245121,244825,244853,307
2026-04-29 17:55:00,244900,245097,244702,244800,296
2026-04-29 18:00:00,244800,244800,244390,244499,980
2026-04-29 18:05:00,244492,244680,244464,244644,399
2026-04-29 18:10:00,244644,244692,244510,244582,296
2026-04-29 18:15:00,244564,244689,244146,244205,961
2026-04-29 18:20:00,244200,244247,243214,243434,2277
2026-04-29 18:25:00,243411,243798,243224,243499,1925
2026-04-29 18:30:00,243500,244200,243493,243875,1345
2026-04-29 18:35:00,243875,244000,243600,243711,537
2026-04-29 18:40:00,243711,243897,243600,243820,410
2026-04-29 18:45:00,243820,244032,243182,243217,922
2026-04-29 18:50:00,243188,243188,242500,242791,2469
2026-04-29 18:55:00,242791,242999,242364,242716,1144
2026-04-29 19:00:00,242671,242833,241856,242292,2166
2026-04-29 19:05:00,242252,242528,242000,242036,881
2026-04-29 19:10:00,242038,242100,241625,241702,1355
2026-04-29 19:15:00,241702,242106,241425,241882,1362
2026-04-29 19:20:00,241927,242500,241900,242468,990
2026-04-29 19:25:00,242699,242990,242334,242446,1436
2026-04-29 19:30:00,242446,242582,242211,242510,522
2026-04-29 19:35:00,242510,242977,242398,242687,474
2026-04-29 19:40:00,242687,243250,242687,243096,784
2026-04-29 19:45:00,243129,243450,242968,243279,768
2026-04-29 19:50:00,243279,243653,243277,243549,1082
2026-04-29 19:55:00,243549,243550,243177,243177,408
2026-04-29 20:00:00,243157,243500,242687,243464,831
2026-04-29 20:05:00,243464,243810,243395,243693,815
2026-04-29 20:10:00,243653,243653,243285,243384,478
2026-04-29 20:15:00,243342,243384,242800,242896,524
2026-04-29 20:20:00,242888,243032,242680,243026,433
2026-04-29 20:25:00,243026,243274,242864,243215,226
2026-04-29 20:30:00,243210,243664,243210,243473,531
2026-04-29 20:35:00,243473,243474,242812,242828,300
2026-04-29 20:40:00,242828,242994,242439,242590,1136
2026-04-29 20:45:00,242580,242939,242428,242538,562
2026-04-29 20:50:00,242538,242792,242500,242749,441
2026-04-29 20:55:00,242749,242900,242515,242826,319
2026-04-29 21:00:00,242826,242840,242521,242680,247
2026-04-29 21:05:00,242680,243100,242582,243080,442
2026-04-29 21:10:00,243090,243347,242700,242771,444
2026-04-29 21:15:00,242771,243089,242771,242949,204
2026-04-29 21:20:00,242949,243221,242362,242514,669
2026-04-29 21:25:00,242514,242650,242310,242590,500
2026-04-29 21:30:00,242590,243040,242501,242969,276
2026-04-29 21:35:00,242979,243027,242754,242877,278
2026-04-29 21:40:00,242877,243089,242812,242816,267
2026-04-29 21:45:00,242816,242950,242710,242950,313
2026-04-29 21:50:00,242950,243200,242890,243149,278
2026-04-29 21:55:00,243094,243398,243094,243150,367
2026-04-29 22:00:00,243050,243176,242693,242816,534
2026-04-29 22:05:00,242802,242900,242620,242730,264
2026-04-29 22:10:00,242730,242898,242730,242786,163
2026-04-29 22:15:00,242780,242847,242601,242706,186
2026-04-29 22:20:00,242706,242732,242606,242662,110
2026-04-29 22:25:00,242662,242735,242552,242597,237
2026-04-29 22:30:00,242563,242697,242250,242398,638
2026-04-29 22:35:00,242398,242551,242301,242414,300
2026-04-29 22:40:00,242414,242548,242414,242473,321
2026-04-29 22:45:00,242473,242797,242350,242644,368
2026-04-29 22:50:00,242644,242972,242644,242862,426
2026-04-29 22:55:00,242845,242886,242654,242742,320
2026-04-29 23:00:00,242742,242972,242725,242866,315
2026-04-29 23:05:00,242866,242965,242827,242934,198
2026-04-29 23:10:00,242939,242939,242815,242843,316
2026-04-29 23:15:00,242843,242933,242654,242822,752
2026-04-29 23:20:00,242867,242867,242656,242795,749
2026-04-29 23:25:00,242743,242800,242600,242672,969
2026-04-30 09:00:00,243799,245147,243799,243951,2861
2026-04-30 09:05:00,243950,244111,243610,243694,839
2026-04-30 09:10:00,243711,243800,243500,243655,713
2026-04-30 09:15:00,243655,243741,243459,243599,583
2026-04-30 09:20:00,243599,243745,243454,243580,489
2026-04-30 09:25:00,243580,243647,243480,243642,241
2026-04-30 09:30:00,243642,243665,243355,243474,453
2026-04-30 09:35:00,243500,243858,243425,243660,495
2026-04-30 09:40:00,243660,243884,243606,243826,339
2026-04-30 09:45:00,243850,243930,243606,243628,361
2026-04-30 09:50:00,243623,243632,243355,243356,279
2026-04-30 09:55:00,243356,243596,243226,243425,586
2026-04-30 10:00:00,243425,243497,242689,242944,919
2026-04-30 10:05:00,242944,243175,242839,243089,450
2026-04-30 10:10:00,243089,243200,242900,243090,746
2026-04-30 10:15:00,243090,243500,243002,243162,478
2026-04-30 10:20:00,243162,243278,243028,243094,222
2026-04-30 10:25:00,243094,243200,242859,242866,417
2026-04-30 10:30:00,242866,243400,242866,243368,252
2026-04-30 10:35:00,243376,243827,243327,243809,425
2026-04-30 10:40:00,243809,243809,243556,243607,254
2026-04-30 10:45:00,243607,243668,243450,243528,116
2026-04-30 10:50:00,243500,243790,243379,243780,239
2026-04-30 10:55:00,243756,244100,243632,244054,580
2026-04-30 11:00:00,244090,244800,243950,244800,1332
2026-04-30 11:05:00,244800,244889,244500,244650,633
2026-04-30 11:10:00,244650,244900,244563,244756,487
2026-04-30 11:15:00,244756,245500,244756,245447,1364
2026-04-30 11:20:00,245445,245670,245201,245250,840
2026-04-30 11:25:00,245222,245429,244935,244935,559
2026-04-30 11:30:00,244935,245499,244900,245257,508
2026-04-30 11:35:00,245300,245400,245046,245046,255
2026-04-30 11:40:00,245046,245102,244900,245003,279
2026-04-30 11:45:00,245003,245342,245001,245265,254
2026-04-30 11:50:00,245283,245298,245000,245235,220
2026-04-30 11:55:00,245195,245400,245173,245301,284
2026-04-30 12:00:00,245388,246635,245388,246497,2206
2026-04-30 12:05:00,246465,246580,246100,246105,731
2026-04-30 12:10:00,246105,246244,245891,246220,523
2026-04-30 12:15:00,246230,246800,246230,246680,1054
2026-04-30 12:20:00,246680,247319,246668,247241,1358
2026-04-30 12:25:00,247169,247473,247001,247272,1336
2026-04-30 12:30:00,247268,247500,247024,247164,862
2026-04-30 12:35:00,247164,247491,246780,247420,958
2026-04-30 12:40:00,247427,247800,247416,247600,1398
2026-04-30 12:45:00,247600,247600,246911,246952,797
2026-04-30 12:50:00,246959,247086,246694,246981,763
2026-04-30 12:55:00,246901,247039,246695,246849,431
2026-04-30 13:00:00,246962,247110,246818,246978,461
2026-04-30 13:05:00,246978,247320,246896,247227,569
2026-04-30 13:10:00,247227,247500,247214,247360,447
2026-04-30 13:15:00,247395,247700,247334,247648,564
2026-04-30 13:20:00,247648,247648,247147,247315,392
2026-04-30 13:25:00,247315,247777,247103,247424,609
2026-04-30 13:30:00,247415,248400,247238,248284,1524
2026-04-30 13:35:00,248356,248800,248170,248370,2016
2026-04-30 13:40:00,248444,248500,248150,248387,556
2026-04-30 13:45:00,248387,248493,248022,248026,856
2026-04-30 13:50:00,248052,248191,247850,247946,799
2026-04-30 13:55:00,248094,248400,248019,248300,464
2026-04-30 14:00:00,248300,248574,248300,248426,569
2026-04-30 14:05:00,248427,248460,248134,248219,421
2026-04-30 14:10:00,248219,248300,248019,248103,278
2026-04-30 14:15:00,248103,248195,248013,248128,197
2026-04-30 14:20:00,248128,248179,247851,248049,357
2026-04-30 14:25:00,248023,248043,247831,247835,290
2026-04-30 14:30:00,247803,247907,247709,247803,299
2026-04-30 14:35:00,247803,247960,247500,247775,647
2026-04-30 14:40:00,247719,247732,247428,247567,490
2026-04-30 14:45:00,247567,247639,247255,247329,356
2026-04-30 14:50:00,247321,247395,246900,247356,890
2026-04-30 14:55:00,247330,248300,247251,248106,806
2026-04-30 15:00:00,248169,248557,248000,248188,980
2026-04-30 15:05:00,248188,248490,248068,248135,378
2026-04-30 15:10:00,248109,248182,247811,247891,410
2026-04-30 15:15:00,247891,247972,247810,247854,233
2026-04-30 15:20:00,247854,247956,247725,247900,238
2026-04-30 15:25:00,247900,248200,247851,248143,208
2026-04-30 15:30:00,248129,248380,248129,248133,399
2026-04-30 15:35:00,248133,248478,248099,248274,413
2026-04-30 15:40:00,248274,248354,248200,248297,234
2026-04-30 15:45:00,248297,248500,248200,248350,280
2026-04-30 15:50:00,248350,248449,248284,248444,286
2026-04-30 15:55:00,248444,248600,248326,248484,517
2026-04-30 16:00:00,248482,248550,248104,248104,429
2026-04-30 16:05:00,248108,248270,247933,248175,365
2026-04-30 16:10:00,248175,248320,248108,248178,219
2026-04-30 16:15:00,248178,248297,248100,248124,165
2026-04-30 16:20:00,248111,248289,248027,248250,97
2026-04-30 16:25:00,248250,248399,248150,248399,158
2026-04-30 16:30:00,248399,248500,248118,248400,372
2026-04-30 16:35:00,248400,248700,248297,248699,597
2026-04-30 16:40:00,248692,248999,248466,248479,1183
2026-04-30 16:45:00,248500,248600,248287,248544,334
2026-04-30 16:50:00,248544,248850,248401,248686,392
2026-04-30 16:55:00,248686,248987,248638,248900,562
2026-04-30 17:00:00,248900,249200,248464,248464,1073
2026-04-30 17:05:00,248500,248500,248203,248301,548
2026-04-30 17:10:00,248301,248301,247700,248007,1072
2026-04-30 17:15:00,248095,248463,248019,248176,353
2026-04-30 17:20:00,248176,248354,247884,247906,380
2026-04-30 17:25:00,247906,248100,247837,247900,311
2026-04-30 17:30:00,247900,248197,247869,248102,330
2026-04-30 17:35:00,248102,248402,247976,248135,455
2026-04-30 17:40:00,248135,248400,248100,248200,207
2026-04-30 17:45:00,248200,248604,248152,248500,364
2026-04-30 17:50:00,248500,248849,248490,248659,478
2026-04-30 17:55:00,248617,248782,248482,248508,394
2026-04-30 18:00:00,248460,248700,248000,248041,540
2026-04-30 18:05:00,248041,248366,247952,248236,368
2026-04-30 18:10:00,248236,248282,247753,247822,608
2026-04-30 18:15:00,247822,248106,247755,247755,373
2026-04-30 18:20:00,247790,248151,247700,247945,491
2026-04-30 18:25:00,247945,248127,247769,248091,366
2026-04-30 18:30:00,248033,248500,248033,248368,598
2026-04-30 18:35:00,248368,248400,248108,248400,258
2026-04-30 18:40:00,248394,248449,248139,248434,178
2026-04-30 18:45:00,248446,248642,248285,248409,323
2026-04-30 18:50:00,248450,248489,248065,248090,327
2026-04-30 18:55:00,248090,248350,248090,248240,153
2026-04-30 19:00:00,248327,248471,247821,247866,525
2026-04-30 19:05:00,247865,247927,247250,247258,1354
2026-04-30 19:10:00,247324,247500,247050,247500,842
2026-04-30 19:15:00,247500,247502,246600,246911,1557
2026-04-30 19:20:00,246911,247079,246666,247079,770
2026-04-30 19:25:00,246998,247099,246827,246935,567
2026-04-30 19:30:00,246873,247697,246700,247303,1109
2026-04-30 19:35:00,247379,247600,247000,247252,641
2026-04-30 19:40:00,247183,247359,246926,247238,528
2026-04-30 19:45:00,247238,247460,247009,247327,475
2026-04-30 19:50:00,247324,247499,247139,247399,385
2026-04-30 19:55:00,247400,247418,247201,247418,150
2026-04-30 20:00:00,247418,247440,246817,247052,633
2026-04-30 20:05:00,247052,247052,246119,246253,1662
2026-04-30 20:10:00,246265,246700,246250,246632,715
2026-04-30 20:15:00,246632,247100,246499,246732,550
2026-04-30 20:20:00,246700,247096,246700,247050,399
2026-04-30 20:25:00,247050,247074,246756,246900,308
2026-04-30 20:30:00,246900,247042,246533,246557,296
2026-04-30 20:35:00,246550,247100,246320,246995,722
2026-04-30 20:40:00,246995,247211,246852,247080,441
2026-04-30 20:45:00,247080,247301,246924,247094,330
2026-04-30 20:50:00,247094,247275,247001,247262,171
2026-04-30 20:55:00,247262,247500,247158,247396,568
2026-04-30 21:00:00,247390,247658,247312,247498,542
2026-04-30 21:05:00,247550,247553,247199,247324,284
2026-04-30 21:10:00,247324,247324,247029,247100,265
2026-04-30 21:15:00,247100,247100,246786,247000,389
2026-04-30 21:20:00,246988,247195,246920,247087,200
2026-04-30 21:25:00,247087,247440,247076,247356,188
2026-04-30 21:30:00,247356,247471,247000,247300,251
2026-04-30 21:35:00,247320,247415,247200,247200,201
2026-04-30 21:40:00,247200,247311,247100,247139,116
2026-04-30 21:45:00,247139,247179,246919,247002,267
2026-04-30 21:50:00,247002,247179,247002,247120,116
2026-04-30 21:55:00,247120,247120,247012,247023,89
2026-04-30 22:00:00,247023,247120,246900,247120,239
2026-04-30 22:05:00,247120,247349,247024,247347,248
2026-04-30 22:10:00,247347,247743,247257,247450,612
2026-04-30 22:15:00,247450,247627,247314,247542,169
2026-04-30 22:20:00,247543,247700,247450,247589,397
2026-04-30 22:25:00,247589,247625,247300,247325,190
2026-04-30 22:30:00,247328,247848,247328,247765,430
2026-04-30 22:35:00,247765,248199,247763,248020,920
2026-04-30 22:40:00,247961,248200,247930,248073,340
2026-04-30 22:45:00,248073,248111,247757,247870,414
2026-04-30 22:50:00,247870,248300,247858,248254,458
2026-04-30 22:55:00,248132,248400,248005,248169,404
2026-04-30 23:00:00,248169,248499,248139,248263,522
2026-04-30 23:05:00,248263,248370,248073,248124,260
2026-04-30 23:10:00,248124,248300,248113,248267,244
2026-04-30 23:15:00,248267,248298,248130,248130,476
2026-04-30 23:20:00,248150,248200,248110,248114,490
2026-04-30 23:25:00,248110,248499,248110,248499,1174
2026-05-01 17:00:00,248489,248490,243799,248034,1270
2026-05-01 17:05:00,248039,248199,247993,248151,536
2026-05-01 17:10:00,248151,248589,248151,248500,702
2026-05-01 17:15:00,248500,248532,248000,248215,690
2026-05-01 17:20:00,248200,248299,247914,248208,430
2026-05-01 17:25:00,248300,248780,248221,248595,716
2026-05-01 17:30:00,248595,248937,248574,248851,786
2026-05-01 17:35:00,248850,249000,248703,248721,704
2026-05-01 17:40:00,248721,249847,248571,249325,1402
2026-05-01 17:45:00,249367,250198,249340,250114,1716
2026-05-01 17:50:00,250074,252200,250074,252129,3836
2026-05-01 17:55:00,252147,253126,251762,251830,4413
2026-05-01 18:00:00,251827,252000,251466,251870,1455
2026-05-01 18:05:00,251884,252320,251650,251693,1191
2026-05-01 18:10:00,251700,251925,250691,250997,2209
2026-05-01 18:15:00,250996,251201,250438,250505,1140
2026-05-01 18:20:00,250505,250899,250500,250775,857
2026-05-01 18:25:00,250775,250875,250111,250650,1022
2026-05-01 18:30:00,250654,251445,250611,251175,1343
2026-05-01 18:35:00,251219,251663,251098,251632,744
2026-05-01 18:40:00,251599,251611,250912,251136,662
2026-05-01 18:45:00,251136,251500,250975,251449,361
2026-05-01 18:50:00,251499,251699,251383,251564,489
2026-05-01 18:55:00,251520,251526,251100,251370,400
2026-05-01 19:00:00,251450,252649,251220,252309,2401
2026-05-01 19:05:00,252318,252786,252212,252626,2035
2026-05-01 19:10:00,252744,253666,252684,253451,3647
2026-05-01 19:15:00,253501,253800,252932,253180,2158
2026-05-01 19:20:00,253180,254853,252995,254470,4321
2026-05-01 19:25:00,254465,255400,254435,255090,3944
2026-05-01 19:30:00,255185,255731,255000,255400,3200
2026-05-01 19:35:00,255408,255450,254793,254854,1937
2026-05-01 19:40:00,254864,256714,254782,256536,3796
2026-05-01 19:45:00,256586,257150,256158,256519,3310
2026-05-01 19:50:00,256520,256724,256260,256260,1287
2026-05-01 19:55:00,256227,256382,255810,255866,1538
2026-05-01 20:00:00,255891,255891,255000,255391,1877
2026-05-01 20:05:00,255564,255564,254805,254805,1187
2026-05-01 20:10:00,254800,254969,254200,254383,1996
2026-05-01 20:15:00,254346,254505,254100,254200,1180
2026-05-01 20:20:00,254205,254693,253874,254120,1246
2026-05-01 20:25:00,254158,254350,254050,254142,745
2026-05-01 20:30:00,254148,254148,253250,253827,1638
2026-05-01 20:35:00,253654,253799,253107,253580,1525
2026-05-01 20:40:00,253580,254240,253300,254218,1038
2026-05-01 20:45:00,254297,254772,254197,254627,1386
2026-05-01 20:50:00,254564,254675,253972,254145,769
2026-05-01 20:55:00,254145,254363,253695,253968,680
2026-05-01 21:00:00,254061,254889,254053,254850,1067
2026-05-01 21:05:00,254806,255146,254522,254997,1017
2026-05-01 21:10:00,254997,255380,254818,254902,909
2026-05-01 21:15:00,254918,255362,254862,255111,498
2026-05-01 21:20:00,255129,255129,254356,254707,1071
2026-05-01 21:25:00,254707,255000,254597,254770,437
2026-05-01 21:30:00,254724,254847,254308,254581,532
2026-05-01 21:35:00,254581,254817,254439,254450,348
2026-05-01 21:40:00,254450,254644,254310,254599,219
2026-05-01 21:45:00,254599,255142,254599,254886,514
2026-05-01 21:50:00,254886,255100,254433,254686,618
2026-05-01 21:55:00,254640,254660,253911,253947,1166
2026-05-01 22:00:00,253979,254200,253550,253800,897
2026-05-01 22:05:00,253800,254177,253628,254177,383
2026-05-01 22:10:00,254139,254470,254020,254175,529
2026-05-01 22:15:00,254175,254401,254119,254400,271
2026-05-01 22:20:00,254400,254728,254213,254600,538
2026-05-01 22:25:00,254600,254700,254500,254500,255
2026-05-01 22:30:00,254500,254753,254450,254470,309
2026-05-01 22:35:00,254464,254670,254400,254606,318
2026-05-01 22:40:00,254583,254694,254536,254640,267
2026-05-01 22:45:00,254640,254690,254310,254405,423
2026-05-01 22:50:00,254405,254405,253831,253878,542
2026-05-01 22:55:00,253850,254242,253850,254040,430
2026-05-01 23:00:00,254040,254040,253832,253899,348
2026-05-01 23:05:00,253899,253950,253700,253800,447
2026-05-01 23:10:00,253809,253900,253709,253792,414
2026-05-01 23:15:00,253797,253937,253729,253923,514
2026-05-01 23:20:00,253918,254219,253803,254102,837
2026-05-01 23:25:00,254102,254190,254000,254091,1098
2026-05-04 09:00:00,253487,256500,253001,254239,5048
2026-05-04 09:05:00,254175,254200,253500,253500,1198
2026-05-04 09:10:00,253571,254250,253500,254250,693
2026-05-04 09:15:00,254259,254600,253926,253926,1179
2026-05-04 09:20:00,253862,254194,253787,253971,423
2026-05-04 09:25:00,254000,254502,254000,254393,474
2026-05-04 09:30:00,254393,254393,253827,254056,429
2026-05-04 09:35:00,254056,254179,253896,253972,234
2026-05-04 09:40:00,253972,254050,253851,253920,228
2026-05-04 09:45:00,253920,254109,253904,253904,158
2026-05-04 09:50:00,253955,253955,253541,253676,481
2026-05-04 09:55:00,253676,253740,253400,253444,378
2026-05-04 10:00:00,253444,253720,253400,253667,402
2026-05-04 10:05:00,253667,253681,253085,253122,1099
2026-05-04 10:10:00,253172,253200,252858,253077,1177
2026-05-04 10:15:00,253077,253077,252711,252838,431
2026-05-04 10:20:00,252838,253000,252616,252653,497
2026-05-04 10:25:00,252648,252787,252500,252526,527
2026-05-04 10:30:00,252514,252674,252470,252531,360
2026-05-04 10:35:00,252531,252747,252452,252700,505
2026-05-04 10:40:00,252671,252697,252301,252411,536
2026-05-04 10:45:00,252511,253072,252221,252931,691
2026-05-04 10:50:00,252928,253350,252754,252777,814
2026-05-04 10:55:00,252777,252869,252350,252415,712
2026-05-04 11:00:00,252490,252685,252300,252300,488
2026-05-04 11:05:00,252359,252580,252245,252445,278
2026-05-04 11:10:00,252445,252832,252396,252832,229
2026-05-04 11:15:00,252832,252991,252553,252618,292
2026-05-04 11:20:00,252618,252699,252350,252699,338
2026-05-04 11:25:00,252699,252960,252610,252900,300
2026-05-04 11:30:00,252900,252975,252200,252440,454
2026-05-04 11:35:00,252434,252498,251800,252359,926
2026-05-04 11:40:00,252359,252369,251879,252090,450
2026-05-04 11:45:00,252090,252149,251613,252075,569
2026-05-04 11:50:00,252107,252107,251798,251999,279
2026-05-04 11:55:00,251999,252162,251701,252113,402
2026-05-04 12:00:00,252100,252337,251660,251950,358
2026-05-04 12:05:00,251950,252134,251776,251916,182
2026-05-04 12:10:00,251840,251902,251613,251613,519
2026-05-04 12:15:00,251683,251987,251463,251933,544
2026-05-04 12:20:00,251950,252129,251901,252040,289
2026-05-04 12:25:00,252057,252115,251891,252001,191
2026-05-04 12:30:00,252001,252001,251538,251572,455
2026-05-04 12:35:00,251582,252011,251501,251926,226
2026-05-04 12:40:00,252024,252024,251700,251921,139
2026-05-04 12:45:00,251896,251949,251333,251591,430
2026-05-04 12:50:00,251591,251834,251527,251558,271
2026-05-04 12:55:00,251558,251598,251152,251331,598
2026-05-04 13:00:00,251331,251522,251100,251512,530
2026-05-04 13:05:00,251512,251574,251242,251320,278
2026-05-04 13:10:00,251320,251401,251148,251352,287
2026-05-04 13:15:00,251352,251400,251181,251250,228
2026-05-04 13:20:00,251258,251258,250856,250938,677
2026-05-04 13:25:00,250938,251344,250756,250864,463
2026-05-04 13:30:00,250819,250956,250157,250157,1043
2026-05-04 13:35:00,250154,250450,250154,250448,560
2026-05-04 13:40:00,250448,250703,250335,250703,531
2026-05-04 13:45:00,250704,250750,250190,250350,509
2026-05-04 13:50:00,250350,250540,250049,250237,572
2026-05-04 13:55:00,250275,250600,250275,250505,288
2026-05-04 14:00:00,250505,250549,250222,250546,420
2026-05-04 14:05:00,250530,250600,250250,250446,459
2026-05-04 14:10:00,250454,250641,250421,250526,282
2026-05-04 14:15:00,250526,250667,250340,250649,361
2026-05-04 14:20:00,250649,250927,250627,250791,641
2026-05-04 14:25:00,250791,251060,250630,250692,600
2026-05-04 14:30:00,250692,250950,250552,250950,283
2026-05-04 14:35:00,250950,251200,250924,250947,425
2026-05-04 14:40:00,250947,251396,250947,251357,296
2026-05-04 14:45:00,251357,251400,251244,251400,341
2026-05-04 14:50:00,251400,251500,251165,251257,262
2026-05-04 14:55:00,251257,251385,251186,251300,135
2026-05-04 15:00:00,251300,251498,251243,251459,203
2026-05-04 15:05:00,251459,251599,251400,251440,264
2026-05-04 15:10:00,251474,251551,251450,251450,135
2026-05-04 15:15:00,251450,251622,251251,251591,345
2026-05-04 15:20:00,251550,251640,251313,251408,349
2026-05-04 15:25:00,251408,251482,250705,250736,811
2026-05-04 15:30:00,250762,250834,248258,249470,4936
2026-05-04 15:35:00,249469,249469,247800,248278,4299
2026-05-04 15:40:00,248275,248458,246500,247208,4700
2026-05-04 15:45:00,247229,247296,246304,246773,3029
2026-05-04 15:50:00,246801,247000,245050,246442,4256
2026-05-04 15:55:00,246385,247447,246385,247421,1969
2026-05-04 16:00:00,247359,248299,246998,247982,2676
2026-05-04 16:05:00,248025,248439,247848,248327,1833
2026-05-04 16:10:00,248318,248510,247900,247900,1156
2026-05-04 16:15:00,247880,248500,247853,248355,703
2026-05-04 16:20:00,248393,248393,247625,247671,665
2026-05-04 16:25:00,247671,247952,247545,247767,528
2026-05-04 16:30:00,247845,248670,247786,247891,1388
2026-05-04 16:35:00,247954,248330,247720,248323,389
2026-05-04 16:40:00,248350,248522,248100,248348,431
2026-05-04 16:45:00,248379,248694,248333,248535,503
2026-05-04 16:50:00,248535,248629,248130,248169,290
2026-05-04 16:55:00,248133,248305,248000,248027,521
2026-05-04 17:00:00,248000,248200,247631,247929,544
2026-05-04 17:05:00,247929,248106,247001,247130,1524
2026-05-04 17:10:00,247100,247725,247009,247550,534
2026-05-04 17:15:00,247559,247849,247422,247820,339
2026-05-04 17:20:00,247820,248500,247820,248248,885
2026-05-04 17:25:00,248350,248563,248245,248281,465
2026-05-04 17:30:00,248400,249095,248309,249050,1143
2026-05-04 17:35:00,249075,249092,248797,248920,568
2026-05-04 17:40:00,248922,249314,248871,249314,752
2026-05-04 17:45:00,249251,250440,249250,250382,2385
2026-05-04 17:50:00,250383,250994,249860,250331,2466
2026-05-04 17:55:00,250281,250305,249510,249750,877
2026-05-04 18:00:00,249693,249737,249360,249448,669
2026-05-04 18:05:00,249448,249970,249215,249950,634
2026-05-04 18:10:00,249949,250250,249837,250150,728
2026-05-04 18:15:00,250127,250200,249816,250069,386
2026-05-04 18:20:00,250069,250299,249901,250111,453
2026-05-04 18:25:00,250111,250385,249652,249656,572
2026-05-04 18:30:00,249650,249650,248780,249311,1575
2026-05-04 18:35:00,249292,250152,249246,249987,674
2026-05-04 18:40:00,250201,250201,249275,249275,573
2026-05-04 18:45:00,249275,249480,249157,249199,521
2026-05-04 18:50:00,249199,249387,248800,248986,660
2026-05-04 18:55:00,248986,248986,248559,248617,724
2026-05-04 19:00:00,248557,249577,248300,249473,1357
2026-05-04 19:05:00,249453,249674,249257,249670,697
2026-05-04 19:10:00,249670,250012,249400,249478,806
2026-05-04 19:15:00,249503,249681,249052,249093,627
2026-05-04 19:20:00,249093,249346,248737,249346,671
2026-05-04 19:25:00,249346,249770,249284,249530,376
2026-05-04 19:30:00,249446,249770,249397,249419,380
2026-05-04 19:35:00,249400,249400,248800,249075,663
2026-05-04 19:40:00,249044,249900,249017,249501,586
2026-05-04 19:45:00,249501,250500,249459,250473,1540
2026-05-04 19:50:00,250487,251400,250464,251090,2768
2026-05-04 19:55:00,251000,251200,250354,250428,1049
2026-05-04 20:00:00,250464,251135,250395,250829,814
2026-05-04 20:05:00,250807,251183,250807,251048,769
2026-05-04 20:10:00,251048,251250,250558,250632,664
2026-05-04 20:15:00,250630,250749,250193,250300,1062
2026-05-04 20:20:00,250300,250349,250106,250348,399
2026-05-04 20:25:00,250370,250479,249548,249548,885
2026-05-04 20:30:00,249541,249948,249200,249647,1039
2026-05-04 20:35:00,249546,249802,249445,249740,407
2026-05-04 20:40:00,249740,249864,249183,249261,630
2026-05-04 20:45:00,249200,249943,248706,248761,1456
2026-05-04 20:50:00,248772,248791,246942,247674,4810
2026-05-04 20:55:00,247674,248740,247175,248546,2631
2026-05-04 21:00:00,248615,248660,247625,248242,1023
2026-05-04 21:05:00,248240,248680,247851,248303,759
2026-05-04 21:10:00,248279,248753,248015,248624,374
2026-05-04 21:15:00,248600,248624,247757,247854,641
2026-05-04 21:20:00,247800,248000,247005,247873,2050
2026-05-04 21:25:00,247897,248150,247755,247766,476
2026-05-04 21:30:00,247788,248000,247501,247792,475
2026-05-04 21:35:00,247768,247986,247000,247390,1299
2026-05-04 21:40:00,247334,247581,247000,247178,909
2026-05-04 21:45:00,247178,248439,247100,248072,1143
2026-05-04 21:50:00,248134,248380,247900,247992,463
2026-05-04 21:55:00,247992,248115,247555,247605,377
2026-05-04 22:00:00,247628,247955,247584,247866,296
2026-05-04 22:05:00,247866,247866,247400,247400,358
2026-05-04 22:10:00,247400,247699,247400,247542,227
2026-05-04 22:15:00,247542,247674,247268,247472,508
2026-05-04 22:20:00,247472,247579,247202,247352,262
2026-05-04 22:25:00,247352,247454,247250,247420,259
2026-05-04 22:30:00,247500,248179,247382,248127,704
2026-05-04 22:35:00,248127,248350,247900,247971,500
2026-05-04 22:40:00,247971,248176,247805,248091,239
2026-05-04 22:45:00,248045,248480,248045,248255,549
2026-05-04 22:50:00,248255,248400,247883,247883,336
2026-05-04 22:55:00,247883,247949,247725,247800,256
2026-05-04 23:00:00,247752,247998,247601,247639,397
2026-05-04 23:05:00,247639,247699,247400,247650,522
2026-05-04 23:10:00,247668,247668,247501,247594,275
2026-05-04 23:15:00,247620,247818,247536,247726,602
2026-05-04 23:20:00,247800,247827,247611,247701,513
2026-05-04 23:25:00,247701,247852,247661,247785,776
2026-05-05 09:00:00,247664,247741,247104,247499,1207
2026-05-05 09:05:00,247499,247649,247494,247544,485
2026-05-05 09:10:00,247538,247538,246958,246958,857
2026-05-05 09:15:00,246985,247392,246812,247303,766
2026-05-05 09:20:00,247303,247382,246900,247003,480
2026-05-05 09:25:00,247003,247003,246500,246621,791
2026-05-05 09:30:00,246621,247005,246621,246917,352
2026-05-05 09:35:00,246965,247063,246800,246807,222
2026-05-05 09:40:00,246832,246982,246759,246823,212
2026-05-05 09:45:00,246778,246940,246674,246801,273
2026-05-05 09:50:00,246748,247100,246650,246819,413
2026-05-05 09:55:00,246819,247069,246819,247000,313
2026-05-05 10:00:00,247000,247398,246885,247398,507
2026-05-05 10:05:00,247351,247497,247108,247328,364
2026-05-05 10:10:00,247328,247442,247293,247424,160
2026-05-05 10:15:00,247359,247743,247333,247743,384
2026-05-05 10:20:00,247744,247800,247310,247499,472
2026-05-05 10:25:00,247460,247516,247161,247309,235
2026-05-05 10:30:00,247309,247490,247050,247486,315
2026-05-05 10:35:00,247486,248000,247423,247768,621
2026-05-05 10:40:00,247779,248170,247779,248084,673
2026-05-05 10:45:00,248084,248148,247751,247960,372
2026-05-05 10:50:00,247960,248200,247899,248198,301
2026-05-05 10:55:00,248198,248398,248066,248243,449
2026-05-05 11:00:00,248243,248999,248243,248998,1002
2026-05-05 11:05:00,249100,249249,248813,249001,1062
2026-05-05 11:10:00,248976,249200,248691,248800,697
2026-05-05 11:15:00,248790,248999,248724,248838,301
2026-05-05 11:20:00,248838,249000,248570,248587,414
2026-05-05 11:25:00,248593,248846,248557,248613,250
2026-05-05 11:30:00,248613,249074,248397,248397,695
2026-05-05 11:35:00,248397,248397,248071,248116,560
2026-05-05 11:40:00,248116,248199,247815,248135,409
2026-05-05 11:45:00,248135,248200,247625,247701,434
2026-05-05 11:50:00,247701,247750,247089,247195,895
2026-05-05 11:55:00,247200,247650,247120,247536,314
2026-05-05 12:00:00,247569,248100,247517,247951,535
2026-05-05 12:05:00,247952,248528,247952,248441,687
2026-05-05 12:10:00,248441,248467,248166,248166,282
2026-05-05 12:15:00,248166,248360,248166,248354,179
2026-05-05 12:20:00,248365,248399,248241,248399,177
2026-05-05 12:25:00,248399,248444,248149,248202,323
2026-05-05 12:30:00,248202,248750,248202,248733,482
2026-05-05 12:35:00,248683,248750,248549,248682,233
2026-05-05 12:40:00,248682,248730,248513,248654,157
2026-05-05 12:45:00,248654,248900,248615,248880,327
2026-05-05 12:50:00,248880,248931,248650,248650,314
2026-05-05 12:55:00,248648,248700,248373,248410,312
2026-05-05 13:00:00,248410,248946,248410,248880,397
2026-05-05 13:05:00,248938,249649,248818,249409,1645
2026-05-05 13:10:00,249388,249451,249048,249048,488
2026-05-05 13:15:00,249088,249110,248414,248500,509
2026-05-05 13:20:00,248500,248900,248500,248651,266
2026-05-05 13:25:00,248651,248744,248604,248631,142
2026-05-05 13:30:00,248631,248976,248631,248880,321
2026-05-05 13:35:00,248880,248955,248510,248539,256
2026-05-05 13:40:00,248550,248955,248550,248940,171
2026-05-05 13:45:00,248940,248947,248750,248815,103
2026-05-05 13:50:00,248884,249050,248839,248900,163
2026-05-05 13:55:00,248900,249200,248900,249113,277
2026-05-05 14:00:00,249100,249300,248946,249251,250
2026-05-05 14:05:00,249251,249400,249086,249168,352
2026-05-05 14:10:00,249168,249389,249064,249260,326
2026-05-05 14:15:00,249306,249406,249223,249367,363
2026-05-05 14:20:00,249367,249559,249366,249531,542
2026-05-05 14:25:00,249531,249700,249388,249501,507
2026-05-05 14:30:00,249600,249690,249348,249633,632
2026-05-05 14:35:00,249633,249669,249407,249563,373
2026-05-05 14:40:00,249595,249700,249500,249561,318
2026-05-05 14:45:00,249514,249589,249126,249166,445
2026-05-05 14:50:00,249166,249250,249000,249201,300
2026-05-05 14:55:00,249201,249487,249151,249380,207
2026-05-05 15:00:00,249380,249880,249350,249705,848
2026-05-05 15:05:00,249705,249947,249614,249849,397
2026-05-05 15:10:00,249757,249963,249757,249920,393
2026-05-05 15:15:00,249926,250175,249671,249720,843
2026-05-05 15:20:00,249720,249720,249426,249571,365
2026-05-05 15:25:00,249526,249798,249526,249777,249
2026-05-05 15:30:00,249777,249888,249609,249609,322
2026-05-05 15:35:00,249592,249601,249210,249331,416
2026-05-05 15:40:00,249331,249378,249160,249239,333
2026-05-05 15:45:00,249239,249300,249210,249223,206
2026-05-05 15:50:00,249252,249299,249050,249221,253
2026-05-05 15:55:00,249221,249287,249009,249015,338
2026-05-05 16:00:00,249029,249363,248814,249277,797
2026-05-05 16:05:00,249278,249657,249278,249456,545
2026-05-05 16:10:00,249456,249456,248847,248984,440
2026-05-05 16:15:00,248984,249124,248900,249082,240
2026-05-05 16:20:00,249082,249082,248651,248747,552
2026-05-05 16:25:00,248747,248840,248560,248664,451
2026-05-05 16:30:00,248532,248622,247910,248344,1747
2026-05-05 16:35:00,248297,248850,248156,248850,525
2026-05-05 16:40:00,248850,249089,248697,248708,524
2026-05-05 16:45:00,248708,248874,248300,248339,396
2026-05-05 16:50:00,248339,248900,248306,248745,261
2026-05-05 16:55:00,248858,249178,248750,249100,398
2026-05-05 17:00:00,249150,249200,248953,249135,490
2026-05-05 17:05:00,249135,249400,249088,249207,720
2026-05-05 17:10:00,249207,249490,249164,249480,342
2026-05-05 17:15:00,249478,249775,249250,249558,701
2026-05-05 17:20:00,249558,249597,249029,249032,358
2026-05-05 17:25:00,249030,249300,249007,249300,212
2026-05-05 17:30:00,249355,249399,248955,249059,344
2026-05-05 17:35:00,249059,249399,248876,249277,319
2026-05-05 17:40:00,249277,250087,249261,249948,1576
2026-05-05 17:45:00,249868,250275,249549,249672,1266
2026-05-05 17:50:00,249672,250275,249672,250275,797
2026-05-05 17:55:00,250179,250390,250048,250156,989
2026-05-05 18:00:00,250156,250300,249520,249660,819
2026-05-05 18:05:00,249660,249726,249260,249600,717
2026-05-05 18:10:00,249606,249704,249355,249690,256
2026-05-05 18:15:00,249685,249773,249080,249237,664
2026-05-05 18:20:00,249237,249388,249070,249250,313
2026-05-05 18:25:00,249250,249596,249173,249384,405
2026-05-05 18:30:00,249384,249800,249300,249756,435
2026-05-05 18:35:00,249756,250789,249756,250311,1790
2026-05-05 18:40:00,250363,250675,250055,250085,1118
2026-05-05 18:45:00,250062,250250,249859,250047,568
2026-05-05 18:50:00,250023,250023,249555,249555,620
2026-05-05 18:55:00,249600,250150,249600,250051,390
2026-05-05 19:00:00,250039,250131,249900,249995,365
2026-05-05 19:05:00,249938,249938,249126,249364,1105
2026-05-05 19:10:00,249420,249610,249352,249462,303
2026-05-05 19:15:00,249462,249777,249400,249700,318
2026-05-05 19:20:00,249700,249945,249610,249896,630
2026-05-05 19:25:00,249859,249900,249642,249668,230
2026-05-05 19:30:00,250000,250093,249656,249730,739
2026-05-05 19:35:00,249730,250320,249684,250121,571
2026-05-05 19:40:00,250121,250200,249226,249318,725
2026-05-05 19:45:00,249278,249500,248786,248992,2388
2026-05-05 19:50:00,248992,249633,248790,249598,1218
2026-05-05 19:55:00,249664,250149,249659,249659,983
2026-05-05 20:00:00,249651,249772,249393,249500,462
2026-05-05 20:05:00,249500,249687,249400,249687,225
2026-05-05 20:10:00,249634,249999,249616,249805,414
2026-05-05 20:15:00,249801,249802,249281,249506,372
2026-05-05 20:20:00,249506,249530,249305,249305,268
2026-05-05 20:25:00,249305,249620,249305,249617,168
2026-05-05 20:30:00,249620,249650,249248,249605,227
2026-05-05 20:35:00,249605,249700,249530,249562,154
2026-05-05 20:40:00,249562,249745,249310,249609,279
2026-05-05 20:45:00,249609,249619,249400,249400,98
2026-05-05 20:50:00,249400,249549,249196,249292,370
2026-05-05 20:55:00,249227,249348,249125,249348,178
2026-05-05 21:00:00,249348,249552,249100,249183,437
2026-05-05 21:05:00,249183,249313,249085,249101,367
2026-05-05 21:10:00,249126,249153,248900,248941,607
2026-05-05 21:15:00,248941,249282,248941,249200,370
2026-05-05 21:20:00,249200,249397,249050,249170,204
2026-05-05 21:25:00,249170,249200,249010,249052,137
2026-05-05 21:30:00,249052,249149,248619,248703,822
2026-05-05 21:35:00,248703,248782,248650,248746,322
2026-05-05 21:40:00,248746,248746,248510,248651,534
2026-05-05 21:45:00,248651,248687,248261,248310,788
2026-05-05 21:50:00,248310,248438,248101,248101,607
2026-05-05 21:55:00,248102,248255,247749,247957,1985
2026-05-05 22:00:00,247957,248000,247263,247900,1807
2026-05-05 22:05:00,247900,248200,247826,248000,739
2026-05-05 22:10:00,247917,248215,247917,248100,459
2026-05-05 22:15:00,248139,248171,247950,248028,349
2026-05-05 22:20:00,248083,248384,248064,248384,432
2026-05-05 22:25:00,248379,248470,248152,248152,404
2026-05-05 22:30:00,248152,248249,247768,247800,643
2026-05-05 22:35:00,247783,247929,247600,247734,377
2026-05-05 22:40:00,247734,248150,247700,248046,407
2026-05-05 22:45:00,248046,248563,248046,248405,623
2026-05-05 22:50:00,248439,248450,247980,248003,342
2026-05-05 22:55:00,248003,248150,247853,248060,203
2026-05-05 23:00:00,248060,248287,247950,248160,287
2026-05-05 23:05:00,248160,248230,248085,248157,158
2026-05-05 23:10:00,248130,248250,248048,248123,228
2026-05-05 23:15:00,248123,248249,248085,248158,379
2026-05-05 23:20:00,248200,248243,248050,248050,528
2026-05-05 23:25:00,248050,248175,247905,248148,867
2026-05-06 09:00:00,249200,254750,249200,253741,8758
2026-05-06 09:05:00,253734,253900,253332,253758,2874
2026-05-06 09:10:00,253799,253865,253500,253710,1258
2026-05-06 09:15:00,253700,253750,253260,253411,1510
2026-05-06 09:20:00,253411,253674,253300,253331,1078
2026-05-06 09:25:00,253331,253649,253330,253535,869
2026-05-06 09:30:00,253540,253994,253473,253940,1165
2026-05-06 09:35:00,253940,254165,253783,253981,1673
2026-05-06 09:40:00,253988,254067,253900,253990,585
2026-05-06 09:45:00,253990,254144,253863,253904,703
2026-05-06 09:50:00,253904,253982,253770,253922,804
2026-05-06 09:55:00,253922,254340,253816,254280,999
2026-05-06 10:00:00,254280,254500,254211,254371,950
2026-05-06 10:05:00,254352,254430,254131,254283,651
2026-05-06 10:10:00,254342,254361,254162,254224,346
2026-05-06 10:15:00,254178,254344,254078,254259,474
2026-05-06 10:20:00,254271,254424,254200,254240,393
2026-05-06 10:25:00,254240,254300,253950,253950,498
2026-05-06 10:30:00,253950,254098,253900,253974,317
2026-05-06 10:35:00,253995,254080,253676,254080,540
2026-05-06 10:40:00,254080,254148,253810,254049,354
2026-05-06 10:45:00,254049,254049,253700,253750,237
2026-05-06 10:50:00,253750,253850,253664,253784,335
2026-05-06 10:55:00,253799,253948,253726,253788,160
2026-05-06 11:00:00,253788,253850,253404,253600,539
2026-05-06 11:05:00,253600,253699,253333,253645,591
2026-05-06 11:10:00,253645,254329,253514,254172,1122
2026-05-06 11:15:00,254172,254585,254146,254365,1477
2026-05-06 11:20:00,254365,254868,254346,254563,1405
2026-05-06 11:25:00,254563,254899,254453,254783,856
2026-05-06 11:30:00,254783,254840,254555,254560,584
2026-05-06 11:35:00,254555,254833,254450,254649,567
2026-05-06 11:40:00,254639,254757,254542,254542,304
2026-05-06 11:45:00,254542,254569,254429,254450,268
2026-05-06 11:50:00,254450,254784,254430,254670,381
2026-05-06 11:55:00,254670,254800,254610,254653,227
2026-05-06 12:00:00,254707,254750,254520,254530,192
2026-05-06 12:05:00,254530,254576,254091,254300,488
2026-05-06 12:10:00,254300,254314,253778,254164,864
2026-05-06 12:15:00,254199,254399,254164,254260,187
2026-05-06 12:20:00,254260,254341,254102,254341,315
2026-05-06 12:25:00,254307,254507,254174,254479,505
2026-05-06 12:30:00,254544,254600,254344,254454,301
2026-05-06 12:35:00,254494,254542,254345,254411,165
2026-05-06 12:40:00,254411,254518,254001,254001,445
2026-05-06 12:45:00,254001,254150,253846,254100,359
2026-05-06 12:50:00,254139,254320,254100,254300,169
2026-05-06 12:55:00,254300,254549,254200,254322,457
2026-05-06 13:00:00,254322,254322,254080,254179,139
2026-05-06 13:05:00,254179,254226,254051,254137,107
2026-05-06 13:10:00,254137,254300,254039,254300,224
2026-05-06 13:15:00,254300,254750,254300,254672,957
2026-05-06 13:20:00,254695,254825,254595,254795,636
2026-05-06 13:25:00,254795,255300,254769,255295,1687
2026-05-06 13:30:00,255295,255295,254922,255004,616
2026-05-06 13:35:00,255004,255048,254700,254709,545
2026-05-06 13:40:00,254710,255000,254709,254911,206
2026-05-06 13:45:00,254880,254955,254827,254927,157
2026-05-06 13:50:00,254927,254927,254611,254672,228
2026-05-06 13:55:00,254672,254800,254490,254582,374
2026-05-06 14:00:00,254582,254700,254420,254572,261
2026-05-06 14:05:00,254572,254572,254300,254444,401
2026-05-06 14:10:00,254444,254500,254319,254500,182
2026-05-06 14:15:00,254500,254733,254461,254637,227
2026-05-06 14:20:00,254650,256564,254647,255818,4890
2026-05-06 14:25:00,255782,256447,255752,256279,1439
2026-05-06 14:30:00,256274,256740,255627,255900,1922
2026-05-06 14:35:00,255877,256126,255700,255970,952
2026-05-06 14:40:00,255970,256172,255921,256010,572
2026-05-06 14:45:00,256014,256200,256003,256156,692
2026-05-06 14:50:00,256174,256300,255725,255725,907
2026-05-06 14:55:00,255786,256097,255701,255995,542
2026-05-06 15:00:00,255995,256350,255875,256250,629
2026-05-06 15:05:00,256258,256389,256127,256253,425
2026-05-06 15:10:00,256300,256379,256100,256191,427
2026-05-06 15:15:00,256191,256310,256100,256280,414
2026-05-06 15:20:00,256250,256590,256104,256552,867
2026-05-06 15:25:00,256506,256900,256453,256781,1182
2026-05-06 15:30:00,256841,257300,256703,256990,2977
2026-05-06 15:35:00,257020,257201,256700,256715,1077
2026-05-06 15:40:00,256715,257200,256700,257096,757
2026-05-06 15:45:00,257030,257300,257000,257160,733
2026-05-06 15:50:00,257121,257400,257121,257375,850
2026-05-06 15:55:00,257375,257800,257324,257501,1675
2026-05-06 16:00:00,257501,257950,257501,257653,1556
2026-05-06 16:05:00,257665,257774,257521,257558,663
2026-05-06 16:10:00,257568,257992,257568,257890,1355
2026-05-06 16:15:00,257888,257940,257387,257441,1252
2026-05-06 16:20:00,257441,258240,257375,258131,2095
2026-05-06 16:25:00,258126,258200,257722,257722,1038
2026-05-06 16:30:00,257657,257853,257056,257374,1372
2026-05-06 16:35:00,257374,257860,257300,257850,718
2026-05-06 16:40:00,257851,257948,257304,257500,964
2026-05-06 16:45:00,257500,257570,257055,257083,896
2026-05-06 16:50:00,257081,257399,257021,257278,766
2026-05-06 16:55:00,257278,257500,257171,257174,338
2026-05-06 17:00:00,257179,257600,256732,257385,1581
2026-05-06 17:05:00,257371,257829,257371,257486,907
2026-05-06 17:10:00,257486,257508,256340,256498,1740
2026-05-06 17:15:00,256521,256680,256250,256333,1199
2026-05-06 17:20:00,256349,256798,256219,256255,833
2026-05-06 17:25:00,256284,256400,255503,255789,2393
2026-05-06 17:30:00,255834,255857,254949,255420,2456
2026-05-06 17:35:00,255500,256000,255300,255725,1427
2026-05-06 17:40:00,255769,255899,255113,255170,1281
2026-05-06 17:45:00,255255,255499,253808,254600,4136
2026-05-06 17:50:00,254646,255810,254484,255713,2013
2026-05-06 17:55:00,255686,255769,255343,255500,1141
2026-05-06 18:00:00,255500,256100,255367,256050,1263
2026-05-06 18:05:00,256005,256280,256003,256203,858
2026-05-06 18:10:00,256156,256250,255755,255848,773
2026-05-06 18:15:00,255848,256368,255787,256200,561
2026-05-06 18:20:00,256199,256267,255756,255795,432
2026-05-06 18:25:00,255795,256058,255710,256000,511
2026-05-06 18:30:00,256000,256920,255550,256244,2380
2026-05-06 18:35:00,256259,256443,255488,255846,1741
2026-05-06 18:40:00,255846,256344,255750,256202,612
2026-05-06 18:45:00,256291,256576,256142,256160,624
2026-05-06 18:50:00,256150,256190,255792,255980,413
2026-05-06 18:55:00,256000,256200,255877,256097,305
2026-05-06 19:00:00,256068,256985,255886,256921,1424
2026-05-06 19:05:00,256921,257162,256531,256611,1142
2026-05-06 19:10:00,256611,256800,256301,256640,513
2026-05-06 19:15:00,256640,257077,256533,257070,745
2026-05-06 19:20:00,257070,257200,256505,257134,960
2026-05-06 19:25:00,257100,257389,257000,257101,857
2026-05-06 19:30:00,257058,257625,256900,256903,1620
2026-05-06 19:35:00,256959,257097,256500,256937,1086
2026-05-06 19:40:00,256937,257815,256937,257701,1494
2026-05-06 19:45:00,257630,258000,257375,257400,1586
2026-05-06 19:50:00,257375,257537,257227,257315,476
2026-05-06 19:55:00,257315,257366,257066,257101,384
2026-05-06 20:00:00,257047,257394,257027,257201,379
2026-05-06 20:05:00,257201,257552,257073,257376,543
2026-05-06 20:10:00,257469,257771,257300,257697,922
2026-05-06 20:15:00,257697,257697,257268,257268,386
2026-05-06 20:20:00,257268,257417,257088,257113,599
2026-05-06 20:25:00,257113,257519,257113,257136,420
2026-05-06 20:30:00,257179,257300,257001,257100,532
2026-05-06 20:35:00,257104,257104,256641,256728,709
2026-05-06 20:40:00,256739,256800,256325,256681,789
2026-05-06 20:45:00,256710,257060,256451,256914,633
2026-05-06 20:50:00,256920,257030,256572,256779,352
2026-05-06 20:55:00,256779,256938,256600,256650,340
2026-05-06 21:00:00,256671,256889,256580,256671,206
2026-05-06 21:05:00,256671,256691,256451,256505,336
2026-05-06 21:10:00,256480,256782,256300,256726,532
2026-05-06 21:15:00,256655,256920,256559,256615,398
2026-05-06 21:20:00,256615,256712,256380,256470,296
2026-05-06 21:25:00,256470,256589,256101,256116,512
2026-05-06 21:30:00,256116,256458,256032,256351,473
2026-05-06 21:35:00,256353,256550,256166,256252,438
2026-05-06 21:40:00,256252,256443,256205,256300,259
2026-05-06 21:45:00,256300,256574,256262,256476,356
2026-05-06 21:50:00,256476,256590,256365,256496,165
2026-05-06 21:55:00,256486,256700,256400,256571,328
2026-05-06 22:00:00,256571,256650,256507,256547,209
2026-05-06 22:05:00,256599,256700,256470,256558,322
2026-05-06 22:10:00,256600,256627,256381,256381,218
2026-05-06 22:15:00,256381,256449,256210,256390,325
2026-05-06 22:20:00,256386,256386,256056,256185,471
2026-05-06 22:25:00,256185,256267,255689,255914,991
2026-05-06 22:30:00,255880,256300,255700,256289,516
2026-05-06 22:35:00,256247,256399,256171,256279,412
2026-05-06 22:40:00,256279,256322,256000,256147,285
2026-05-06 22:45:00,256147,256171,255910,255936,366
2026-05-06 22:50:00,255936,256250,255801,255890,472
2026-05-06 22:55:00,255890,256192,255803,256100,284
2026-05-06 23:00:00,256100,256300,256043,256141,375
2026-05-06 23:05:00,256141,256198,256065,256151,226
2026-05-06 23:10:00,256105,256200,256065,256199,299
2026-05-06 23:15:00,256199,256265,256150,256260,664
2026-05-06 23:20:00,256209,256336,256200,256336,658
2026-05-06 23:25:00,256335,256783,256291,256756,1218
2026-05-07 09:00:00,258299,262187,258185,258707,4452
2026-05-07 09:05:00,258680,258820,258637,258700,790
2026-05-07 09:10:00,258741,258800,258513,258522,744
2026-05-07 09:15:00,258522,258648,258255,258477,936
2026-05-07 09:20:00,258424,258700,258300,258500,693
2026-05-07 09:25:00,258500,258544,258200,258205,577
2026-05-07 09:30:00,258205,258450,258011,258330,830
2026-05-07 09:35:00,258330,258350,258064,258142,344
2026-05-07 09:40:00,258150,258250,257740,257750,682
2026-05-07 09:45:00,257740,258090,257700,257936,600
2026-05-07 09:50:00,257936,258424,257890,258419,602
2026-05-07 09:55:00,258419,258419,258287,258287,223
2026-05-07 10:00:00,258287,258398,258059,258098,259
2026-05-07 10:05:00,258098,258338,258002,258300,415
2026-05-07 10:10:00,258330,258545,258330,258540,679
2026-05-07 10:15:00,258540,258540,258260,258305,225
2026-05-07 10:20:00,258305,258444,258250,258325,225
2026-05-07 10:25:00,258352,258585,258283,258462,268
2026-05-07 10:30:00,258462,259100,258462,259094,1100
2026-05-07 10:35:00,259065,259078,258900,259000,597
2026-05-07 10:40:00,258970,259350,258902,259350,496
2026-05-07 10:45:00,259229,259304,258900,258900,576
2026-05-07 10:50:00,258900,258931,258494,258765,567
2026-05-07 10:55:00,258769,258769,258535,258698,316
2026-05-07 11:00:00,258698,259366,258528,259161,731
2026-05-07 11:05:00,259101,259360,259101,259296,448
2026-05-07 11:10:00,259295,259399,259080,259252,417
2026-05-07 11:15:00,259303,259350,259186,259201,259
2026-05-07 11:20:00,259199,259201,258960,259019,311
2026-05-07 11:25:00,259019,259199,258753,258959,336
2026-05-07 11:30:00,258960,259496,258960,259432,638
2026-05-07 11:35:00,259432,259572,259334,259415,695
2026-05-07 11:40:00,259415,259864,259415,259568,918
2026-05-07 11:45:00,259582,259999,259525,259876,867
2026-05-07 11:50:00,259876,260349,259801,260162,1368
2026-05-07 11:55:00,260158,260496,260158,260450,790
2026-05-07 12:00:00,260430,261291,260408,261277,1797
2026-05-07 12:05:00,261261,261394,260916,261306,1699
2026-05-07 12:10:00,261351,261798,261234,261625,2265
2026-05-07 12:15:00,261594,261696,260860,260931,1540
2026-05-07 12:20:00,260931,261294,260931,261104,942
2026-05-07 12:25:00,261104,261390,261038,261358,926
2026-05-07 12:30:00,261265,261345,260350,260817,1287
2026-05-07 12:35:00,260955,261489,260714,261440,1287
2026-05-07 12:40:00,261433,261942,261401,261781,1882
2026-05-07 12:45:00,261824,261998,261507,261550,1433
2026-05-07 12:50:00,261659,261750,261344,261596,830
2026-05-07 12:55:00,261596,261780,261410,261633,533
2026-05-07 13:00:00,261562,261840,261439,261776,516
2026-05-07 13:05:00,261801,261804,261300,261326,512
2026-05-07 13:10:00,261327,261893,261327,261800,843
2026-05-07 13:15:00,261800,261893,261500,261551,583
2026-05-07 13:20:00,261600,262177,261516,261860,1496
2026-05-07 13:25:00,261934,262294,261832,262162,764
2026-05-07 13:30:00,262231,262580,262100,262496,1423
2026-05-07 13:35:00,262496,262572,262107,262162,877
2026-05-07 13:40:00,262162,262244,261885,261946,869
2026-05-07 13:45:00,261946,262103,261700,261799,883
2026-05-07 13:50:00,261750,261977,261725,261950,393
2026-05-07 13:55:00,261950,261968,261353,261610,1285
2026-05-07 14:00:00,261610,262079,261606,261662,711
2026-05-07 14:05:00,261662,261662,261399,261534,664
2026-05-07 14:10:00,261534,261545,261115,261289,561
2026-05-07 14:15:00,261252,261300,261000,261094,531
2026-05-07 14:20:00,261094,261632,260850,261350,868
2026-05-07 14:25:00,261390,261442,261194,261367,173
2026-05-07 14:30:00,261367,261393,260841,261078,629
2026-05-07 14:35:00,261137,261690,261099,261533,447
2026-05-07 14:40:00,261553,261840,261553,261720,540
2026-05-07 14:45:00,261700,261780,261600,261611,280
2026-05-07 14:50:00,261611,261700,261557,261564,378
2026-05-07 14:55:00,261564,261789,261500,261789,301
2026-05-07 15:00:00,261789,262244,261693,262193,1183
2026-05-07 15:05:00,262193,262735,262186,262636,2106
2026-05-07 15:10:00,262582,263000,262582,262800,1542
2026-05-07 15:15:00,262837,262995,262701,262889,1106
2026-05-07 15:20:00,262889,262950,262455,262500,1059
2026-05-07 15:25:00,262500,262600,262400,262410,857
2026-05-07 15:30:00,262402,262881,262277,262630,798
2026-05-07 15:35:00,262630,262870,262511,262870,522
2026-05-07 15:40:00,262870,263195,262711,263167,1623
2026-05-07 15:45:00,263170,263198,262713,262716,862
2026-05-07 15:50:00,262718,263021,262609,262949,693
2026-05-07 15:55:00,262916,263199,262751,262908,328
2026-05-07 16:00:00,262908,262949,262615,262700,398
2026-05-07 16:05:00,262741,263339,262653,263302,1014
2026-05-07 16:10:00,263262,263700,263163,263695,1503
2026-05-07 16:15:00,263695,263746,263278,263382,689
2026-05-07 16:20:00,263382,263459,263260,263390,402
2026-05-07 16:25:00,263384,263384,263039,263102,609
2026-05-07 16:30:00,263057,263396,263010,263324,389
2026-05-07 16:35:00,263324,263584,263201,263562,511
2026-05-07 16:40:00,263590,263600,263101,263174,401
2026-05-07 16:45:00,263174,263300,262923,263212,698
2026-05-07 16:50:00,263237,263650,263100,263559,621
2026-05-07 16:55:00,263586,264100,263508,263807,1775
2026-05-07 17:00:00,263807,264400,263807,264393,1364
2026-05-07 17:05:00,264393,264600,264320,264470,1756
2026-05-07 17:10:00,264447,264693,264408,264413,1092
2026-05-07 17:15:00,264411,264700,264200,264614,873
2026-05-07 17:20:00,264614,264650,264208,264372,725
2026-05-07 17:25:00,264411,264786,264337,264615,641
2026-05-07 17:30:00,264615,265196,264615,264915,2018
2026-05-07 17:35:00,264960,265200,264929,265080,999
2026-05-07 17:40:00,265119,265839,265080,265738,2355
2026-05-07 17:45:00,265718,266805,265701,266399,4177
2026-05-07 17:50:00,266272,266368,264866,265343,3672
2026-05-07 17:55:00,265343,266300,265254,266220,1842
2026-05-07 18:00:00,266222,266300,265641,265940,1281
2026-05-07 18:05:00,265900,265917,265264,265778,1011
2026-05-07 18:10:00,265844,266345,265771,266245,1027
2026-05-07 18:15:00,266300,266335,265958,266306,858
2026-05-07 18:20:00,266316,266333,265926,266019,565
2026-05-07 18:25:00,266019,266049,265615,265786,899
2026-05-07 18:30:00,265797,265797,264841,265083,2654
2026-05-07 18:35:00,265055,265496,265009,265210,960
2026-05-07 18:40:00,265190,265226,264259,264300,1683
2026-05-07 18:45:00,264306,265420,264259,265420,1663
2026-05-07 18:50:00,265425,265425,265140,265280,566
2026-05-07 18:55:00,265280,265280,264568,264773,874
2026-05-07 19:00:00,264680,265591,264432,265400,1279
2026-05-07 19:05:00,265444,265496,265060,265295,566
2026-05-07 19:10:00,265316,265578,265128,265405,790
2026-05-07 19:15:00,265413,265500,264501,264822,1149
2026-05-07 19:20:00,264822,265070,264727,264985,524
2026-05-07 19:25:00,265000,265500,265000,265222,646
2026-05-07 19:30:00,265300,265435,265021,265268,345
2026-05-07 19:35:00,265268,265390,265132,265220,419
2026-05-07 19:40:00,265220,266529,265220,266420,2846
2026-05-07 19:45:00,266448,266575,265660,266200,1862
2026-05-07 19:50:00,266159,266500,266106,266467,899
2026-05-07 19:55:00,266392,266520,266300,266391,1046
2026-05-07 20:00:00,266447,266750,266241,266647,1497
2026-05-07 20:05:00,266599,266599,266067,266374,925
2026-05-07 20:10:00,266374,266650,266262,266424,894
2026-05-07 20:15:00,266460,267085,266449,267000,2219
2026-05-07 20:20:00,266865,267450,266865,267450,1338
2026-05-07 20:25:00,267424,267724,267174,267301,2272
2026-05-07 20:30:00,267301,267350,266663,266698,1211
2026-05-07 20:35:00,266698,266885,266391,266402,872
2026-05-07 20:40:00,266452,266666,266201,266300,759
2026-05-07 20:45:00,266300,266550,266111,266510,699
2026-05-07 20:50:00,266510,266510,265746,265894,1120
2026-05-07 20:55:00,265839,265960,265011,265262,2829
2026-05-07 21:00:00,265324,266001,265262,265875,1363
2026-05-07 21:05:00,265875,265900,265400,265519,677
2026-05-07 21:10:00,265519,265571,265096,265096,852
2026-05-07 21:15:00,265098,265168,264700,264851,1544
2026-05-07 21:20:00,264843,264974,264050,264393,2211
2026-05-07 21:25:00,264357,264393,263600,263695,2166
2026-05-07 21:30:00,263707,263899,263109,263343,3237
2026-05-07 21:35:00,263304,263498,262262,262427,3262
2026-05-07 21:40:00,262480,262731,261861,262170,3072
2026-05-07 21:45:00,262170,262170,260780,261147,4631
2026-05-07 21:50:00,261195,263263,261111,263015,5443
2026-05-07 21:55:00,263015,263770,262610,262899,3276
2026-05-07 22:00:00,262932,263017,261952,262559,1931
2026-05-07 22:05:00,262584,262692,261666,261800,1259
2026-05-07 22:10:00,261722,262255,261700,262033,847
2026-05-07 22:15:00,262079,262500,261944,262282,986
2026-05-07 22:20:00,262286,262346,261841,262346,771
2026-05-07 22:25:00,262346,262569,262071,262199,664
2026-05-07 22:30:00,262247,262483,261900,262401,872
2026-05-07 22:35:00,262401,262725,262186,262531,949
2026-05-07 22:40:00,262531,262616,261652,261930,1237
2026-05-07 22:45:00,261930,261930,260577,260577,2207
2026-05-07 22:50:00,260617,261963,260549,261717,1966
2026-05-07 22:55:00,261748,262031,260000,260681,4303
2026-05-07 23:00:00,260694,261100,260344,260930,1652
2026-05-07 23:05:00,260716,261389,260663,261294,1051
2026-05-07 23:10:00,261301,261493,261150,261155,803
2026-05-07 23:15:00,261165,261398,261141,261238,734
2026-05-07 23:20:00,261239,261380,261100,261280,1056
2026-05-07 23:25:00,261415,262178,261355,261903,1803
2026-05-08 09:00:00,261839,264445,261839,264445,3804
2026-05-08 09:05:00,264439,264500,263541,263658,1987
2026-05-08 09:10:00,263686,263911,263400,263700,899
2026-05-08 09:15:00,263778,263837,263106,263231,896
2026-05-08 09:20:00,263270,263600,262805,263032,1271
2026-05-08 09:25:00,263032,263499,262978,263300,449
2026-05-08 09:30:00,263291,263587,263240,263404,434
2026-05-08 09:35:00,263372,263442,263104,263316,389
2026-05-08 09:40:00,263316,263350,262666,262670,778
2026-05-08 09:45:00,262670,262946,262350,262819,853
2026-05-08 09:50:00,262819,262985,262710,262892,290
2026-05-08 09:55:00,262892,262944,262713,262800,330
2026-05-08 10:00:00,262800,262975,262300,262347,497
2026-05-08 10:05:00,262175,262218,261460,261460,1559
2026-05-08 10:10:00,261419,261845,261100,261802,1270
2026-05-08 10:15:00,261849,262109,261443,262109,793
2026-05-08 10:20:00,262104,262490,261935,262490,665
2026-05-08 10:25:00,262494,262518,261811,261839,518
2026-05-08 10:30:00,261930,262274,261900,262104,343
2026-05-08 10:35:00,262108,262695,262047,262550,404
2026-05-08 10:40:00,262500,262700,262361,262599,285
2026-05-08 10:45:00,262550,263200,262295,263200,788
2026-05-08 10:50:00,263200,263385,263003,263100,832
2026-05-08 10:55:00,263100,263400,262874,263192,591
2026-05-08 11:00:00,263379,264297,263311,264153,2341
2026-05-08 11:05:00,264000,264167,263553,263680,1038
2026-05-08 11:10:00,263638,264250,263614,264130,723
2026-05-08 11:15:00,264170,264248,263900,264203,526
2026-05-08 11:20:00,264203,264250,263901,264032,497
2026-05-08 11:25:00,264060,264777,264060,264566,1892
2026-05-08 11:30:00,264688,265100,263750,264897,2167
2026-05-08 11:35:00,264910,265254,264717,265243,1189
2026-05-08 11:40:00,265236,265300,264600,264600,916
2026-05-08 11:45:00,264600,264770,264400,264747,846
2026-05-08 11:50:00,264747,264949,264650,264856,513
2026-05-08 11:55:00,264856,265300,264726,265240,707
2026-05-08 12:00:00,265245,265396,264864,264864,881
2026-05-08 12:05:00,264861,265071,264757,264874,476
2026-05-08 12:10:00,264900,265231,264851,264923,380
2026-05-08 12:15:00,264923,264923,264132,264306,1119
2026-05-08 12:20:00,264347,264675,264335,264642,373
2026-05-08 12:25:00,264642,264760,264340,264340,425
2026-05-08 12:30:00,264299,264382,264050,264300,512
2026-05-08 12:35:00,264300,264399,263887,263929,619
2026-05-08 12:40:00,263929,263981,263400,263424,937
2026-05-08 12:45:00,263460,263766,263005,263438,1047
2026-05-08 12:50:00,263438,263438,262600,262848,1287
2026-05-08 12:55:00,262742,263025,262064,262850,1773
2026-05-08 13:00:00,262800,263192,262237,263014,935
2026-05-08 13:05:00,263050,263389,262941,263217,537
2026-05-08 13:10:00,263275,263541,263128,263541,446
2026-05-08 13:15:00,263542,263997,263454,263500,762
2026-05-08 13:20:00,263529,263768,263226,263550,370
2026-05-08 13:25:00,263550,263550,263106,263466,256
2026-05-08 13:30:00,263466,263705,263434,263501,286
2026-05-08 13:35:00,263501,263600,263280,263600,248
2026-05-08 13:40:00,263600,263980,263485,263980,303
2026-05-08 13:45:00,263987,264200,263838,263900,596
2026-05-08 13:50:00,263900,264500,263900,264363,743
2026-05-08 13:55:00,264301,264493,263902,263957,555
2026-05-08 14:00:00,263970,264224,263970,264070,443
2026-05-08 14:05:00,264070,264250,263738,263811,256
2026-05-08 14:10:00,263811,263828,263421,263537,520
2026-05-08 14:15:00,263511,263900,263421,263830,311
2026-05-08 14:20:00,263806,263885,263464,263494,226
2026-05-08 14:25:00,263450,263700,263401,263580,169
2026-05-08 14:30:00,263580,263950,263306,263856,411
2026-05-08 14:35:00,263856,264094,263709,263850,374
2026-05-08 14:40:00,263850,263890,263688,263714,94
2026-05-08 14:45:00,263760,263950,263670,263900,202
2026-05-08 14:50:00,263900,264300,263851,264135,474
2026-05-08 14:55:00,264135,264600,264053,264267,667
2026-05-08 15:00:00,264267,264362,263697,263914,523
2026-05-08 15:05:00,263914,264099,263850,264099,322
2026-05-08 15:10:00,264051,264233,263880,264062,251
2026-05-08 15:15:00,264062,264067,263450,263525,489
2026-05-08 15:20:00,263525,263564,263132,263312,595
2026-05-08 15:25:00,263312,263773,263120,263700,409
2026-05-08 15:30:00,263722,264000,263629,263925,434
2026-05-08 15:35:00,263925,263990,263532,263559,385
2026-05-08 15:40:00,263559,263842,263500,263800,165
2026-05-08 15:45:00,263800,264088,263668,263964,352
2026-05-08 15:50:00,263964,264611,263961,264350,888
2026-05-08 15:55:00,264350,264600,264131,264205,451
2026-05-08 16:00:00,264168,264453,264131,264405,295
2026-05-08 16:05:00,264402,264600,264257,264600,715
2026-05-08 16:10:00,264521,265000,264521,264758,1150
2026-05-08 16:15:00,264706,264915,264437,264461,504
2026-05-08 16:20:00,264550,264600,264355,264428,351
2026-05-08 16:25:00,264428,264588,264000,264400,650
2026-05-08 16:30:00,264400,264770,264400,264672,435
2026-05-08 16:35:00,264714,264750,264400,264585,260
2026-05-08 16:40:00,264636,264650,264219,264378,284
2026-05-08 16:45:00,264378,264569,264276,264390,172
2026-05-08 16:50:00,264390,264480,264330,264398,142
2026-05-08 16:55:00,264398,264398,264260,264359,134
2026-05-08 17:00:00,264359,264717,264260,264583,540
2026-05-08 17:05:00,264583,264800,264583,264602,358
2026-05-08 17:10:00,264602,264610,264452,264543,233
2026-05-08 17:15:00,264543,264543,264100,264301,603
2026-05-08 17:20:00,264301,264598,264301,264413,278
2026-05-08 17:25:00,264520,264725,264446,264678,383
2026-05-08 17:30:00,264678,264933,264501,264534,988
2026-05-08 17:35:00,264509,264788,264400,264666,443
2026-05-08 17:40:00,264608,264679,264140,264223,577
2026-05-08 17:45:00,264219,264598,264173,264471,463
2026-05-08 17:50:00,264471,264750,264256,264413,372
2026-05-08 17:55:00,264413,264700,264200,264500,434
2026-05-08 18:00:00,264500,265785,264218,265783,2880
2026-05-08 18:05:00,265709,266300,265456,266168,3242
2026-05-08 18:10:00,266223,266550,265813,266179,2644
2026-05-08 18:15:00,266107,266262,265840,266157,1290
2026-05-08 18:20:00,266157,266500,265800,266415,1389
2026-05-08 18:25:00,266499,266580,265610,265809,1665
2026-05-08 18:30:00,265807,266222,265400,265840,1310
2026-05-08 18:35:00,265840,265900,265258,265365,1179
2026-05-08 18:40:00,265374,265550,264722,265050,1595
2026-05-08 18:45:00,264994,265519,264933,265500,648
2026-05-08 18:50:00,265500,265700,265338,265640,668
2026-05-08 18:55:00,265650,265939,265630,265706,766
2026-05-08 19:00:00,265706,266490,265600,266310,1710
2026-05-08 19:05:00,266310,266889,266111,266210,2543
2026-05-08 19:10:00,266211,266488,265850,266146,1176
2026-05-08 19:15:00,266211,266550,266004,266377,941
2026-05-08 19:20:00,266377,266680,266167,266391,798
2026-05-08 19:25:00,266391,266819,266289,266788,1099
2026-05-08 19:30:00,266801,266900,265982,266120,1363
2026-05-08 19:35:00,266120,266200,265271,265277,1837
2026-05-08 19:40:00,265395,265799,264800,265625,2043
2026-05-08 19:45:00,265647,265952,265314,265562,763
2026-05-08 19:50:00,265481,265634,265000,265230,879
2026-05-08 19:55:00,265230,265555,264800,264846,977
2026-05-08 20:00:00,264700,265148,264500,264952,1461
2026-05-08 20:05:00,264952,265551,264813,265540,836
2026-05-08 20:10:00,265481,265590,265326,265400,498
2026-05-08 20:15:00,265400,265406,264900,265090,487
2026-05-08 20:20:00,265090,265090,264645,264996,623
2026-05-08 20:25:00,265025,265071,264687,264779,402
2026-05-08 20:30:00,264768,264977,264496,264750,736
2026-05-08 20:35:00,264750,265233,264750,264900,475
2026-05-08 20:40:00,264900,265000,263703,263806,2188
2026-05-08 20:45:00,263809,264050,263222,263613,2166
2026-05-08 20:50:00,263692,264230,263632,264092,1045
2026-05-08 20:55:00,264092,264250,263724,264250,609
2026-05-08 21:00:00,264250,264431,263282,263670,1433
2026-05-08 21:05:00,263757,264150,263686,263960,522
2026-05-08 21:10:00,263960,264015,263300,263401,829
2026-05-08 21:15:00,263363,263618,263140,263351,1265
2026-05-08 21:20:00,263471,263604,263388,263549,386
2026-05-08 21:25:00,263509,263551,263100,263178,912
2026-05-08 21:30:00,263131,263500,263100,263161,502
2026-05-08 21:35:00,263177,263680,263175,263417,689
2026-05-08 21:40:00,263412,263771,263250,263722,668
2026-05-08 21:45:00,263740,264200,263702,264083,900
2026-05-08 21:50:00,264034,264204,263984,264099,386
2026-05-08 21:55:00,264099,264447,264089,264399,773
2026-05-08 22:00:00,264351,264466,264150,264179,637
2026-05-08 22:05:00,264150,264200,263863,264003,446
2026-05-08 22:10:00,264003,264049,263722,263794,350
2026-05-08 22:15:00,263794,263982,263544,263666,541
2026-05-08 22:20:00,263631,263917,263579,263785,304
2026-05-08 22:25:00,263785,263785,263500,263600,348
2026-05-08 22:30:00,263597,263860,263503,263759,335
2026-05-08 22:35:00,263759,263977,263700,263734,420
2026-05-08 22:40:00,263734,263900,263650,263670,341
2026-05-08 22:45:00,263670,264175,263670,264024,367
2026-05-08 22:50:00,264024,264200,263914,264096,447
2026-05-08 22:55:00,264096,264270,264026,264173,431
2026-05-08 23:00:00,264173,264304,264065,264304,404
2026-05-08 23:05:00,264340,264420,264271,264392,499
2026-05-08 23:10:00,264392,264400,264300,264355,381
2026-05-08 23:15:00,264350,264400,264106,264106,628
2026-05-08 23:20:00,264150,264250,264101,264200,603
2026-05-08 23:25:00,264200,264500,264170,264350,1132
2026-05-11 09:00:00,264500,266821,264500,265422,4603
2026-05-11 09:05:00,265423,265703,264500,264848,2446
2026-05-11 09:10:00,264948,265350,264919,265250,967
2026-05-11 09:15:00,265250,265415,264900,264923,882
2026-05-11 09:20:00,264924,265097,264700,264710,705
2026-05-11 09:25:00,264742,264893,264650,264753,528
2026-05-11 09:30:00,264766,265014,264697,264982,676
2026-05-11 09:35:00,264982,265082,264728,264764,429
2026-05-11 09:40:00,264712,264791,264510,264510,697
2026-05-11 09:45:00,264568,264845,264211,264268,973
2026-05-11 09:50:00,264268,264559,264000,264514,1164
2026-05-11 09:55:00,264514,264777,264400,264484,542
2026-05-11 10:00:00,264484,264580,263900,264483,870
2026-05-11 10:05:00,264492,264700,264126,264393,434
2026-05-11 10:10:00,264393,264842,264350,264704,372
2026-05-11 10:15:00,264713,265049,264651,265002,476
2026-05-11 10:20:00,265002,265250,264810,264905,460
2026-05-11 10:25:00,264950,265000,264613,264655,235
2026-05-11 10:30:00,264661,265200,264656,265119,256
2026-05-11 10:35:00,265119,265198,264517,264758,486
2026-05-11 10:40:00,264758,264758,264255,264512,532
2026-05-11 10:45:00,264600,264722,264382,264554,194
2026-05-11 10:50:00,264554,264554,264250,264475,301
2026-05-11 10:55:00,264475,264532,263814,263827,814
2026-05-11 11:00:00,264108,265033,263966,265033,1265
2026-05-11 11:05:00,265033,265180,264550,264653,577
2026-05-11 11:10:00,264653,264750,263860,263985,938
2026-05-11 11:15:00,263984,264393,263605,264055,1417
2026-05-11 11:20:00,264051,264197,263550,263590,962
2026-05-11 11:25:00,263550,263881,263250,263605,986
2026-05-11 11:30:00,263608,264075,263375,263928,626
2026-05-11 11:35:00,264000,264200,263880,264082,506
2026-05-11 11:40:00,264088,264300,263981,264243,302
2026-05-11 11:45:00,264197,264528,264080,264450,421
2026-05-11 11:50:00,264450,264597,264120,264450,323
2026-05-11 11:55:00,264450,264586,264228,264490,451
2026-05-11 12:00:00,264490,264850,264490,264683,627
2026-05-11 12:05:00,264683,264900,264666,264760,501
2026-05-11 12:10:00,264760,265000,264555,264900,571
2026-05-11 12:15:00,264900,265204,264868,265051,556
2026-05-11 12:20:00,265051,265400,264866,265377,928
2026-05-11 12:25:00,265306,265381,265151,265178,430
2026-05-11 12:30:00,265255,265328,264800,264999,467
2026-05-11 12:35:00,264999,264999,264702,264765,291
2026-05-11 12:40:00,264765,264933,264614,264662,198
2026-05-11 12:45:00,264658,264800,264578,264778,165
2026-05-11 12:50:00,264778,265200,264735,265121,318
2026-05-11 12:55:00,265121,265259,265013,265017,206
2026-05-11 13:00:00,265017,265100,264711,264806,147
2026-05-11 13:05:00,264806,264937,264700,264892,185
2026-05-11 13:10:00,264892,265050,264711,264711,237
2026-05-11 13:15:00,264700,264711,264382,264508,606
2026-05-11 13:20:00,264508,264854,264479,264750,250
2026-05-11 13:25:00,264750,264761,264471,264604,281
2026-05-11 13:30:00,264650,264800,264535,264800,373
2026-05-11 13:35:00,264896,265100,264650,264650,532
2026-05-11 13:40:00,264650,265200,264650,265155,525
2026-05-11 13:45:00,265155,265395,265155,265382,600
2026-05-11 13:50:00,265382,265398,265101,265128,487
2026-05-11 13:55:00,265190,265259,264898,264936,328
2026-05-11 14:00:00,264893,265179,264811,265110,231
2026-05-11 14:05:00,265110,265149,264850,264850,162
2026-05-11 14:10:00,264850,264913,264810,264811,175
2026-05-11 14:15:00,264804,264867,264725,264789,324
2026-05-11 14:20:00,264849,264849,264603,264710,209
2026-05-11 14:25:00,264710,264800,264690,264725,91
2026-05-11 14:30:00,264670,264781,264460,264737,434
2026-05-11 14:35:00,264699,264738,264606,264725,127
2026-05-11 14:40:00,264725,264866,264669,264784,112
2026-05-11 14:45:00,264784,264900,264784,264802,135
2026-05-11 14:50:00,264802,264846,264560,264604,196
2026-05-11 14:55:00,264510,264591,264410,264450,294
2026-05-11 15:00:00,264450,264543,264200,264281,606
2026-05-11 15:05:00,264281,264687,264281,264587,281
2026-05-11 15:10:00,264587,264760,264510,264714,192
2026-05-11 15:15:00,264714,264905,264693,264744,243
2026-05-11 15:20:00,264744,264788,264506,264647,179
2026-05-11 15:25:00,264647,264691,264393,264408,346
2026-05-11 15:30:00,264366,264533,264312,264402,277
2026-05-11 15:35:00,264340,264580,264340,264521,225
2026-05-11 15:40:00,264521,264682,264473,264600,154
2026-05-11 15:45:00,264609,264880,264531,264781,294
2026-05-11 15:50:00,264781,264865,264674,264810,123
2026-05-11 15:55:00,264829,264994,264812,264947,313
2026-05-11 16:00:00,264927,265232,264927,265129,620
2026-05-11 16:05:00,265129,265150,264819,264907,450
2026-05-11 16:10:00,264916,265200,264855,265200,364
2026-05-11 16:15:00,265163,265370,264988,265355,772
2026-05-11 16:20:00,265300,265650,265050,265510,1343
2026-05-11 16:25:00,265510,265556,265200,265208,481
2026-05-11 16:30:00,265280,265400,265057,265333,359
2026-05-11 16:35:00,265333,265446,265150,265253,288
2026-05-11 16:40:00,265253,265338,265060,265250,196
2026-05-11 16:45:00,265250,265399,265150,265380,164
2026-05-11 16:50:00,265380,265451,265300,265328,255
2026-05-11 16:55:00,265328,265560,265250,265560,289
2026-05-11 17:00:00,265560,266100,265550,265959,1846
2026-05-11 17:05:00,265972,266749,265884,266704,3016
2026-05-11 17:10:00,266750,267630,266707,267250,3863
2026-05-11 17:15:00,267177,267259,266700,266843,1486
2026-05-11 17:20:00,266844,266961,266217,266961,1603
2026-05-11 17:25:00,266982,267550,266900,267549,1860
2026-05-11 17:30:00,267577,268110,267398,267439,3600
2026-05-11 17:35:00,267453,267550,267166,267433,1100
2026-05-11 17:40:00,267357,267488,267100,267280,781
2026-05-11 17:45:00,267300,268144,267231,267920,1673
2026-05-11 17:50:00,267959,271600,267937,271505,8618
2026-05-11 17:55:00,271461,271996,269836,271810,6579
2026-05-11 18:00:00,271655,272999,271641,272560,6139
2026-05-11 18:05:00,272540,273310,272080,272188,4150
2026-05-11 18:10:00,272234,272271,271356,271891,3356
2026-05-11 18:15:00,271896,272700,271806,272231,2495
2026-05-11 18:20:00,272259,273350,272070,273348,2767
2026-05-11 18:25:00,273347,274580,272959,274065,5974
2026-05-11 18:30:00,274100,275475,273869,275368,4831
2026-05-11 18:35:00,275406,277795,275300,277668,5262
2026-05-11 18:40:00,277709,278221,276250,277766,6641
2026-05-11 18:45:00,277757,278148,276737,277764,3534
2026-05-11 18:50:00,277757,278000,276520,277035,3605
2026-05-11 18:55:00,276961,278060,276923,277578,3387
2026-05-11 19:00:00,277514,278085,277201,277670,2659
2026-05-11 19:05:00,277778,278491,277501,278218,2767
2026-05-11 19:10:00,278267,279694,278267,279372,4142
2026-05-11 19:15:00,279369,279376,278250,278633,2823
2026-05-11 19:20:00,278633,278850,278121,278481,1824
2026-05-11 19:25:00,278450,279215,278269,278500,1963
2026-05-11 19:30:00,278521,278585,276389,276598,4625
2026-05-11 19:35:00,276601,277200,275250,276911,5416
2026-05-11 19:40:00,276861,277900,276295,277800,2847
2026-05-11 19:45:00,277736,277912,277036,277481,1444
2026-05-11 19:50:00,277481,277777,277050,277370,938
2026-05-11 19:55:00,277377,277410,276250,276333,1647
2026-05-11 20:00:00,276300,276995,275419,276074,2697
2026-05-11 20:05:00,276221,276980,275997,276747,1675
2026-05-11 20:10:00,276747,277750,276675,277443,1635
2026-05-11 20:15:00,277455,277571,276800,277136,730
2026-05-11 20:20:00,277136,277600,276921,277424,666
2026-05-11 20:25:00,277487,277579,276850,277260,588
2026-05-11 20:30:00,277253,277789,277000,277678,944
2026-05-11 20:35:00,277668,278600,277583,278548,1997
2026-05-11 20:40:00,278519,278673,278052,278256,1564
2026-05-11 20:45:00,278199,279283,278000,279082,2584
2026-05-11 20:50:00,279000,279970,278939,279919,2143
2026-05-11 20:55:00,279949,280000,279100,279215,2225
2026-05-11 21:00:00,279196,279667,279000,279050,1430
2026-05-11 21:05:00,279036,279669,278746,279669,1678
2026-05-11 21:10:00,279669,280140,279268,279459,3104
2026-05-11 21:15:00,279487,279566,279031,279386,1306
2026-05-11 21:20:00,279386,279660,279167,279615,758
2026-05-11 21:25:00,279615,280149,279539,280149,1679
2026-05-11 21:30:00,280149,280149,279861,280107,2315
2026-05-11 21:35:00,280099,280149,279700,279700,2124
2026-05-11 21:40:00,279691,279739,279300,279400,1365
2026-05-11 21:45:00,279400,279480,278740,279158,1777
2026-05-11 21:50:00,279170,279188,278416,279127,1184
2026-05-11 21:55:00,279117,279350,278850,279109,721
2026-05-11 22:00:00,279109,279390,278873,278990,819
2026-05-11 22:05:00,278990,279000,278600,278865,888
2026-05-11 22:10:00,278865,279130,277400,277518,2552
2026-05-11 22:15:00,277400,278285,277174,278120,1391
2026-05-11 22:20:00,278141,278375,277851,278135,738
2026-05-11 22:25:00,278282,278419,277805,278296,683
2026-05-11 22:30:00,278296,278663,278255,278450,839
2026-05-11 22:35:00,278400,278764,278322,278465,532
2026-05-11 22:40:00,278453,278777,278171,278302,729
2026-05-11 22:45:00,278311,278381,278053,278100,700
2026-05-11 22:50:00,278145,278688,278063,278650,643
2026-05-11 22:55:00,278700,279100,278700,278831,1022
2026-05-11 23:00:00,278900,279481,278831,279409,979
2026-05-11 23:05:00,279450,279748,279350,279729,838
2026-05-11 23:10:00,279682,279967,279680,279827,739
2026-05-11 23:15:00,279878,279900,279777,279777,998
2026-05-11 23:20:00,279800,279890,279700,279870,888
2026-05-11 23:25:00,279835,279979,279800,279979,1310
2026-05-12 09:00:00,280800,283000,280366,282951,6177
2026-05-12 09:05:00,282951,284345,282854,283816,5561
2026-05-12 09:10:00,283867,284277,283500,283525,2823
2026-05-12 09:15:00,283521,283590,282022,282625,3742
2026-05-12 09:20:00,282625,283625,282411,283076,2411
2026-05-12 09:25:00,283002,283200,282402,282825,1520
2026-05-12 09:30:00,282825,283319,282591,283000,1283
2026-05-12 09:35:00,282955,283422,282850,283290,957
2026-05-12 09:40:00,283340,283600,283290,283545,988
2026-05-12 09:45:00,283545,284480,283545,283774,2390
2026-05-12 09:50:00,283847,284200,283700,283815,1213
2026-05-12 09:55:00,283815,283936,283101,283266,1681
2026-05-12 10:00:00,283266,283520,283137,283150,822
2026-05-12 10:05:00,283150,283541,283059,283327,691
2026-05-12 10:10:00,283328,283328,282845,283278,704
2026-05-12 10:15:00,283222,283285,282732,282765,680
2026-05-12 10:20:00,282763,282973,282500,282616,771
2026-05-12 10:25:00,282616,283096,282468,282550,926
2026-05-12 10:30:00,282550,282988,282222,282988,869
2026-05-12 10:35:00,282988,283168,282400,282549,803
2026-05-12 10:40:00,282549,282549,281500,281971,2448
2026-05-12 10:45:00,281917,282114,281525,281601,1121
2026-05-12 10:50:00,281647,282153,281601,281875,855
2026-05-12 10:55:00,281868,282050,281740,282000,599
2026-05-12 11:00:00,281900,282850,281715,281996,1629
2026-05-12 11:05:00,282036,282370,281753,282147,681
2026-05-12 11:10:00,282147,282205,281722,281916,683
2026-05-12 11:15:00,281880,282162,281632,281745,814
2026-05-12 11:20:00,281764,281842,280760,280922,1999
2026-05-12 11:25:00,280977,281601,280600,281150,1429
2026-05-12 11:30:00,281174,281174,280001,280146,2212
2026-05-12 11:35:00,280135,280638,279519,279614,2607
2026-05-12 11:40:00,279521,279679,278800,279070,3025
2026-05-12 11:45:00,279111,280098,278787,279907,1848
2026-05-12 11:50:00,279892,280427,279175,279250,1810
2026-05-12 11:55:00,279307,279492,278325,278606,2015
2026-05-12 12:00:00,278611,279027,278300,278644,1595
2026-05-12 12:05:00,278598,279449,278250,278567,1723
2026-05-12 12:10:00,278550,278622,277750,278216,1921
2026-05-12 12:15:00,278157,278666,277117,277201,2364
2026-05-12 12:20:00,277231,277512,275829,276600,4121
2026-05-12 12:25:00,276600,277400,275819,277142,2516
2026-05-12 12:30:00,277154,277423,275500,275878,2900
2026-05-12 12:35:00,275895,277111,275563,277111,2085
2026-05-12 12:40:00,277111,278197,276907,277829,2333
2026-05-12 12:45:00,277829,279202,277376,279111,2912
2026-05-12 12:50:00,279099,279099,278191,278191,1320
2026-05-12 12:55:00,278191,278599,277990,278370,716
2026-05-12 13:00:00,278370,278440,277780,278423,671
2026-05-12 13:05:00,278340,279108,278216,278620,1210
2026-05-12 13:10:00,278620,279367,278491,279053,896
2026-05-12 13:15:00,279053,279143,278647,279000,499
2026-05-12 13:20:00,279000,279950,278700,279797,1913
2026-05-12 13:25:00,279796,280577,279662,279760,2027
2026-05-12 13:30:00,280099,280600,279950,280112,1394
2026-05-12 13:35:00,280112,280234,278599,278765,1799
2026-05-12 13:40:00,278767,278897,277752,278280,1699
2026-05-12 13:45:00,278189,278400,277729,277974,768
2026-05-12 13:50:00,277998,278999,277998,278552,602
2026-05-12 13:55:00,278552,278750,278505,278506,264
2026-05-12 14:00:00,278546,278546,277730,277730,756
2026-05-12 14:05:00,277657,277980,277351,277980,751
2026-05-12 14:10:00,277980,278560,277936,278498,451
2026-05-12 14:15:00,278498,278945,278140,278473,539
2026-05-12 14:20:00,278531,278531,278210,278251,212
2026-05-12 14:25:00,278300,278792,278215,278630,231
2026-05-12 14:30:00,278600,278680,278201,278485,211
2026-05-12 14:35:00,278485,278485,278010,278138,436
2026-05-12 14:40:00,278138,278514,277879,277879,386
2026-05-12 14:45:00,277879,278282,277751,278052,345
2026-05-12 14:50:00,278052,278052,277531,277868,493
2026-05-12 14:55:00,277835,277892,277216,277421,806
2026-05-12 15:00:00,277421,278430,277421,278146,733
2026-05-12 15:05:00,278146,278308,277802,278120,466
2026-05-12 15:10:00,278120,278311,277729,277787,324
2026-05-12 15:15:00,277804,278190,277723,278190,355
2026-05-12 15:20:00,278190,278250,277365,277584,582
2026-05-12 15:25:00,277584,277793,277373,277682,508
2026-05-12 15:30:00,277682,278400,277674,278394,500
2026-05-12 15:35:00,278394,278919,278220,278919,1048
2026-05-12 15:40:00,278926,279197,278846,278942,900
2026-05-12 15:45:00,279010,279089,278186,278539,583
2026-05-12 15:50:00,278495,278539,278233,278251,341
2026-05-12 15:55:00,278251,278590,278017,278096,576
2026-05-12 16:00:00,278052,278053,276400,276906,2768
2026-05-12 16:05:00,276813,277190,276250,276250,904
2026-05-12 16:10:00,276342,277187,276201,276539,1017
2026-05-12 16:15:00,276539,276651,276161,276441,865
2026-05-12 16:20:00,276441,277087,276369,276933,637
2026-05-12 16:25:00,276904,276950,276400,276900,513
2026-05-12 16:30:00,277000,277137,276042,276195,1274
2026-05-12 16:35:00,276195,276559,275271,276497,2578
2026-05-12 16:40:00,276582,277300,275900,276300,1265
2026-05-12 16:45:00,276300,276772,276300,276772,651
2026-05-12 16:50:00,276772,276772,275922,276000,554
2026-05-12 16:55:00,276000,276700,275973,276698,627
2026-05-12 17:00:00,276698,277000,276550,276662,634
2026-05-12 17:05:00,276662,277000,276533,276898,473
2026-05-12 17:10:00,276934,277900,276911,277759,1413
2026-05-12 17:15:00,277759,277900,277350,277447,677
2026-05-12 17:20:00,277447,277999,277221,277999,679
2026-05-12 17:25:00,277948,278427,277873,278198,1360
2026-05-12 17:30:00,278148,278200,277100,277111,826
2026-05-12 17:35:00,277111,277310,276460,276646,1163
2026-05-12 17:40:00,276646,277250,276599,277220,508
2026-05-12 17:45:00,277220,277903,277037,277644,842
2026-05-12 17:50:00,277501,278150,276801,276801,790
2026-05-12 17:55:00,276778,277445,276637,277445,535
2026-05-12 18:00:00,277445,277721,275947,276430,1729
2026-05-12 18:05:00,276416,277599,276220,277520,1102
2026-05-12 18:10:00,277520,278957,277371,278410,2340
2026-05-12 18:15:00,278448,279793,278439,279595,3183
2026-05-12 18:20:00,279657,280340,279283,280340,2701
2026-05-12 18:25:00,280357,280499,278673,279057,2481
2026-05-12 18:30:00,278897,280484,278897,279363,2912
2026-05-12 18:35:00,279428,279600,278845,279300,1290
2026-05-12 18:40:00,279329,279369,278501,278830,1204
2026-05-12 18:45:00,278784,278784,277650,277910,2342
2026-05-12 18:50:00,277876,279199,277876,278800,1327
2026-05-12 18:55:00,278834,279495,278593,279332,852
2026-05-12 19:00:00,279216,279867,278973,279541,1299
2026-05-12 19:05:00,279564,281268,279154,281133,3467
2026-05-12 19:10:00,281149,281673,280363,281200,3030
2026-05-12 19:15:00,281235,281878,280558,280983,2415
2026-05-12 19:20:00,280910,281055,280410,280842,1010
2026-05-12 19:25:00,280842,280850,279225,279568,2042
2026-05-12 19:30:00,279601,280887,279072,280689,2147
2026-05-12 19:35:00,280744,281000,280462,280857,1050
2026-05-12 19:40:00,280995,281614,280653,281375,1457
2026-05-12 19:45:00,281386,281399,280643,281142,1187
2026-05-12 19:50:00,281061,281460,280836,281123,894
2026-05-12 19:55:00,281117,281270,280633,280784,754
2026-05-12 20:00:00,280705,280792,279708,280753,1930
2026-05-12 20:05:00,280734,281011,280300,280940,739
2026-05-12 20:10:00,280902,280996,280681,280920,567
2026-05-12 20:15:00,280900,280900,279840,280039,848
2026-05-12 20:20:00,280023,280304,279376,280304,1083
2026-05-12 20:25:00,280300,280333,279050,279312,1248
2026-05-12 20:30:00,279470,279644,278767,279387,1274
2026-05-12 20:35:00,279300,279700,279070,279589,720
2026-05-12 20:40:00,279508,279565,278565,278641,916
2026-05-12 20:45:00,278617,278688,277537,278083,2171
2026-05-12 20:50:00,278104,278104,275985,276529,4077
2026-05-12 20:55:00,276486,277540,276219,277500,2012
2026-05-12 21:00:00,277497,278552,277244,278499,1722
2026-05-12 21:05:00,278480,278565,278020,278440,735
2026-05-12 21:10:00,278441,278572,277900,278399,716
2026-05-12 21:15:00,278399,278856,278350,278569,705
2026-05-12 21:20:00,278591,278918,278157,278918,478
2026-05-12 21:25:00,278890,278896,278425,278449,328
2026-05-12 21:30:00,278480,279352,278149,279307,1099
2026-05-12 21:35:00,279307,279599,279020,279122,762
2026-05-12 21:40:00,279149,279688,279012,279458,539
2026-05-12 21:45:00,279476,279590,279000,279056,470
2026-05-12 21:50:00,279102,279124,278649,278700,655
2026-05-12 21:55:00,278800,279055,278564,278876,383
2026-05-12 22:00:00,278876,278950,278473,278707,520
2026-05-12 22:05:00,278750,279082,278675,278767,339
2026-05-12 22:10:00,278767,278930,278506,278649,355
2026-05-12 22:15:00,278649,278722,278200,278477,592
2026-05-12 22:20:00,278525,278889,278359,278800,343
2026-05-12 22:25:00,278800,279650,278800,279506,935
2026-05-12 22:30:00,279541,280310,279510,279801,1541
2026-05-12 22:35:00,279801,280500,279801,280200,1055
2026-05-12 22:40:00,280200,280250,279850,280146,695
2026-05-12 22:45:00,280146,280500,280146,280366,780
2026-05-12 22:50:00,280366,280766,280009,280207,869
2026-05-12 22:55:00,280207,280455,280150,280254,411
2026-05-12 23:00:00,280260,280260,280001,280142,514
2026-05-12 23:05:00,280142,280669,280052,280669,666
2026-05-12 23:10:00,280669,280956,280579,280888,1039
2026-05-12 23:15:00,280944,280966,280500,280570,1094
2026-05-12 23:20:00,280500,280570,280301,280500,899
2026-05-12 23:25:00,280455,280736,280455,280601,1138
2026-05-13 09:00:00,282850,297393,282850,297393,5592
2026-05-13 09:05:00,297393,297393,297213,297393,3204
2026-05-13 09:10:00,297393,297393,297393,297393,554
2026-05-13 09:15:00,297393,302895,297393,298649,10455
2026-05-13 09:20:00,298744,300696,298398,298855,5854
2026-05-13 09:25:00,298807,298890,296755,297763,4353
2026-05-13 09:30:00,297849,298401,297313,297455,2118
2026-05-13 09:35:00,297551,298649,297027,298215,2249
2026-05-13 09:40:00,298316,299421,298216,298879,1699
2026-05-13 09:45:00,298857,299000,298000,298350,1805
2026-05-13 09:50:00,298377,298800,298165,298385,863
2026-05-13 09:55:00,298278,298500,298019,298019,972
2026-05-13 10:00:00,298019,298682,298001,298203,1098
2026-05-13 10:05:00,298203,298268,297500,297801,1020
2026-05-13 10:10:00,297615,297887,297352,297490,856
2026-05-13 10:15:00,297629,298400,297453,298312,759
2026-05-13 10:20:00,298312,298440,297829,298052,744
2026-05-13 10:25:00,298056,298151,297657,297839,369
2026-05-13 10:30:00,297793,298400,297616,298395,699
2026-05-13 10:35:00,298400,298704,298202,298301,973
2026-05-13 10:40:00,298301,298581,298130,298226,380
2026-05-13 10:45:00,298226,298233,297401,297430,1052
2026-05-13 10:50:00,297497,297863,297162,297216,684
2026-05-13 10:55:00,297267,297297,296200,296262,1880
2026-05-13 11:00:00,296149,296345,295217,296171,2550
2026-05-13 11:05:00,296171,296840,296144,296726,904
2026-05-13 11:10:00,296726,296775,296061,296073,693
2026-05-13 11:15:00,296199,296464,296003,296083,635
2026-05-13 11:20:00,296083,296482,295883,296373,510
2026-05-13 11:25:00,296373,297164,296373,297053,960
2026-05-13 11:30:00,297053,297777,296900,297756,884
2026-05-13 11:35:00,297720,297999,297485,297885,870
2026-05-13 11:40:00,297871,298200,297651,298100,616
2026-05-13 11:45:00,298108,298798,298108,298300,1142
2026-05-13 11:50:00,298227,298351,297560,298047,631
2026-05-13 11:55:00,297958,298159,297630,297667,256
2026-05-13 12:00:00,297630,298379,297590,298212,415
2026-05-13 12:05:00,298212,298470,298122,298339,343
2026-05-13 12:10:00,298332,298665,298204,298420,465
2026-05-13 12:15:00,298551,298645,298194,298437,280
2026-05-13 12:20:00,298437,298437,297858,297916,472
2026-05-13 12:25:00,297916,298200,297800,298152,308
2026-05-13 12:30:00,298070,298446,298051,298177,348
2026-05-13 12:35:00,298190,298276,297950,298007,276
2026-05-13 12:40:00,298015,298126,297714,298062,488
2026-05-13 12:45:00,297960,298500,297900,298497,539
2026-05-13 12:50:00,298497,298680,298212,298392,435
2026-05-13 12:55:00,298392,298582,298224,298412,278
2026-05-13 13:00:00,298414,298478,298173,298358,169
2026-05-13 13:05:00,298358,298437,298055,298055,205
2026-05-13 13:10:00,298055,298188,297800,298007,537
2026-05-13 13:15:00,298007,298182,297500,297553,525
2026-05-13 13:20:00,297600,297663,297141,297361,584
2026-05-13 13:25:00,297400,297980,297263,297899,367
2026-05-13 13:30:00,297891,297980,297505,297510,275
2026-05-13 13:35:00,297535,297872,297510,297766,242
2026-05-13 13:40:00,297774,297871,297587,297675,121
2026-05-13 13:45:00,297675,297675,297313,297351,262
2026-05-13 13:50:00,297351,297607,297301,297301,211
2026-05-13 13:55:00,297301,297348,296816,297154,831
2026-05-13 14:00:00,297154,297607,297135,297607,342
2026-05-13 14:05:00,297604,297666,297350,297446,196
2026-05-13 14:10:00,297446,297700,297154,297166,286
2026-05-13 14:15:00,297196,297313,297000,297065,238
2026-05-13 14:20:00,297065,297500,296900,297493,266
2026-05-13 14:25:00,297493,297665,297366,297544,220
2026-05-13 14:30:00,297544,297600,297412,297500,122
2026-05-13 14:35:00,297500,297547,297270,297332,170
2026-05-13 14:40:00,297332,297332,296833,296856,367
2026-05-13 14:45:00,296821,297017,296821,296900,351
2026-05-13 14:50:00,296900,297101,296611,296750,429
2026-05-13 14:55:00,296709,297399,296709,297208,446
2026-05-13 15:00:00,297115,297497,296923,297350,399
2026-05-13 15:05:00,297350,297754,297350,297516,473
2026-05-13 15:10:00,297598,297599,297408,297449,266
2026-05-13 15:15:00,297411,297500,297312,297433,214
2026-05-13 15:20:00,297408,298049,297408,297984,922
2026-05-13 15:25:00,298000,298099,297868,297998,598
2026-05-13 15:30:00,297998,298700,297961,298661,1282
2026-05-13 15:35:00,298643,299750,298599,299681,2221
2026-05-13 15:40:00,299696,299696,298750,298760,1672
2026-05-13 15:45:00,298777,298777,298103,298436,941
2026-05-13 15:50:00,298436,299449,298436,299192,1199
2026-05-13 15:55:00,299199,299250,298654,298750,554
2026-05-13 16:00:00,298750,299000,298506,298552,462
2026-05-13 16:05:00,298552,298721,298411,298500,334
2026-05-13 16:10:00,298501,298900,298453,298585,338
2026-05-13 16:15:00,298585,298800,298454,298750,264
2026-05-13 16:20:00,298750,298885,298468,298586,266
2026-05-13 16:25:00,298586,298600,298250,298400,469
2026-05-13 16:30:00,298400,298700,298268,298480,340
2026-05-13 16:35:00,298480,298680,298300,298620,348
2026-05-13 16:40:00,298620,299223,298589,299223,812
2026-05-13 16:45:00,299290,299290,298802,299052,810
2026-05-13 16:50:00,299091,299239,298900,299138,428
2026-05-13 16:55:00,299138,299169,298555,298904,419
2026-05-13 17:00:00,298920,299707,298784,299575,1315
2026-05-13 17:05:00,299571,299819,299312,299352,1051
2026-05-13 17:10:00,299428,299756,299135,299600,629
2026-05-13 17:15:00,299600,300300,299600,299604,1943
2026-05-13 17:20:00,299566,300058,299524,299775,715
2026-05-13 17:25:00,299775,299800,299414,299489,430
2026-05-13 17:30:00,299489,299630,299192,299630,464
2026-05-13 17:35:00,299630,299700,299400,299532,255
2026-05-13 17:40:00,299532,299698,299400,299425,227
2026-05-13 17:45:00,299435,299444,298500,298527,1166
2026-05-13 17:50:00,298450,298938,297873,298528,1812
2026-05-13 17:55:00,298528,299037,298528,298916,548
2026-05-13 18:00:00,298572,298603,297550,298084,1715
2026-05-13 18:05:00,298084,298485,297050,297504,1590
2026-05-13 18:10:00,297504,298293,297400,297981,914
2026-05-13 18:15:00,297981,297981,297217,297677,664
2026-05-13 18:20:00,297577,297952,297473,297894,462
2026-05-13 18:25:00,297883,298399,297470,298142,636
2026-05-13 18:30:00,298142,298840,298127,298576,1054
2026-05-13 18:35:00,298532,298730,298300,298498,481
2026-05-13 18:40:00,298498,298990,298366,298878,585
2026-05-13 18:45:00,298888,299200,298757,299075,757
2026-05-13 18:50:00,299075,299539,298943,299500,790
2026-05-13 18:55:00,299550,299600,298626,298724,746
2026-05-13 19:00:00,298667,299466,298594,298869,603
2026-05-13 19:05:00,298837,298942,298236,298525,1002
2026-05-13 19:10:00,298525,299531,298525,299000,1070
2026-05-13 19:15:00,298996,299226,298111,298541,882
2026-05-13 19:20:00,298508,299355,298200,299346,592
2026-05-13 19:25:00,299398,299415,299017,299100,517
2026-05-13 19:30:00,299018,299499,298518,299289,745
2026-05-13 19:35:00,299289,299800,299118,299589,1131
2026-05-13 19:40:00,299583,300390,299579,300300,1987
2026-05-13 19:45:00,300277,300368,299500,299580,1308
2026-05-13 19:50:00,299580,300368,299580,300279,889
2026-05-13 19:55:00,300358,300972,300257,300945,1800
2026-05-13 20:00:00,300955,302200,300763,302200,3383
2026-05-13 20:05:00,302129,302509,301543,301692,2864
2026-05-13 20:10:00,301737,302500,301707,301962,1480
2026-05-13 20:15:00,302067,302616,301600,302124,1642
2026-05-13 20:20:00,302150,302381,301948,301956,838
2026-05-13 20:25:00,302030,302081,301166,301201,1128
2026-05-13 20:30:00,301125,301998,301125,301868,841
2026-05-13 20:35:00,301880,303288,301567,303003,2387
2026-05-13 20:40:00,303073,303500,303000,303105,2163
2026-05-13 20:45:00,303118,303949,303104,303851,2014
2026-05-13 20:50:00,303852,303900,303314,303389,1221
2026-05-13 20:55:00,303404,303699,303221,303578,1012
2026-05-13 21:00:00,303578,303666,303083,303655,1010
2026-05-13 21:05:00,303666,304400,303653,304202,2304
2026-05-13 21:10:00,304201,304597,303883,304227,1323
2026-05-13 21:15:00,304259,304259,303914,304247,856
2026-05-13 21:20:00,304222,304249,303550,303708,1048
2026-05-13 21:25:00,303708,304356,303610,304350,1052
2026-05-13 21:30:00,304352,304995,304204,304914,1913
2026-05-13 21:35:00,304866,305436,304632,305169,2130
2026-05-13 21:40:00,305222,305800,305020,305749,2298
2026-05-13 21:45:00,305788,305810,304355,304574,3460
2026-05-13 21:50:00,304501,305810,304300,305219,2550
2026-05-13 21:55:00,305335,305810,305241,305800,2262
2026-05-13 22:00:00,305810,306831,305526,305908,2922
2026-05-13 22:05:00,305942,306340,305601,306202,1171
2026-05-13 22:10:00,306202,306202,304345,304442,2412
2026-05-13 22:15:00,304438,305039,304254,304755,1609
2026-05-13 22:20:00,304800,304800,303400,303400,2692
2026-05-13 22:25:00,303400,304150,303400,303835,1231
2026-05-13 22:30:00,303797,304700,303600,304300,1057
2026-05-13 22:35:00,304300,304953,304300,304750,1018
2026-05-13 22:40:00,304800,304996,304644,304877,606
2026-05-13 22:45:00,304845,304898,304400,304800,559
2026-05-13 22:50:00,304800,305205,303800,303934,1386
2026-05-13 22:55:00,303825,304410,303458,303750,1491
2026-05-13 23:00:00,303774,303774,302232,302343,2497
2026-05-13 23:05:00,302354,302662,302091,302571,1851
2026-05-13 23:10:00,302600,302758,301228,301280,2191
2026-05-13 23:15:00,301400,301860,301175,301536,1715
2026-05-13 23:20:00,301472,301885,301350,301533,1253
2026-05-13 23:25:00,301589,303594,301512,302700,2072
2026-05-14 09:00:00,300630,300632,298202,298529,4896
2026-05-14 09:05:00,298591,299200,297501,297579,2696
2026-05-14 09:10:00,297558,298245,297010,298023,2009
2026-05-14 09:15:00,298022,298440,297500,297748,1484
2026-05-14 09:20:00,297748,297943,297219,297389,1323
2026-05-14 09:25:00,297400,297782,296781,297464,1470
2026-05-14 09:30:00,297464,297464,296456,296614,1681
2026-05-14 09:35:00,296557,298248,296533,298110,1265
2026-05-14 09:40:00,298150,298375,297658,298220,1076
2026-05-14 09:45:00,298281,299000,298260,298996,1840
2026-05-14 09:50:00,298900,299906,298900,299742,1796
2026-05-14 09:55:00,299762,301170,299571,300437,2280
2026-05-14 10:00:00,300355,301037,300000,300710,1616
2026-05-14 10:05:00,300722,301100,300004,300360,1403
2026-05-14 10:10:00,300360,300500,300030,300166,643
2026-05-14 10:15:00,300166,300944,300020,300650,644
2026-05-14 10:20:00,300579,300810,300444,300700,402
2026-05-14 10:25:00,300539,300810,299511,299731,1298
2026-05-14 10:30:00,299700,300225,299448,300087,755
2026-05-14 10:35:00,300087,300450,300054,300200,414
2026-05-14 10:40:00,300200,300555,299820,299821,499
2026-05-14 10:45:00,299821,299950,299500,299789,435
2026-05-14 10:50:00,299799,300050,299551,299800,393
2026-05-14 10:55:00,299800,299800,299299,299468,609
2026-05-14 11:00:00,299468,300449,299401,300127,747
2026-05-14 11:05:00,300127,300752,300093,300483,537
2026-05-14 11:10:00,300485,300750,300250,300700,405
2026-05-14 11:15:00,300700,301157,300300,300435,1095
2026-05-14 11:20:00,300435,300675,300240,300288,356
2026-05-14 11:25:00,300323,300613,299798,299894,626
2026-05-14 11:30:00,299796,300558,299796,300412,400
2026-05-14 11:35:00,300476,300613,300100,300280,213
2026-05-14 11:40:00,300292,300339,299850,300100,246
2026-05-14 11:45:00,300100,300100,299733,299942,300
2026-05-14 11:50:00,299942,300211,299523,299935,352
2026-05-14 11:55:00,299902,300155,299422,299422,395
2026-05-14 12:00:00,299422,299777,299120,299409,602
2026-05-14 12:05:00,299409,299714,299007,299087,643
2026-05-14 12:10:00,299087,299648,298450,299648,1080
2026-05-14 12:15:00,299487,299939,299057,299057,568
2026-05-14 12:20:00,299187,299900,299161,299601,317
2026-05-14 12:25:00,299601,299717,299289,299404,214
2026-05-14 12:30:00,299165,299450,298715,298965,500
2026-05-14 12:35:00,298988,299094,298727,298854,462
2026-05-14 12:40:00,298909,298945,298022,298209,702
2026-05-14 12:45:00,298226,298855,298047,298811,602
2026-05-14 12:50:00,298711,299180,298530,299120,421
2026-05-14 12:55:00,299100,299628,299036,299406,513
2026-05-14 13:00:00,299406,300000,298905,300000,659
2026-05-14 13:05:00,300000,300325,299726,299767,661
2026-05-14 13:10:00,299767,300177,299767,299800,219
2026-05-14 13:15:00,299800,299811,299123,299494,287
2026-05-14 13:20:00,299444,299444,298900,299178,504
2026-05-14 13:25:00,299275,299624,298852,299056,427
2026-05-14 13:30:00,298958,299600,298958,299400,226
2026-05-14 13:35:00,299400,299589,299167,299400,123
2026-05-14 13:40:00,299482,299704,299335,299551,182
2026-05-14 13:45:00,299551,299814,299301,299349,208
2026-05-14 13:50:00,299375,299594,299232,299443,182
2026-05-14 13:55:00,299499,299650,299378,299556,150
2026-05-14 14:00:00,299556,299840,299501,299600,179
2026-05-14 14:05:00,299600,299795,299400,299545,205
2026-05-14 14:10:00,299545,299587,298858,299021,376
2026-05-14 14:15:00,299021,299230,298908,299112,252
2026-05-14 14:20:00,299112,299112,298788,298788,167
2026-05-14 14:25:00,298786,299055,298702,298771,237
2026-05-14 14:30:00,298702,298929,298500,298648,409
2026-05-14 14:35:00,298648,299200,298535,299193,274
2026-05-14 14:40:00,299094,299400,298751,298956,271
2026-05-14 14:45:00,298993,299320,298802,299180,213
2026-05-14 14:50:00,299200,299330,299106,299170,167
2026-05-14 14:55:00,299170,299255,298729,298731,170
2026-05-14 15:00:00,298735,298996,298620,298990,214
2026-05-14 15:05:00,298997,298997,298250,298522,684
2026-05-14 15:10:00,298522,299203,298405,298883,426
2026-05-14 15:15:00,298883,299478,298883,299472,435
2026-05-14 15:20:00,299472,299472,299050,299293,355
2026-05-14 15:25:00,299293,299400,299004,299082,397
2026-05-14 15:30:00,299105,299219,298500,298745,477
2026-05-14 15:35:00,298750,298890,298353,298641,580
2026-05-14 15:40:00,298706,299371,298455,298839,836
2026-05-14 15:45:00,298839,299083,298651,298775,430
2026-05-14 15:50:00,298775,298846,298301,298509,631
2026-05-14 15:55:00,298509,298799,298500,298719,299
2026-05-14 16:00:00,298719,298839,298412,298456,317
2026-05-14 16:05:00,298456,298743,298360,298610,216
2026-05-14 16:10:00,298686,298735,298370,298488,191
2026-05-14 16:15:00,298579,298698,298447,298499,234
2026-05-14 16:20:00,298499,299150,298480,298898,455
2026-05-14 16:25:00,299050,299373,298898,299290,568
2026-05-14 16:30:00,299241,299496,298650,298710,618
2026-05-14 16:35:00,298710,299020,298500,298953,518
2026-05-14 16:40:00,298953,299200,298740,299140,241
2026-05-14 16:45:00,299137,299193,298644,298644,222
2026-05-14 16:50:00,298700,299112,298640,298737,282
2026-05-14 16:55:00,298737,298737,298168,298425,986
2026-05-14 17:00:00,298359,298543,298109,298499,525
2026-05-14 17:05:00,298498,298689,298441,298689,261
2026-05-14 17:10:00,298689,298900,298611,298900,276
2026-05-14 17:15:00,298882,299179,298697,299093,413
2026-05-14 17:20:00,299093,299200,298855,299043,286
2026-05-14 17:25:00,299034,299100,298530,298530,333
2026-05-14 17:30:00,298450,299117,298411,298854,396
2026-05-14 17:35:00,298854,298896,298620,298801,174
2026-05-14 17:40:00,298801,299100,298771,299050,179
2026-05-14 17:45:00,299011,299308,298908,299052,609
2026-05-14 17:50:00,299052,299396,298815,298880,481
2026-05-14 17:55:00,298900,299070,298549,298549,369
2026-05-14 18:00:00,298640,298823,298333,298524,715
2026-05-14 18:05:00,298432,298879,298400,298798,409
2026-05-14 18:10:00,298797,298842,297777,297777,1011
2026-05-14 18:15:00,297816,298499,297474,298405,1418
2026-05-14 18:20:00,298430,298652,298052,298200,516
2026-05-14 18:25:00,298200,298454,298064,298178,263
2026-05-14 18:30:00,298165,298588,296700,296941,2114
2026-05-14 18:35:00,296979,297511,296891,297107,1536
2026-05-14 18:40:00,297082,297699,297050,297435,799
2026-05-14 18:45:00,297435,297450,293659,293659,4941
2026-05-14 18:50:00,293625,295326,293275,295185,3749
2026-05-14 18:55:00,295129,295272,293581,293680,2130
2026-05-14 19:00:00,293296,293846,292021,292241,5682
2026-05-14 19:05:00,292166,293550,291601,293400,3329
2026-05-14 19:10:00,293447,293447,290559,291726,4280
2026-05-14 19:15:00,291673,292705,291190,292501,2846
2026-05-14 19:20:00,292600,293065,291344,292107,2263
2026-05-14 19:25:00,292157,292157,290077,290291,3241
2026-05-14 19:30:00,290213,291496,287171,290780,4089
2026-05-14 19:35:00,290780,290869,289300,290000,3218
2026-05-14 19:40:00,290161,292235,290084,291770,3388
2026-05-14 19:45:00,291749,293384,291749,293384,3092
2026-05-14 19:50:00,293356,293891,292155,292479,2591
2026-05-14 19:55:00,292409,292747,291794,292691,1497
2026-05-14 20:00:00,292691,293400,292435,292979,1056
2026-05-14 20:05:00,292936,293538,292837,293219,1010
2026-05-14 20:10:00,293250,293900,292950,293322,1301
2026-05-14 20:15:00,293358,293800,292855,293150,940
2026-05-14 20:20:00,293112,293492,292341,292500,887
2026-05-14 20:25:00,292500,293070,292150,292150,1065
2026-05-14 20:30:00,291870,292756,291824,291937,1171
2026-05-14 20:35:00,291900,292849,291900,292809,729
2026-05-14 20:40:00,292828,293295,292546,293028,639
2026-05-14 20:45:00,293028,294415,292696,294181,1870
2026-05-14 20:50:00,294116,294463,293595,294429,1446
2026-05-14 20:55:00,294463,294795,294222,294329,1428
2026-05-14 21:00:00,294266,295471,294100,295350,1687
2026-05-14 21:05:00,295387,295452,294391,294743,1365
2026-05-14 21:10:00,294743,294968,294011,294419,990
2026-05-14 21:15:00,294415,294507,294001,294426,577
2026-05-14 21:20:00,294456,294456,293398,293781,1163
2026-05-14 21:25:00,293712,293871,293425,293824,699
2026-05-14 21:30:00,293824,294200,292802,293206,1469
2026-05-14 21:35:00,293200,293639,292960,293550,639
2026-05-14 21:40:00,293550,294296,293550,293657,693
2026-05-14 21:45:00,293633,294398,293633,294213,528
2026-05-14 21:50:00,294281,294300,293577,293629,442
2026-05-14 21:55:00,293600,293660,293200,293505,607
2026-05-14 22:00:00,293501,293836,293336,293475,365
2026-05-14 22:05:00,293475,293600,292756,293020,1231
2026-05-14 22:10:00,293020,293725,293002,293611,388
2026-05-14 22:15:00,293611,293800,293212,293700,468
2026-05-14 22:20:00,293700,293988,293567,293835,385
2026-05-14 22:25:00,293897,293999,293460,293645,503
2026-05-14 22:30:00,293645,293945,293645,293828,283
2026-05-14 22:35:00,293828,293935,293200,293200,492
2026-05-14 22:40:00,293300,293500,293075,293117,377
2026-05-14 22:45:00,293100,293281,293000,293179,590
2026-05-14 22:50:00,293179,293780,293179,293192,464
2026-05-14 22:55:00,293181,293435,293181,293378,253
2026-05-14 23:00:00,293378,293445,293161,293228,340
2026-05-14 23:05:00,293230,293446,293230,293413,231
2026-05-14 23:10:00,293413,293678,293375,293603,406
2026-05-14 23:15:00,293603,293699,293200,293524,678
2026-05-14 23:20:00,293481,293620,293401,293530,619
2026-05-14 23:25:00,293594,293600,293375,293500,946
2026-05-15 09:00:00,289600,289600,281744,283685,5810
2026-05-15 09:05:00,283700,284950,283605,284922,2691
2026-05-15 09:10:00,284987,285979,284955,285120,2199
2026-05-15 09:15:00,285154,285246,284500,285193,1515
2026-05-15 09:20:00,285137,285395,284670,284826,1272
2026-05-15 09:25:00,284811,285646,284541,285302,1039
2026-05-15 09:30:00,285472,285500,284848,285094,825
2026-05-15 09:35:00,285110,285765,285110,285600,862
2026-05-15 09:40:00,285602,285618,285100,285600,515
2026-05-15 09:45:00,285600,285647,285170,285170,367
2026-05-15 09:50:00,285170,285170,284795,285097,696
2026-05-15 09:55:00,285097,285401,284979,285134,455
2026-05-15 10:00:00,285134,285296,284777,284865,467
2026-05-15 10:05:00,284945,285000,284525,284732,466
2026-05-15 10:10:00,284732,285099,284000,284099,1028
2026-05-15 10:15:00,284146,284700,284099,284631,624
2026-05-15 10:20:00,284607,284759,284290,284371,392
2026-05-15 10:25:00,284371,284371,283604,283675,814
2026-05-15 10:30:00,283717,283840,283025,283025,1526
2026-05-15 10:35:00,283025,283085,282250,282686,1997
2026-05-15 10:40:00,282691,282691,281751,282462,2196
2026-05-15 10:45:00,282462,282912,281337,281337,2183
2026-05-15 10:50:00,281337,282141,280778,281315,2868
2026-05-15 10:55:00,281300,281880,281100,281625,1240
2026-05-15 11:00:00,281682,281682,277403,278189,6645
2026-05-15 11:05:00,278200,278798,276600,276894,4835
2026-05-15 11:10:00,277079,277326,276000,276291,5182
2026-05-15 11:15:00,276306,276497,275875,275875,3083
2026-05-15 11:20:00,275875,277660,275875,277071,3537
2026-05-15 11:25:00,276950,277389,275992,275992,1647
2026-05-15 11:30:00,275895,277130,275875,276994,1895
2026-05-15 11:35:00,276991,277670,276046,276439,2293
2026-05-15 11:40:00,276435,277562,274722,277553,3450
2026-05-15 11:45:00,277639,278949,277277,278212,2640
2026-05-15 11:50:00,278258,278395,277282,277524,1283
2026-05-15 11:55:00,277500,278020,277300,277516,741
2026-05-15 12:00:00,277516,278381,277354,277962,953
2026-05-15 12:05:00,277962,278283,277633,277911,595
2026-05-15 12:10:00,277851,278250,277502,277766,421
2026-05-15 12:15:00,277811,278269,277450,278148,681
2026-05-15 12:20:00,278148,278250,277400,277759,714
2026-05-15 12:25:00,277737,278050,277479,278050,610
2026-05-15 12:30:00,278050,278175,277268,277959,818
2026-05-15 12:35:00,277959,278200,277600,278120,406
2026-05-15 12:40:00,278120,279394,278018,279117,1769
2026-05-15 12:45:00,279188,279800,278800,279717,1216
2026-05-15 12:50:00,279714,280200,279310,279472,1660
2026-05-15 12:55:00,279472,279900,279058,279888,747
2026-05-15 13:00:00,279888,279990,279263,279360,495
2026-05-15 13:05:00,279443,279675,278856,279445,652
2026-05-15 13:10:00,279445,279701,279024,279673,344
2026-05-15 13:15:00,279600,279890,279079,279274,523
2026-05-15 13:20:00,279274,279274,278562,279085,647
2026-05-15 13:25:00,279085,279200,278651,278921,311
2026-05-15 13:30:00,279078,279100,277200,277538,1776
2026-05-15 13:35:00,277592,278077,277336,277830,812
2026-05-15 13:40:00,277767,277950,277336,277730,493
2026-05-15 13:45:00,277760,277760,276360,277355,1431
2026-05-15 13:50:00,277355,277592,276801,277592,475
2026-05-15 13:55:00,277592,277700,276801,276873,467
2026-05-15 14:00:00,276900,276927,276319,276730,935
2026-05-15 14:05:00,276730,277878,276615,277725,758
2026-05-15 14:10:00,277725,278265,277425,278265,755
2026-05-15 14:15:00,278250,278465,277497,277790,628
2026-05-15 14:20:00,277790,277821,277123,277229,363
2026-05-15 14:25:00,277229,277249,276741,277142,411
2026-05-15 14:30:00,277208,277650,276751,277644,501
2026-05-15 14:35:00,277680,278135,277111,277491,565
2026-05-15 14:40:00,277439,277501,276375,276646,911
2026-05-15 14:45:00,276646,276895,275360,276283,2274
2026-05-15 14:50:00,276283,276388,275575,276101,1220
2026-05-15 14:55:00,276165,276890,275888,276851,749
2026-05-15 15:00:00,276880,276991,276303,276638,758
2026-05-15 15:05:00,276638,276766,275600,276000,940
2026-05-15 15:10:00,276001,276200,275075,275335,1442
2026-05-15 15:15:00,275225,275289,274238,274331,2677
2026-05-15 15:20:00,274315,274860,273277,274340,3253
2026-05-15 15:25:00,274386,275350,273848,275230,1900
2026-05-15 15:30:00,275230,275844,275050,275559,1514
2026-05-15 15:35:00,275566,276598,275512,276212,1606
2026-05-15 15:40:00,276216,276799,275975,276621,846
2026-05-15 15:45:00,276657,277385,276500,276680,1374
2026-05-15 15:50:00,276786,278000,276647,277590,2126
2026-05-15 15:55:00,277500,277800,277219,277479,797
2026-05-15 16:00:00,277580,277656,276705,276718,839
2026-05-15 16:05:00,276800,277200,276558,276700,629
2026-05-15 16:10:00,276684,277900,276633,277900,686
2026-05-15 16:15:00,277837,279058,277777,278198,2909
2026-05-15 16:20:00,278287,279636,278196,279272,1954
2026-05-15 16:25:00,279300,279331,278341,278750,1236
2026-05-15 16:30:00,278770,279080,278100,278100,887
2026-05-15 16:35:00,278121,278731,278000,278407,576
2026-05-15 16:40:00,278407,278837,278322,278658,664
2026-05-15 16:45:00,278625,278809,278191,278751,652
2026-05-15 16:50:00,278695,279198,278604,278700,497
2026-05-15 16:55:00,278750,278766,277700,277950,913
2026-05-15 17:00:00,277900,277975,277395,277799,658
2026-05-15 17:05:00,277845,277845,276499,276551,1119
2026-05-15 17:10:00,276551,277111,276474,276949,553
2026-05-15 17:15:00,276949,278347,276915,278136,1071
2026-05-15 17:20:00,278136,278245,277703,277821,391
2026-05-15 17:25:00,277821,278000,277157,277479,478
2026-05-15 17:30:00,277324,277386,276559,276899,806
2026-05-15 17:35:00,276900,277290,276700,277269,448
2026-05-15 17:40:00,277397,277899,276753,276922,681
2026-05-15 17:45:00,276922,277580,276808,277297,480
2026-05-15 17:50:00,277297,278131,277115,277850,942
2026-05-15 17:55:00,277707,277790,277110,277585,364
2026-05-15 18:00:00,277585,277585,276676,277055,824
2026-05-15 18:05:00,277016,277016,276137,276300,1294
2026-05-15 18:10:00,276155,276254,275578,275742,1603
2026-05-15 18:15:00,275730,276258,275200,275628,1534
2026-05-15 18:20:00,275609,276357,275157,276051,1353
2026-05-15 18:25:00,276154,276200,274800,274937,1648
2026-05-15 18:30:00,274848,275400,273875,274509,3882
2026-05-15 18:35:00,274549,275379,273225,273800,2960
2026-05-15 18:40:00,273980,274649,273600,274649,2005
2026-05-15 18:45:00,274617,275467,273755,275101,1717
2026-05-15 18:50:00,275050,275800,274800,275628,1414
2026-05-15 18:55:00,275736,276188,274658,274920,1274
2026-05-15 19:00:00,274646,275123,274300,274700,1296
2026-05-15 19:05:00,274700,274700,272800,273043,3777
2026-05-15 19:10:00,273011,273298,272157,272217,3873
2026-05-15 19:15:00,272101,273108,271555,273056,4498
2026-05-15 19:20:00,273149,273900,272560,273613,2233
2026-05-15 19:25:00,273515,273989,272750,272938,1244
2026-05-15 19:30:00,272953,273182,272240,272891,1266
2026-05-15 19:35:00,272976,273292,272599,272621,902
2026-05-15 19:40:00,272561,273968,272561,273600,1240
2026-05-15 19:45:00,273565,274250,273132,274166,1576
2026-05-15 19:50:00,274250,274510,273999,274100,1412
2026-05-15 19:55:00,274050,274199,273385,273940,798
2026-05-15 20:00:00,273940,274200,273600,273850,487
2026-05-15 20:05:00,273850,274191,273600,273765,425
2026-05-15 20:10:00,273609,273699,272863,273175,998
2026-05-15 20:15:00,273175,273175,272514,272755,1112
2026-05-15 20:20:00,272780,273455,272230,273455,1334
2026-05-15 20:25:00,273462,274261,273170,274000,1459
2026-05-15 20:30:00,274000,274196,273034,273034,951
2026-05-15 20:35:00,272929,273815,272902,273800,612
2026-05-15 20:40:00,273800,274068,273000,273324,567
2026-05-15 20:45:00,273276,273375,272875,272966,603
2026-05-15 20:50:00,272966,273444,272560,272669,539
2026-05-15 20:55:00,272773,273343,272663,273052,523
2026-05-15 21:00:00,273208,273597,273000,273020,538
2026-05-15 21:05:00,273000,273252,272800,272870,400
2026-05-15 21:10:00,272814,273271,272709,273187,435
2026-05-15 21:15:00,273187,273325,272800,272831,435
2026-05-15 21:20:00,272891,273130,272317,272527,895
2026-05-15 21:25:00,272527,272750,272043,272750,966
2026-05-15 21:30:00,272785,273041,272400,272668,615
2026-05-15 21:35:00,272498,272750,271808,272170,1403
2026-05-15 21:40:00,272166,272297,271739,272056,1048
2026-05-15 21:45:00,272054,272433,271918,272035,501
2026-05-15 21:50:00,272026,272797,272026,272747,1054
2026-05-15 21:55:00,272800,272950,272531,272694,488
2026-05-15 22:00:00,272750,273490,272704,273490,1086
2026-05-15 22:05:00,273490,273589,272800,272800,576
2026-05-15 22:10:00,272838,273199,272658,272993,312
2026-05-15 22:15:00,272993,273160,272800,272840,295
2026-05-15 22:20:00,272800,272901,272378,272441,561
2026-05-15 22:25:00,272441,272763,272250,272750,392
2026-05-15 22:30:00,272750,273374,272550,273163,823
2026-05-15 22:35:00,273152,273550,273062,273399,702
2026-05-15 22:40:00,273399,274180,273399,274134,1130
2026-05-15 22:45:00,274125,274189,273556,273675,605
2026-05-15 22:50:00,273675,274900,273555,274764,1270
2026-05-15 22:55:00,274756,275500,274601,274841,1833
2026-05-15 23:00:00,274900,275200,274595,275097,931
2026-05-15 23:05:00,275020,275523,274887,275310,1078
2026-05-15 23:10:00,275310,275411,275079,275194,773
2026-05-15 23:15:00,275122,275200,274750,274777,1042
2026-05-15 23:20:00,274750,274900,274450,274517,1056
2026-05-15 23:25:00,274516,274655,274200,274301,1554
2026-05-18 09:00:00,273021,273021,267501,270300,6792
2026-05-18 09:05:00,270372,271150,269836,270765,3130
2026-05-18 09:10:00,270765,272094,270726,271897,2204
2026-05-18 09:15:00,271900,272885,271369,272610,2145
2026-05-18 09:20:00,272600,273888,272510,273586,2441
2026-05-18 09:25:00,273587,274771,273555,274640,2083
2026-05-18 09:30:00,274715,277253,274715,276350,4661
2026-05-18 09:35:00,276283,277088,275235,276250,2773
2026-05-18 09:40:00,276211,276795,276000,276247,1260
2026-05-18 09:45:00,276247,276493,274477,275636,2536
2026-05-18 09:50:00,275560,275872,273665,273865,1711
2026-05-18 09:55:00,273800,274750,273408,274099,1284
2026-05-18 10:00:00,274153,275500,274029,274951,1183
2026-05-18 10:05:00,275017,275329,273837,274227,713
2026-05-18 10:10:00,274227,274401,273750,274046,878
2026-05-18 10:15:00,274046,274046,273500,273650,955
2026-05-18 10:20:00,273620,274300,273361,273705,760
2026-05-18 10:25:00,273705,274126,272965,274126,1104
2026-05-18 10:30:00,274126,274635,273571,273963,816
2026-05-18 10:35:00,273963,274280,273602,273775,527
2026-05-18 10:40:00,273775,274000,273386,273747,620
2026-05-18 10:45:00,273747,274597,273100,274409,908
2026-05-18 10:50:00,274300,274808,274102,274500,713
2026-05-18 10:55:00,274500,275151,274271,274600,651
2026-05-18 11:00:00,274842,275098,274137,274756,710
2026-05-18 11:05:00,274756,275333,274460,275175,687
2026-05-18 11:10:00,275219,275240,274524,274794,462
2026-05-18 11:15:00,274652,275049,274311,274628,395
2026-05-18 11:20:00,274628,274628,273659,273842,1019
2026-05-18 11:25:00,273842,273954,273101,273302,923
2026-05-18 11:30:00,273250,274037,273158,273683,473
2026-05-18 11:35:00,273655,274150,273247,274133,508
2026-05-18 11:40:00,274100,274105,273301,273888,367
2026-05-18 11:45:00,273888,274200,273700,274122,286
2026-05-18 11:50:00,274122,274800,273884,274516,628
2026-05-18 11:55:00,274544,274945,273870,273870,573
2026-05-18 12:00:00,273870,274585,273574,273967,597
2026-05-18 12:05:00,273967,274309,273906,273959,169
2026-05-18 12:10:00,273959,274221,273800,274186,269
2026-05-18 12:15:00,274186,274546,274186,274317,445
2026-05-18 12:20:00,274350,274799,274302,274676,322
2026-05-18 12:25:00,274676,276311,274676,276279,1970
2026-05-18 12:30:00,276249,276382,275404,275600,1013
2026-05-18 12:35:00,275600,275950,275542,275753,658
2026-05-18 12:40:00,275663,275700,275048,275177,468
2026-05-18 12:45:00,275177,275420,274861,275386,495
2026-05-18 12:50:00,275243,275301,274864,275045,323
2026-05-18 12:55:00,275045,276382,274982,276306,1113
2026-05-18 13:00:00,276306,276949,276306,276941,1459
2026-05-18 13:05:00,276941,276958,275919,276236,1046
2026-05-18 13:10:00,276236,276650,276000,276071,426
2026-05-18 13:15:00,276037,276443,275965,276150,307
2026-05-18 13:20:00,276208,276309,275823,276000,410
2026-05-18 13:25:00,276000,276467,275798,276255,453
2026-05-18 13:30:00,276185,276600,276185,276400,548
2026-05-18 13:35:00,276400,276545,276004,276103,309
2026-05-18 13:40:00,276103,276259,275800,276129,294
2026-05-18 13:45:00,276129,276221,275800,275970,222
2026-05-18 13:50:00,275970,276449,275970,276432,186
2026-05-18 13:55:00,276379,276750,276050,276255,512
2026-05-18 14:00:00,276278,276901,276261,276783,529
2026-05-18 14:05:00,276860,276877,276451,276654,253
2026-05-18 14:10:00,276729,276730,276102,276150,387
2026-05-18 14:15:00,276150,276700,276150,276666,206
2026-05-18 14:20:00,276666,276917,276590,276684,464
2026-05-18 14:25:00,276684,276799,276208,276580,371
2026-05-18 14:30:00,276580,276750,275898,275999,633
2026-05-18 14:35:00,275999,276440,275930,276400,209
2026-05-18 14:40:00,276435,276530,276110,276200,195
2026-05-18 14:45:00,276099,276271,275830,275992,300
2026-05-18 14:50:00,275915,276570,275896,276387,384
2026-05-18 14:55:00,276387,276387,275910,276106,265
2026-05-18 15:00:00,276106,276232,275900,275953,331
2026-05-18 15:05:00,276000,276290,276000,276014,220
2026-05-18 15:10:00,276014,276044,275699,275991,431
2026-05-18 15:15:00,275999,276146,275500,275616,654
2026-05-18 15:20:00,275616,275900,275400,275771,428
2026-05-18 15:25:00,275801,276340,275801,276250,477
2026-05-18 15:30:00,276225,276342,275891,276000,314
2026-05-18 15:35:00,275850,276510,275570,275888,696
2026-05-18 15:40:00,275888,276377,275815,275815,297
2026-05-18 15:45:00,276036,276199,275820,276123,213
2026-05-18 15:50:00,276149,276197,275750,275847,206
2026-05-18 15:55:00,275847,275945,275500,275544,324
2026-05-18 16:00:00,275599,275644,274630,274775,1053
2026-05-18 16:05:00,274775,275570,274702,275450,539
2026-05-18 16:10:00,275411,276200,275411,276139,700
2026-05-18 16:15:00,276114,276800,276114,276326,1229
2026-05-18 16:20:00,276326,276444,275656,275913,397
2026-05-18 16:25:00,275975,276330,275643,275923,322
2026-05-18 16:30:00,275966,276248,275300,275301,612
2026-05-18 16:35:00,275315,275844,275044,275056,482
2026-05-18 16:40:00,275056,276127,275000,276124,891
2026-05-18 16:45:00,276100,276226,275795,275902,334
2026-05-18 16:50:00,275882,276161,275500,275770,292
2026-05-18 16:55:00,275770,276125,275601,275949,215
2026-05-18 17:00:00,275949,276750,275802,276533,875
2026-05-18 17:05:00,276533,277736,276233,277604,2156
2026-05-18 17:10:00,277610,279702,277551,279306,4742
2026-05-18 17:15:00,279300,279600,278532,278699,2252
2026-05-18 17:20:00,278694,279099,278238,278696,1439
2026-05-18 17:25:00,278668,279086,278468,278663,1131
2026-05-18 17:30:00,278506,278606,278111,278505,1136
2026-05-18 17:35:00,278505,279399,278505,279352,1265
2026-05-18 17:40:00,279396,279396,278800,279300,788
2026-05-18 17:45:00,279279,279464,278775,279063,1289
2026-05-18 17:50:00,279099,280411,278831,280307,2230
2026-05-18 17:55:00,280330,280437,279540,279735,1376
2026-05-18 18:00:00,279728,280900,279704,280828,1644
2026-05-18 18:05:00,280827,281050,280543,280891,1699
2026-05-18 18:10:00,280850,281463,280361,281193,1757
2026-05-18 18:15:00,281350,281636,280700,281425,1605
2026-05-18 18:20:00,281462,281500,280365,280688,1367
2026-05-18 18:25:00,280687,281770,280300,281425,1496
2026-05-18 18:30:00,281544,282300,280711,281226,2993
2026-05-18 18:35:00,281241,281650,281000,281250,704
2026-05-18 18:40:00,281195,281790,281000,281709,1098
2026-05-18 18:45:00,281700,281700,281150,281150,730
2026-05-18 18:50:00,281151,281780,281125,281678,589
2026-05-18 18:55:00,281580,282219,281549,281814,1192
2026-05-18 19:00:00,281811,282685,281361,282568,1804
2026-05-18 19:05:00,282586,282750,282100,282209,1429
2026-05-18 19:10:00,282209,282642,281596,281722,1539
2026-05-18 19:15:00,281775,282850,281602,282613,1666
2026-05-18 19:20:00,282567,283222,282517,283166,1422
2026-05-18 19:25:00,283168,283168,282340,282400,1295
2026-05-18 19:30:00,282418,282472,281250,281454,2031
2026-05-18 19:35:00,281454,281501,280202,281448,2956
2026-05-18 19:40:00,281300,281697,280288,280731,1573
2026-05-18 19:45:00,280706,281279,280391,280851,725
2026-05-18 19:50:00,280851,280990,279100,279950,2719
2026-05-18 19:55:00,280078,280388,279758,280388,1299
2026-05-18 20:00:00,280429,280588,278572,279155,1953
2026-05-18 20:05:00,279272,279311,278300,279002,1734
2026-05-18 20:10:00,279002,279002,278001,278895,1504
2026-05-18 20:15:00,278980,278980,277505,278237,1799
2026-05-18 20:20:00,278379,279195,278237,278600,1059
2026-05-18 20:25:00,278600,279440,278600,279144,918
2026-05-18 20:30:00,279130,279379,277501,278070,2041
2026-05-18 20:35:00,278097,278850,277802,278155,1332
2026-05-18 20:40:00,278200,278835,278129,278725,625
2026-05-18 20:45:00,278725,278980,278200,278402,645
2026-05-18 20:50:00,278402,278840,278111,278536,594
2026-05-18 20:55:00,278536,278701,278000,278002,537
2026-05-18 21:00:00,278000,278850,277890,278701,775
2026-05-18 21:05:00,278774,279100,278600,278753,607
2026-05-18 21:10:00,278753,279390,278715,278989,687
2026-05-18 21:15:00,278989,279597,278900,279333,668
2026-05-18 21:20:00,279250,279732,279250,279725,543
2026-05-18 21:25:00,279691,280111,279678,279881,1101
2026-05-18 21:30:00,279896,279900,278915,279059,749
2026-05-18 21:35:00,279078,279747,278946,279669,445
2026-05-18 21:40:00,279693,279900,279620,279831,368
2026-05-18 21:45:00,279888,280179,279732,279802,660
2026-05-18 21:50:00,279855,280233,279217,279517,873
2026-05-18 21:55:00,279600,279627,278095,278650,1559
2026-05-18 22:00:00,278600,279388,278381,279130,668
2026-05-18 22:05:00,279100,279844,279100,279300,581
2026-05-18 22:10:00,279300,279450,278658,278898,339
2026-05-18 22:15:00,278953,279886,278817,279775,509
2026-05-18 22:20:00,279775,279900,279619,279826,420
2026-05-18 22:25:00,279826,279900,279350,279388,505
2026-05-18 22:30:00,279364,279997,279241,279899,443
2026-05-18 22:35:00,279899,280190,279666,279980,793
2026-05-18 22:40:00,280100,280200,279920,279995,409
2026-05-18 22:45:00,279995,280243,279704,280078,557
2026-05-18 22:50:00,280104,280476,280000,280105,589
2026-05-18 22:55:00,280010,280010,279570,279801,652
2026-05-18 23:00:00,279801,279940,279600,279600,320
2026-05-18 23:05:00,279633,279850,279551,279631,211
2026-05-18 23:10:00,279680,279790,279580,279700,208
2026-05-18 23:15:00,279732,279878,279655,279655,516
2026-05-18 23:20:00,279729,279800,279600,279611,611
2026-05-18 23:25:00,279600,279651,279300,279430,942
2026-05-19 09:00:00,278962,279308,278083,279200,2413
2026-05-19 09:05:00,279200,279689,279005,279597,1362
2026-05-19 09:10:00,279597,279660,278937,278937,851
2026-05-19 09:15:00,278893,279156,278600,279028,883
2026-05-19 09:20:00,279029,279944,279007,279843,801
2026-05-19 09:25:00,279843,279843,278921,279002,1039
2026-05-19 09:30:00,279024,279024,278443,278700,1230
2026-05-19 09:35:00,278700,278800,278111,278210,996
2026-05-19 09:40:00,278200,278289,277810,277980,975
2026-05-19 09:45:00,278049,278289,277605,277837,679
2026-05-19 09:50:00,277837,278236,277803,278031,327
2026-05-19 09:55:00,278031,278142,277101,277144,1113
2026-05-19 10:00:00,277144,277322,276669,276842,1424
2026-05-19 10:05:00,276842,277456,276705,277333,543
2026-05-19 10:10:00,277333,277819,277333,277477,592
2026-05-19 10:15:00,277500,277976,277407,277552,461
2026-05-19 10:20:00,277557,278000,277531,277849,333
2026-05-19 10:25:00,277849,278086,277730,278001,338
2026-05-19 10:30:00,278023,278900,278023,278744,1033
2026-05-19 10:35:00,278744,278744,278113,278610,352
2026-05-19 10:40:00,278605,278900,278397,278605,486
2026-05-19 10:45:00,278600,278616,278203,278303,250
2026-05-19 10:50:00,278322,278400,276712,277095,1073
2026-05-19 10:55:00,277000,277749,276800,277558,879
2026-05-19 11:00:00,277522,277539,276501,276687,1264
2026-05-19 11:05:00,276624,277500,276464,277280,797
2026-05-19 11:10:00,277280,277555,276879,276890,368
2026-05-19 11:15:00,276890,277223,276600,276632,465
2026-05-19 11:20:00,276550,277480,276457,277339,631
2026-05-19 11:25:00,277300,278122,277198,277636,1117
2026-05-19 11:30:00,277765,277900,277036,277777,523
2026-05-19 11:35:00,277777,278099,277500,277522,433
2026-05-19 11:40:00,277522,278355,277451,278205,598
2026-05-19 11:45:00,278205,278800,278150,278568,638
2026-05-19 11:50:00,278640,278729,278324,278528,476
2026-05-19 11:55:00,278528,278693,278011,278076,416
2026-05-19 12:00:00,277817,278100,277800,278010,464
2026-05-19 12:05:00,278010,278284,277700,278284,262
2026-05-19 12:10:00,278284,278499,278099,278413,236
2026-05-19 12:15:00,278471,278471,277300,277300,486
2026-05-19 12:20:00,277304,277600,277174,277451,490
2026-05-19 12:25:00,277518,277866,277518,277866,206
2026-05-19 12:30:00,277781,277781,277051,277174,617
2026-05-19 12:35:00,277174,277950,277174,277789,369
2026-05-19 12:40:00,277749,277854,277410,277467,192
2026-05-19 12:45:00,277467,277599,277027,277100,443
2026-05-19 12:50:00,277100,277200,276800,276978,574
2026-05-19 12:55:00,277079,277298,276871,277298,261
2026-05-19 13:00:00,277350,277430,276884,276929,366
2026-05-19 13:05:00,276929,277060,276675,276890,476
2026-05-19 13:10:00,276881,277250,276750,276759,330
2026-05-19 13:15:00,276759,277651,276701,277462,489
2026-05-19 13:20:00,277462,277792,277313,277700,529
2026-05-19 13:25:00,277700,278149,277700,278100,606
2026-05-19 13:30:00,278279,278437,277681,277792,516
2026-05-19 13:35:00,277792,277792,277157,277269,329
2026-05-19 13:40:00,277269,277573,277111,277503,193
2026-05-19 13:45:00,277502,277502,277270,277270,119
2026-05-19 13:50:00,277300,277425,277060,277186,183
2026-05-19 13:55:00,277186,277250,276906,277200,478
2026-05-19 14:00:00,277200,277750,277010,277550,249
2026-05-19 14:05:00,277523,277638,277423,277450,136
2026-05-19 14:10:00,277450,277679,277424,277679,137
2026-05-19 14:15:00,277618,277656,277503,277524,78
2026-05-19 14:20:00,277524,277651,277100,277307,141
2026-05-19 14:25:00,277307,277372,277111,277111,111
2026-05-19 14:30:00,277017,277231,276900,277121,301
2026-05-19 14:35:00,277121,277121,276161,276582,1482
2026-05-19 14:40:00,276582,276786,276278,276515,490
2026-05-19 14:45:00,276515,276659,276150,276638,498
2026-05-19 14:50:00,276569,277380,276557,277274,631
2026-05-19 14:55:00,277238,277275,276308,276439,499
2026-05-19 15:00:00,276439,276657,276100,276460,732
2026-05-19 15:05:00,276413,276787,276413,276511,262
2026-05-19 15:10:00,276511,276641,276104,276210,424
2026-05-19 15:15:00,276216,276579,276055,276560,564
2026-05-19 15:20:00,276560,276832,276400,276750,406
2026-05-19 15:25:00,276839,277155,276759,276815,530
2026-05-19 15:30:00,276755,277100,276550,276810,385
2026-05-19 15:35:00,276828,277198,276711,277103,242
2026-05-19 15:40:00,277103,277300,276821,277207,380
2026-05-19 15:45:00,277207,277298,276750,276857,254
2026-05-19 15:50:00,276900,277300,276900,277223,224
2026-05-19 15:55:00,277223,277358,277110,277183,223
2026-05-19 16:00:00,277247,277500,277151,277405,372
2026-05-19 16:05:00,277487,277499,276636,277292,581
2026-05-19 16:10:00,277292,277304,276500,276800,585
2026-05-19 16:15:00,276800,276999,276530,276973,414
2026-05-19 16:20:00,276973,277134,276713,276874,273
2026-05-19 16:25:00,276874,277790,276874,277751,862
2026-05-19 16:30:00,277800,277961,277250,277700,835
2026-05-19 16:35:00,277700,277872,277502,277839,326
2026-05-19 16:40:00,277872,277987,277359,277363,614
2026-05-19 16:45:00,277363,277700,277200,277587,430
2026-05-19 16:50:00,277585,277750,277458,277681,160
2026-05-19 16:55:00,277688,277737,277230,277518,221
2026-05-19 17:00:00,277518,277658,277250,277326,262
2026-05-19 17:05:00,277326,277344,276900,276900,486
2026-05-19 17:10:00,276900,277240,276501,277175,719
2026-05-19 17:15:00,277175,277290,276880,277266,197
2026-05-19 17:20:00,277266,277600,277116,277172,430
2026-05-19 17:25:00,277172,277194,276900,276911,244
2026-05-19 17:30:00,276911,277426,276781,277250,428
2026-05-19 17:35:00,277250,277535,277000,277535,264
2026-05-19 17:40:00,277529,277664,277351,277480,381
2026-05-19 17:45:00,277480,277650,277301,277500,264
2026-05-19 17:50:00,277492,277847,277485,277715,417
2026-05-19 17:55:00,277715,278400,277715,278276,1285
2026-05-19 18:00:00,278251,279350,278217,278301,2245
2026-05-19 18:05:00,278301,278645,278065,278331,704
2026-05-19 18:10:00,278400,278691,278011,278011,734
2026-05-19 18:15:00,278011,278131,277600,278099,845
2026-05-19 18:20:00,278099,278290,277845,278000,327
2026-05-19 18:25:00,278000,278150,277820,277850,290
2026-05-19 18:30:00,277905,277905,276904,276997,1368
2026-05-19 18:35:00,277017,277073,275675,276659,3188
2026-05-19 18:40:00,276660,276799,276150,276673,957
2026-05-19 18:45:00,276673,276849,275850,276080,1002
2026-05-19 18:50:00,276080,276166,272800,272954,5540
2026-05-19 18:55:00,272800,273038,270750,271067,6400
2026-05-19 19:00:00,271037,271468,269181,271378,7584
2026-05-19 19:05:00,271352,271352,270000,271013,3657
2026-05-19 19:10:00,270984,271450,270172,271447,2395
2026-05-19 19:15:00,271483,272445,271483,272399,2999
2026-05-19 19:20:00,272397,273720,272349,273720,3846
2026-05-19 19:25:00,273692,273969,272792,273271,2156
2026-05-19 19:30:00,273268,274000,272580,274000,1956
2026-05-19 19:35:00,274250,274300,272817,273431,1777
2026-05-19 19:40:00,273443,273523,272500,272507,1119
2026-05-19 19:45:00,272500,273194,272329,272753,1132
2026-05-19 19:50:00,272771,272800,271880,272270,1401
2026-05-19 19:55:00,272275,272901,272056,272650,867
2026-05-19 20:00:00,272817,273042,272073,272150,795
2026-05-19 20:05:00,272162,272939,272162,272327,583
2026-05-19 20:10:00,272327,272783,272153,272413,436
2026-05-19 20:15:00,272413,272551,272126,272164,571
2026-05-19 20:20:00,272168,272355,271271,271286,1400
2026-05-19 20:25:00,271372,272677,271372,272300,1105
2026-05-19 20:30:00,272237,272698,272223,272279,567
2026-05-19 20:35:00,272271,272482,271501,272482,857
2026-05-19 20:40:00,272482,272600,272106,272500,525
2026-05-19 20:45:00,272515,273250,272495,272874,1177
2026-05-19 20:50:00,272895,273200,272481,272481,710
2026-05-19 20:55:00,272481,272889,272457,272799,307
2026-05-19 21:00:00,272787,273200,272609,273074,539
2026-05-19 21:05:00,273000,273374,272616,273137,597
2026-05-19 21:10:00,273137,273137,272650,272910,342
2026-05-19 21:15:00,272910,272953,272482,272553,408
2026-05-19 21:20:00,272553,273025,272530,272821,265
2026-05-19 21:25:00,272821,273190,272787,273037,322
2026-05-19 21:30:00,273037,273600,273037,273145,813
2026-05-19 21:35:00,273129,273150,272657,272657,400
2026-05-19 21:40:00,272651,272750,272504,272629,462
2026-05-19 21:45:00,272566,272794,272285,272394,444
2026-05-19 21:50:00,272394,272908,272332,272891,347
2026-05-19 21:55:00,272908,273393,272908,273233,806
2026-05-19 22:00:00,273300,273688,273233,273355,873
2026-05-19 22:05:00,273425,273469,272900,273253,521
2026-05-19 22:10:00,273182,273500,273160,273277,314
2026-05-19 22:15:00,273277,273309,273000,273276,266
2026-05-19 22:20:00,273276,273450,273111,273293,283
2026-05-19 22:25:00,273293,273440,273176,273329,225
2026-05-19 22:30:00,273329,273544,273300,273501,324
2026-05-19 22:35:00,273544,273871,273413,273686,734
2026-05-19 22:40:00,273686,273921,273611,273867,521
2026-05-19 22:45:00,273867,274143,273801,274100,695
2026-05-19 22:50:00,274048,274100,273551,273599,502
2026-05-19 22:55:00,273630,273725,273230,273397,590
2026-05-19 23:00:00,273382,273582,273300,273335,386
2026-05-19 23:05:00,273333,273394,273116,273375,588
2026-05-19 23:10:00,273375,273441,273151,273320,319
2026-05-19 23:15:00,273320,273500,273206,273387,565
2026-05-19 23:20:00,273320,273509,273300,273350,547
2026-05-19 23:25:00,273310,273600,273300,273500,853
2026-05-20 09:00:00,271778,271890,270005,271270,2468
2026-05-20 09:05:00,271279,271782,271201,271454,1160
2026-05-20 09:10:00,271416,271650,271300,271600,630
2026-05-20 09:15:00,271600,271600,270500,270502,1145
2026-05-20 09:20:00,270500,270750,270345,270636,811
2026-05-20 09:25:00,270636,270912,270613,270666,400
2026-05-20 09:30:00,270700,271508,270660,271088,965
2026-05-20 09:35:00,271088,271309,271000,271240,336
2026-05-20 09:40:00,271240,271379,270973,271260,324
2026-05-20 09:45:00,271296,271304,270800,270805,495
2026-05-20 09:50:00,270848,270902,270513,270543,596
2026-05-20 09:55:00,270543,270700,270200,270665,884
2026-05-20 10:00:00,270666,270750,270100,270309,613
2026-05-20 10:05:00,270273,270647,270085,270401,445
2026-05-20 10:10:00,270382,270650,270217,270558,350
2026-05-20 10:15:00,270509,270631,270372,270537,196
2026-05-20 10:20:00,270537,270736,270500,270500,196
2026-05-20 10:25:00,270500,270650,270451,270551,129
2026-05-20 10:30:00,270551,271404,270551,271300,825
2026-05-20 10:35:00,271260,271701,271020,271082,711
2026-05-20 10:40:00,271135,271282,270900,271131,281
2026-05-20 10:45:00,271131,271178,270800,271069,274
2026-05-20 10:50:00,271069,271450,270951,271291,490
2026-05-20 10:55:00,271291,271386,270741,270751,471
2026-05-20 11:00:00,271056,272880,271034,272356,2565
2026-05-20 11:05:00,272380,272810,272131,272518,814
2026-05-20 11:10:00,272479,272732,272046,272250,435
2026-05-20 11:15:00,272270,272405,271801,271845,513
2026-05-20 11:20:00,271895,272500,271753,272494,411
2026-05-20 11:25:00,272500,272642,272259,272429,399
2026-05-20 11:30:00,272429,272793,272200,272710,431
2026-05-20 11:35:00,272710,272800,272152,272421,439
2026-05-20 11:40:00,272421,272850,272383,272786,393
2026-05-20 11:45:00,273105,274000,273079,274000,1619
2026-05-20 11:50:00,273969,274200,273290,273486,914
2026-05-20 11:55:00,273486,273966,273452,273701,469
2026-05-20 12:00:00,273700,273828,273300,273503,638
2026-05-20 12:05:00,273503,273720,273050,273656,552
2026-05-20 12:10:00,273719,273798,273404,273780,310
2026-05-20 12:15:00,273780,275216,273780,275065,1649
2026-05-20 12:20:00,275007,275775,274899,275528,2176
2026-05-20 12:25:00,275684,275684,274850,274938,1334
2026-05-20 12:30:00,274905,275841,274817,275170,1197
2026-05-20 12:35:00,275048,275589,274744,275570,873
2026-05-20 12:40:00,275570,275590,274964,275063,911
2026-05-20 12:45:00,275113,275113,274900,274950,337
2026-05-20 12:50:00,274915,275387,274610,274912,737
2026-05-20 12:55:00,274912,275121,274720,275031,403
2026-05-20 13:00:00,275031,275261,274524,274600,609
2026-05-20 13:05:00,274607,274899,274248,274833,622
2026-05-20 13:10:00,274833,275275,274762,274762,585
2026-05-20 13:15:00,274762,274845,274300,274524,371
2026-05-20 13:20:00,274524,274570,274300,274570,300
2026-05-20 13:25:00,274550,274650,274350,274365,271
2026-05-20 13:30:00,274365,274899,274260,274854,289
2026-05-20 13:35:00,274854,275100,274427,274567,463
2026-05-20 13:40:00,274600,275000,274388,274989,352
2026-05-20 13:45:00,274989,275199,274877,275007,475
2026-05-20 13:50:00,275007,275358,274800,275291,410
2026-05-20 13:55:00,275271,275502,275214,275440,615
2026-05-20 14:00:00,275566,275999,275300,275388,915
2026-05-20 14:05:00,275388,275475,274936,275429,573
2026-05-20 14:10:00,275429,275440,275051,275440,184
2026-05-20 14:15:00,275440,275887,275351,275522,995
2026-05-20 14:20:00,275522,275984,275342,275914,575
2026-05-20 14:25:00,275914,275930,275539,275555,376
2026-05-20 14:30:00,275503,275754,275500,275644,237
2026-05-20 14:35:00,275644,275830,275100,275105,497
2026-05-20 14:40:00,275105,275330,275026,275151,338
2026-05-20 14:45:00,275151,275400,275099,275400,152
2026-05-20 14:50:00,275624,275677,275325,275348,256
2026-05-20 14:55:00,275348,275550,275250,275373,225
2026-05-20 15:00:00,275400,275910,275350,275764,495
2026-05-20 15:05:00,275764,275823,275526,275598,185
2026-05-20 15:10:00,275598,275800,275574,275630,177
2026-05-20 15:15:00,275630,275800,275428,275478,306
2026-05-20 15:20:00,275478,275990,275452,275990,419
2026-05-20 15:25:00,275998,276431,275998,276133,1430
2026-05-20 15:30:00,276109,276550,276100,276300,726
2026-05-20 15:35:00,276300,276751,276214,276603,687
2026-05-20 15:40:00,276603,276650,276044,276134,607
2026-05-20 15:45:00,276134,276360,276010,276130,318
2026-05-20 15:50:00,276112,276600,276112,276593,361
2026-05-20 15:55:00,276598,276660,276123,276157,404
2026-05-20 16:00:00,276157,276650,276116,276631,368
2026-05-20 16:05:00,276631,277211,276539,277008,1346
2026-05-20 16:10:00,277047,277288,276922,277196,678
2026-05-20 16:15:00,277098,277350,276943,277200,741
2026-05-20 16:20:00,277200,277270,276922,277164,611
2026-05-20 16:25:00,277164,277200,276852,277096,487
2026-05-20 16:30:00,277200,277329,276900,277150,631
2026-05-20 16:35:00,277125,277287,277063,277150,356
2026-05-20 16:40:00,277050,277180,276521,276608,694
2026-05-20 16:45:00,276589,276925,275774,276017,1378
2026-05-20 16:50:00,276097,276649,275920,276561,925
2026-05-20 16:55:00,276561,276950,276502,276901,356
2026-05-20 17:00:00,276901,277100,276692,276900,605
2026-05-20 17:05:00,276900,277042,276529,276816,445
2026-05-20 17:10:00,276807,276911,276192,276680,688
2026-05-20 17:15:00,276680,276806,276322,276570,533
2026-05-20 17:20:00,276570,276885,276200,276731,787
2026-05-20 17:25:00,276731,276850,276555,276736,329
2026-05-20 17:30:00,276736,276900,276450,276450,388
2026-05-20 17:35:00,276450,276673,276296,276404,389
2026-05-20 17:40:00,276404,276404,276004,276388,634
2026-05-20 17:45:00,276388,276398,276000,276202,415
2026-05-20 17:50:00,276187,276349,276050,276207,268
2026-05-20 17:55:00,276207,276835,276207,276350,542
2026-05-20 18:00:00,276350,277000,276350,276999,819
2026-05-20 18:05:00,276989,277060,276756,276928,518
2026-05-20 18:10:00,276928,277000,276656,276800,395
2026-05-20 18:15:00,276761,277143,276701,276950,424
2026-05-20 18:20:00,276982,276982,276233,276572,529
2026-05-20 18:25:00,276572,276694,276356,276493,378
2026-05-20 18:30:00,276493,277158,275644,275730,1635
2026-05-20 18:35:00,275745,276200,275100,276022,2215
2026-05-20 18:40:00,276051,276224,275402,276031,1080
2026-05-20 18:45:00,276090,276099,275308,275571,711
2026-05-20 18:50:00,275571,275733,275350,275503,421
2026-05-20 18:55:00,275452,275550,274555,274555,1390
2026-05-20 19:00:00,274540,275190,274430,275110,1625
2026-05-20 19:05:00,275110,275220,274340,274400,1101
2026-05-20 19:10:00,274400,274901,274107,274890,1380
2026-05-20 19:15:00,274897,275399,274724,274834,1324
2026-05-20 19:20:00,274786,274849,274230,274313,783
2026-05-20 19:25:00,274316,274499,274225,274489,522
2026-05-20 19:30:00,274613,274840,274369,274805,675
2026-05-20 19:35:00,274805,274805,274001,274091,849
2026-05-20 19:40:00,274055,274329,273136,274145,2657
2026-05-20 19:45:00,274250,276898,274148,276524,6170
2026-05-20 19:50:00,276383,277288,275774,276071,2940
2026-05-20 19:55:00,276162,277010,276013,276916,1470
2026-05-20 20:00:00,276916,279200,276916,278723,6638
2026-05-20 20:05:00,278755,278946,277601,278135,2468
2026-05-20 20:10:00,278156,278392,277549,277899,1139
2026-05-20 20:15:00,278014,278307,277602,277984,983
2026-05-20 20:20:00,277991,278292,277605,278126,1152
2026-05-20 20:25:00,278126,278750,277786,277803,1506
2026-05-20 20:30:00,277708,278350,277638,277729,827
2026-05-20 20:35:00,277796,277840,276900,277251,1599
2026-05-20 20:40:00,277237,277248,276511,276872,880
2026-05-20 20:45:00,276872,278614,276872,278150,2917
2026-05-20 20:50:00,278200,278296,277439,277753,845
2026-05-20 20:55:00,277698,277698,276910,277140,1150
2026-05-20 21:00:00,277140,277873,277140,277579,715
2026-05-20 21:05:00,277604,277830,277392,277600,414
2026-05-20 21:10:00,277679,277759,277351,277721,350
2026-05-20 21:15:00,277744,278072,277595,277723,515
2026-05-20 21:20:00,277723,277792,277100,277256,465
2026-05-20 21:25:00,277256,277353,276811,277037,684
2026-05-20 21:30:00,277037,277492,277008,277450,406
2026-05-20 21:35:00,277450,277625,277350,277376,293
2026-05-20 21:40:00,277402,277500,277214,277305,246
2026-05-20 21:45:00,277305,277352,276901,277062,497
2026-05-20 21:50:00,277062,277202,276647,276703,751
2026-05-20 21:55:00,276703,277050,276646,276860,420
2026-05-20 22:00:00,276894,277284,276755,276937,384
2026-05-20 22:05:00,276937,277380,276900,277170,367
2026-05-20 22:10:00,277170,277710,277038,277710,649
2026-05-20 22:15:00,277775,277800,277130,277288,483
2026-05-20 22:20:00,277288,277600,277288,277539,279
2026-05-20 22:25:00,277539,277563,277155,277562,368
2026-05-20 22:30:00,277625,277666,277320,277480,308
2026-05-20 22:35:00,277480,277777,277377,277776,491
2026-05-20 22:40:00,277776,277981,277442,277793,1038
2026-05-20 22:45:00,277793,277849,277541,277748,301
2026-05-20 22:50:00,277748,277960,277370,277491,668
2026-05-20 22:55:00,277491,277800,277437,277731,536
2026-05-20 23:00:00,277731,277812,277419,277541,448
2026-05-20 23:05:00,277541,277826,277516,277618,342
2026-05-20 23:10:00,277679,277820,277591,277661,295
2026-05-20 23:15:00,277661,277800,277600,277605,525
2026-05-20 23:20:00,277660,277728,277580,277670,579
2026-05-20 23:25:00,277577,277650,277502,277600,780
2026-05-21 09:00:00,277489,277490,274600,276443,2369
2026-05-21 09:05:00,276497,276599,276030,276250,721
2026-05-21 09:10:00,276211,276348,276077,276283,568
2026-05-21 09:15:00,276250,276504,276170,276170,664
2026-05-21 09:20:00,276175,276235,275602,275649,901
2026-05-21 09:25:00,275600,276014,275500,275630,788
2026-05-21 09:30:00,275630,276288,275500,276106,535
2026-05-21 09:35:00,276106,276246,276001,276078,288
2026-05-21 09:40:00,276100,276389,276066,276350,237
2026-05-21 09:45:00,276350,276499,276298,276327,372
2026-05-21 09:50:00,276300,276453,276113,276290,298
2026-05-21 09:55:00,276290,276386,276070,276165,349
2026-05-21 10:00:00,276165,276295,275810,275889,271
2026-05-21 10:05:00,275889,276150,275602,276150,310
2026-05-21 10:10:00,276150,276200,275880,276052,201
2026-05-21 10:15:00,276052,276063,275804,275900,222
2026-05-21 10:20:00,275900,276147,275883,275984,181
2026-05-21 10:25:00,275984,276400,275942,276285,229
2026-05-21 10:30:00,276285,276376,276069,276242,174
2026-05-21 10:35:00,276242,276348,275873,275950,252
2026-05-21 10:40:00,275950,276127,275787,275904,272
2026-05-21 10:45:00,275904,276022,275670,275779,181
2026-05-21 10:50:00,275779,275807,275551,275655,363
2026-05-21 10:55:00,275689,275763,275270,275342,708
2026-05-21 11:00:00,275220,275264,274638,275058,1963
2026-05-21 11:05:00,275056,275091,274525,274966,604
2026-05-21 11:10:00,274934,275250,274924,275142,393
2026-05-21 11:15:00,275142,275188,274252,274630,1102
2026-05-21 11:20:00,274700,275398,274633,275368,571
2026-05-21 11:25:00,275340,275535,275121,275259,544
2026-05-21 11:30:00,275290,275767,275259,275569,454
2026-05-21 11:35:00,275569,275852,275465,275599,460
2026-05-21 11:40:00,275575,275591,274831,274950,662
2026-05-21 11:45:00,274950,275298,274700,274743,643
2026-05-21 11:50:00,274743,275779,274683,275302,913
2026-05-21 11:55:00,275302,275360,274800,274931,417
2026-05-21 12:00:00,274857,274987,274100,274381,1362
2026-05-21 12:05:00,274400,274650,274202,274488,663
2026-05-21 12:10:00,274445,274635,274267,274553,314
2026-05-21 12:15:00,274530,274600,273600,273899,1214
2026-05-21 12:20:00,273960,274003,273614,273850,674
2026-05-21 12:25:00,273841,274123,273700,274001,737
2026-05-21 12:30:00,273989,274600,273989,274263,653
2026-05-21 12:35:00,274263,274425,273968,274275,497
2026-05-21 12:40:00,274275,274275,273967,273986,339
2026-05-21 12:45:00,273923,274049,273735,273989,365
2026-05-21 12:50:00,273989,274332,273959,274096,265
2026-05-21 12:55:00,273979,274300,273901,273946,397
2026-05-21 13:00:00,273965,274150,273800,274005,404
2026-05-21 13:05:00,273979,274192,273700,273827,516
2026-05-21 13:10:00,273774,274148,273751,273925,287
2026-05-21 13:15:00,273925,274003,273760,273993,253
2026-05-21 13:20:00,273993,274193,273700,273861,444
2026-05-21 13:25:00,273861,274100,273800,273800,267
2026-05-21 13:30:00,273839,274323,273500,274200,769
2026-05-21 13:35:00,274300,274850,274239,274777,871
2026-05-21 13:40:00,274704,275450,274661,275181,1218
2026-05-21 13:45:00,275233,275450,274732,274848,842
2026-05-21 13:50:00,274848,274999,274800,274999,267
2026-05-21 13:55:00,274946,275499,274844,275401,551
2026-05-21 14:00:00,275326,275465,274938,275040,299
2026-05-21 14:05:00,274983,275152,274850,274958,257
2026-05-21 14:10:00,274958,275296,274924,275021,151
2026-05-21 14:15:00,275033,275400,274909,275250,251
2026-05-21 14:20:00,275250,275405,275064,275405,185
2026-05-21 14:25:00,275353,275701,275353,275701,606
2026-05-21 14:30:00,275619,275855,275552,275579,439
2026-05-21 14:35:00,275564,276131,275539,275823,842
2026-05-21 14:40:00,275778,276000,275651,275709,353
2026-05-21 14:45:00,275709,276055,275616,275850,307
2026-05-21 14:50:00,275850,276264,275839,276002,548
2026-05-21 14:55:00,276002,276190,275925,276147,328
2026-05-21 15:00:00,276148,276767,275961,276050,1179
2026-05-21 15:05:00,276050,276100,275641,275703,496
2026-05-21 15:10:00,275703,276000,275150,275225,749
2026-05-21 15:15:00,275377,275489,275050,275281,500
2026-05-21 15:20:00,275281,275465,275212,275401,317
2026-05-21 15:25:00,275401,275449,275204,275401,196
2026-05-21 15:30:00,275401,275740,275401,275623,319
2026-05-21 15:35:00,275623,275724,275450,275724,402
2026-05-21 15:40:00,275724,275742,275530,275737,147
2026-05-21 15:45:00,275666,275887,275645,275683,271
2026-05-21 15:50:00,275683,275809,275683,275712,102
2026-05-21 15:55:00,275712,275759,273800,274254,2269
2026-05-21 16:00:00,274000,274594,273686,274594,1431
2026-05-21 16:05:00,274592,274800,273800,273800,874
2026-05-21 16:10:00,273804,274439,273750,274370,851
2026-05-21 16:15:00,274370,274433,274000,274184,433
2026-05-21 16:20:00,274290,274291,273801,274250,490
2026-05-21 16:25:00,274250,274250,273902,273989,331
2026-05-21 16:30:00,273989,274449,273810,274355,705
2026-05-21 16:35:00,274086,274313,274000,274055,304
2026-05-21 16:40:00,274098,274193,274030,274184,197
2026-05-21 16:45:00,274184,274587,274184,274572,306
2026-05-21 16:50:00,274572,275100,274400,274517,883
2026-05-21 16:55:00,274517,274517,274215,274340,352
2026-05-21 17:00:00,274340,274672,274142,274244,353
2026-05-21 17:05:00,274175,274467,274124,274362,330
2026-05-21 17:10:00,274362,274600,274301,274432,269
2026-05-21 17:15:00,274432,274844,274432,274674,503
2026-05-21 17:20:00,274674,274884,274567,274567,220
2026-05-21 17:25:00,274588,274613,274325,274575,344
2026-05-21 17:30:00,274600,274782,274459,274640,223
2026-05-21 17:35:00,274640,274660,274350,274470,171
2026-05-21 17:40:00,274470,274670,274300,274369,255
2026-05-21 17:45:00,274369,274446,274139,274225,290
2026-05-21 17:50:00,274236,274239,273811,273949,910
2026-05-21 17:55:00,274029,274298,273900,274159,286
2026-05-21 18:00:00,274159,274876,274159,274700,985
2026-05-21 18:05:00,274750,274750,274357,274558,353
2026-05-21 18:10:00,274594,274740,274325,274581,291
2026-05-21 18:15:00,274581,274693,274376,274379,268
2026-05-21 18:20:00,274365,274600,274222,274400,468
2026-05-21 18:25:00,274400,274478,273933,273978,585
2026-05-21 18:30:00,273965,274645,273150,274483,2056
2026-05-21 18:35:00,274542,274688,273825,274149,779
2026-05-21 18:40:00,274100,274350,273900,274094,575
2026-05-21 18:45:00,274078,274345,273600,273799,796
2026-05-21 18:50:00,273741,274090,273600,273839,566
2026-05-21 18:55:00,273901,273911,273500,273810,645
2026-05-21 19:00:00,273850,273850,273001,273501,1457
2026-05-21 19:05:00,273622,273885,273070,273215,1177
2026-05-21 19:10:00,273147,273752,273147,273450,558
2026-05-21 19:15:00,273450,273983,273270,273629,793
2026-05-21 19:20:00,273629,275999,273621,275663,3746
2026-05-21 19:25:00,275726,276000,275000,275300,1674
2026-05-21 19:30:00,275296,275385,274806,274967,1231
2026-05-21 19:35:00,274868,275099,274381,274820,910
2026-05-21 19:40:00,274945,275099,274394,274815,610
2026-05-21 19:45:00,274850,275000,274155,274500,532
2026-05-21 19:50:00,274500,275052,274400,274942,560
2026-05-21 19:55:00,274942,275134,274752,275134,722
2026-05-21 20:00:00,275134,275406,274800,274891,933
2026-05-21 20:05:00,274885,275080,274803,274951,251
2026-05-21 20:10:00,274951,274990,274510,274585,452
2026-05-21 20:15:00,274634,274821,274400,274650,473
2026-05-21 20:20:00,274650,274957,274515,274832,301
2026-05-21 20:25:00,274832,274950,274643,274773,156
2026-05-21 20:30:00,274850,275170,274650,274899,330
2026-05-21 20:35:00,274899,274947,274482,274773,388
2026-05-21 20:40:00,274773,275741,274614,275305,1014
2026-05-21 20:45:00,275305,275655,275304,275488,795
2026-05-21 20:50:00,275488,275686,275120,275187,500
2026-05-21 20:55:00,275181,275401,275030,275140,276
2026-05-21 21:00:00,275194,275400,275078,275300,175
2026-05-21 21:05:00,275300,275400,275273,275380,153
2026-05-21 21:10:00,275380,275380,275203,275251,159
2026-05-21 21:15:00,275251,275850,275238,275850,750
2026-05-21 21:20:00,275850,275859,275570,275696,370
2026-05-21 21:25:00,275696,275970,275590,275821,439
2026-05-21 21:30:00,275925,276832,275925,276450,2635
2026-05-21 21:35:00,276450,276900,276358,276737,985
2026-05-21 21:40:00,276783,276800,275946,276250,1195
2026-05-21 21:45:00,276250,276649,276092,276649,568
2026-05-21 21:50:00,276595,276601,276207,276250,367
2026-05-21 21:55:00,276300,276500,276238,276399,228
2026-05-21 22:00:00,276450,276888,276365,276800,744
2026-05-21 22:05:00,276765,276863,276380,276418,547
2026-05-21 22:10:00,276429,276678,276275,276614,441
2026-05-21 22:15:00,276700,276850,276321,276415,524
2026-05-21 22:20:00,276415,276579,276283,276284,332
2026-05-21 22:25:00,276301,276611,276301,276611,257
2026-05-21 22:30:00,276670,276970,276511,276580,978
2026-05-21 22:35:00,276580,276755,276479,276650,247
2026-05-21 22:40:00,276650,277700,276566,277361,3155
2026-05-21 22:45:00,277388,277875,277143,277680,1231
2026-05-21 22:50:00,277680,278317,277100,277412,3256
2026-05-21 22:55:00,277412,277899,277412,277850,680
2026-05-21 23:00:00,277850,278200,277545,277800,1181
2026-05-21 23:05:00,277838,278149,277800,278076,671
2026-05-21 23:10:00,278076,278424,278030,278400,1137
2026-05-21 23:15:00,278403,278499,278200,278492,1128
2026-05-21 23:20:00,278497,278990,278427,278925,1414
2026-05-21 23:25:00,278925,279888,278925,279077,2455
2026-05-22 09:00:00,277489,278100,276989,277900,1872
2026-05-22 09:05:00,277899,278179,277601,277937,898
2026-05-22 09:10:00,277937,278087,277840,277852,416
2026-05-22 09:15:00,277870,277870,277605,277660,392
2026-05-22 09:20:00,277697,277728,277259,277500,579
2026-05-22 09:25:00,277500,278150,277375,278076,572
2026-05-22 09:30:00,278107,278651,278107,278200,669
2026-05-22 09:35:00,278200,278993,278150,278763,943
2026-05-22 09:40:00,278764,278791,278500,278699,420
2026-05-22 09:45:00,278651,278768,277911,278037,560
2026-05-22 09:50:00,278023,278500,278009,278350,266
2026-05-22 09:55:00,278350,278691,278200,278586,222
2026-05-22 10:00:00,278586,278650,278380,278598,190
2026-05-22 10:05:00,278598,278600,278200,278200,187
2026-05-22 10:10:00,278238,278400,278150,278400,178
2026-05-22 10:15:00,278400,278448,278201,278290,134
2026-05-22 10:20:00,278308,278530,278300,278416,107
2026-05-22 10:25:00,278416,278423,278224,278321,122
2026-05-22 10:30:00,278260,278471,277866,278073,458
2026-05-22 10:35:00,278073,278290,278051,278182,154
2026-05-22 10:40:00,278182,278250,277855,277860,218
2026-05-22 10:45:00,277860,278029,277860,277904,210
2026-05-22 10:50:00,277904,277977,277681,277698,291
2026-05-22 10:55:00,277698,277961,277685,277818,240
2026-05-22 11:00:00,277721,278400,277721,278206,450
2026-05-22 11:05:00,278206,279070,278166,279010,1112
2026-05-22 11:10:00,279010,279213,278665,278715,812
2026-05-22 11:15:00,278715,278900,278703,278800,342
2026-05-22 11:20:00,278822,279032,278517,278577,361
2026-05-22 11:25:00,278577,278642,276501,276684,3116
2026-05-22 11:30:00,276739,277465,276255,277309,1569
2026-05-22 11:35:00,277309,277692,277151,277625,462
2026-05-22 11:40:00,277600,277699,277400,277650,290
2026-05-22 11:45:00,277650,277894,277350,277611,390
2026-05-22 11:50:00,277611,278049,277545,277843,391
2026-05-22 11:55:00,277781,277909,277550,277878,342
2026-05-22 12:00:00,277881,278200,277550,277598,504
2026-05-22 12:05:00,277674,277796,277301,277538,365
2026-05-22 12:10:00,277538,277724,277351,277703,250
2026-05-22 12:15:00,277800,277800,277600,277703,132
2026-05-22 12:20:00,277627,277705,277470,277618,233
2026-05-22 12:25:00,277618,277850,277618,277621,90
2026-05-22 12:30:00,277621,277621,277101,277342,517
2026-05-22 12:35:00,277342,277392,277100,277100,274
2026-05-22 12:40:00,277100,277129,276680,276735,635
2026-05-22 12:45:00,276735,277387,276701,277328,318
2026-05-22 12:50:00,277328,277486,277216,277351,313
2026-05-22 12:55:00,277351,277351,277056,277160,166
2026-05-22 13:00:00,277160,277160,276622,276834,757
2026-05-22 13:05:00,276834,276834,276355,276418,884
2026-05-22 13:10:00,276418,276853,276360,276589,420
2026-05-22 13:15:00,276588,276759,276400,276573,325
2026-05-22 13:20:00,276573,276799,276518,276799,252
2026-05-22 13:25:00,276799,277200,276742,277101,470
2026-05-22 13:30:00,277101,277289,276899,277110,251
2026-05-22 13:35:00,277110,277155,276800,276997,156
2026-05-22 13:40:00,276997,277180,276876,276919,174
2026-05-22 13:45:00,276919,277348,276919,277097,327
2026-05-22 13:50:00,277097,277350,276809,276840,161
2026-05-22 13:55:00,276840,276950,276750,276950,252
2026-05-22 14:00:00,276909,277100,276131,276450,1095
2026-05-22 14:05:00,276463,276982,276272,276828,560
2026-05-22 14:10:00,276828,276884,276613,276761,151
2026-05-22 14:15:00,276761,276800,276597,276672,80
2026-05-22 14:20:00,276672,276889,276590,276700,222
2026-05-22 14:25:00,276700,276739,276500,276500,122
2026-05-22 14:30:00,276500,276699,276310,276642,199
2026-05-22 14:35:00,276642,276650,276346,276593,177
2026-05-22 14:40:00,276593,276685,276250,276280,215
2026-05-22 14:45:00,276280,276440,275900,276346,990
2026-05-22 14:50:00,276346,276349,276095,276193,284
2026-05-22 14:55:00,276180,276396,276110,276192,523
2026-05-22 15:00:00,276192,276341,275873,276341,436
2026-05-22 15:05:00,276341,276600,276200,276588,283
2026-05-22 15:10:00,276588,276639,276355,276637,265
2026-05-22 15:15:00,276637,276785,276473,276742,284
2026-05-22 15:20:00,276742,276871,276584,276700,246
2026-05-22 15:25:00,276700,276800,276478,276517,267
2026-05-22 15:30:00,276517,276633,276421,276501,406
2026-05-22 15:35:00,276501,277140,276496,277100,587
2026-05-22 15:40:00,277122,277449,277100,277213,788
2026-05-22 15:45:00,277201,277354,277050,277050,335
2026-05-22 15:50:00,277050,277153,276911,277153,252
2026-05-22 15:55:00,277153,277199,276747,276759,205
2026-05-22 16:00:00,276759,276889,276446,276446,420
2026-05-22 16:05:00,276463,276690,276451,276633,502
2026-05-22 16:10:00,276633,276666,276400,276400,293
2026-05-22 16:15:00,276400,276500,276225,276364,318
2026-05-22 16:20:00,276364,276640,276364,276525,186
2026-05-22 16:25:00,276525,276596,276400,276490,176
2026-05-22 16:30:00,276571,276693,276360,276690,210
2026-05-22 16:35:00,276690,276838,276485,276490,184
2026-05-22 16:40:00,276490,276509,276111,276115,443
2026-05-22 16:45:00,276126,276234,275980,276106,597
2026-05-22 16:50:00,276106,276375,276005,276370,433
2026-05-22 16:55:00,276306,276570,276232,276349,187
2026-05-22 17:00:00,276349,276476,276114,276414,297
2026-05-22 17:05:00,276414,276480,276253,276480,141
2026-05-22 17:10:00,276461,276476,275929,276304,446
2026-05-22 17:15:00,276304,276790,276272,276545,520
2026-05-22 17:20:00,276589,276646,276421,276645,124
2026-05-22 17:25:00,276645,276645,276344,276356,107
2026-05-22 17:30:00,276356,276356,276050,276247,463
2026-05-22 17:35:00,276247,276480,276200,276244,183
2026-05-22 17:40:00,276244,276839,276120,276790,704
2026-05-22 17:45:00,276790,277188,276599,277150,1131
2026-05-22 17:50:00,277120,277147,276410,276762,598
2026-05-22 17:55:00,276790,276974,276400,276400,315
2026-05-22 18:00:00,276451,276493,275568,275742,2035
2026-05-22 18:05:00,275711,275899,275410,275746,1320
2026-05-22 18:10:00,275720,276200,275618,276081,731
2026-05-22 18:15:00,276081,276084,275685,275915,445
2026-05-22 18:20:00,275915,276200,275820,276056,292
2026-05-22 18:25:00,276056,276789,276020,276774,668
2026-05-22 18:30:00,276800,277192,276244,276458,1369
2026-05-22 18:35:00,276458,277259,276301,277200,1022
2026-05-22 18:40:00,277224,277539,276967,277084,1594
2026-05-22 18:45:00,277119,277425,277002,277169,638
2026-05-22 18:50:00,277169,277299,276848,276894,424
2026-05-22 18:55:00,276883,277085,276701,276750,435
2026-05-22 19:00:00,276726,277248,276525,276800,728
2026-05-22 19:05:00,276747,276974,276610,276750,293
2026-05-22 19:10:00,276750,276802,276001,276596,1365
2026-05-22 19:15:00,276596,276655,276030,276393,435
2026-05-22 19:20:00,276393,276746,276205,276689,254
2026-05-22 19:25:00,276699,276705,276321,276569,195
2026-05-22 19:30:00,276457,276565,276017,276283,701
2026-05-22 19:35:00,276283,276578,275901,276451,665
2026-05-22 19:40:00,276361,276496,275300,275527,1723
2026-05-22 19:45:00,275597,275833,274863,275111,2731
2026-05-22 19:50:00,275198,275307,274278,274591,2008
2026-05-22 19:55:00,274554,274875,274250,274845,1389
2026-05-22 20:00:00,274900,275170,274577,275051,1077
2026-05-22 20:05:00,275051,275398,274860,275000,702
2026-05-22 20:10:00,275000,275400,274999,275310,489
2026-05-22 20:15:00,275310,275439,275216,275216,332
2026-05-22 20:20:00,275190,275190,274900,275054,423
2026-05-22 20:25:00,275054,275176,274800,274900,340
2026-05-22 20:30:00,274900,275336,274850,275336,390
2026-05-22 20:35:00,275336,275725,275329,275630,754
2026-05-22 20:40:00,275700,275725,275329,275403,459
2026-05-22 20:45:00,275396,275980,275393,275900,534
2026-05-22 20:50:00,275900,275932,275650,275700,312
2026-05-22 20:55:00,275700,275985,275700,275948,482
2026-05-22 21:00:00,275962,276176,275750,275766,647
2026-05-22 21:05:00,275799,275995,275679,275690,186
2026-05-22 21:10:00,275690,275700,275500,275630,229
2026-05-22 21:15:00,275630,276039,275620,275738,277
2026-05-22 21:20:00,275738,276000,275696,275999,185
2026-05-22 21:25:00,275978,276293,275886,276207,649
2026-05-22 21:30:00,276207,276500,276005,276327,651
2026-05-22 21:35:00,276327,276480,275850,275958,453
2026-05-22 21:40:00,276000,276333,275965,276314,312
2026-05-22 21:45:00,276314,276314,275700,275787,353
2026-05-22 21:50:00,275787,276098,275782,276098,119
2026-05-22 21:55:00,276098,276621,276098,276550,768
2026-05-22 22:00:00,276550,276850,276301,276302,711
2026-05-22 22:05:00,276302,276462,276201,276237,291
2026-05-22 22:10:00,276237,276300,275910,276039,448
2026-05-22 22:15:00,276015,276350,275915,275950,253
2026-05-22 22:20:00,275950,276068,275800,276000,390
2026-05-22 22:25:00,276000,276249,275910,276100,236
2026-05-22 22:30:00,276146,276450,276115,276327,316
2026-05-22 22:35:00,276389,276420,276251,276300,149
2026-05-22 22:40:00,276487,276487,276101,276318,314
2026-05-22 22:45:00,276301,276470,275850,275850,522
2026-05-22 22:50:00,275850,276134,275712,275828,406
2026-05-22 22:55:00,275965,276599,275874,276599,781
2026-05-22 23:00:00,276600,276699,276087,276087,763
2026-05-22 23:05:00,276107,276275,276000,276157,305
2026-05-22 23:10:00,276157,276226,276081,276081,135
2026-05-22 23:15:00,276090,276159,275800,275800,519
2026-05-22 23:20:00,275800,275898,275740,275870,716
2026-05-22 23:25:00,275821,276000,275625,275650,1130
2026-05-25 09:00:00,278000,281200,278000,279300,4455
2026-05-25 09:05:00,279300,280100,279284,279670,2130
2026-05-25 09:10:00,279670,279719,279350,279418,1299
2026-05-25 09:15:00,279484,279693,279408,279549,773
2026-05-25 09:20:00,279514,279750,279450,279557,766
2026-05-25 09:25:00,279550,279850,279456,279700,578
2026-05-25 09:30:00,279700,280218,279643,279961,1289
2026-05-25 09:35:00,279961,280071,279801,279902,641
2026-05-25 09:40:00,279900,279980,279633,279728,393
2026-05-25 09:45:00,279728,280050,279600,279840,618
2026-05-25 09:50:00,279840,280196,279775,279992,759
2026-05-25 09:55:00,279992,280200,279991,280200,676
2026-05-25 10:00:00,280154,280699,280154,280397,1650
2026-05-25 10:05:00,280398,280552,280362,280500,312
2026-05-25 10:10:00,280534,280700,280452,280650,460
2026-05-25 10:15:00,280650,280820,280642,280730,475
2026-05-25 10:20:00,280725,280999,280601,280717,686
2026-05-25 10:25:00,280717,280994,280600,280600,457
2026-05-25 10:30:00,280600,280647,280250,280465,385
2026-05-25 10:35:00,280465,280465,280310,280311,250
2026-05-25 10:40:00,280311,280400,280010,280189,482
2026-05-25 10:45:00,280189,280500,280182,280329,268
2026-05-25 10:50:00,280329,280351,279905,279930,582
2026-05-25 10:55:00,279930,280102,279800,279828,421
2026-05-25 11:00:00,279828,280262,279325,280084,921
2026-05-25 11:05:00,280087,280446,280057,280222,396
2026-05-25 11:10:00,280222,280348,279888,279997,336
2026-05-25 11:15:00,279997,280274,279600,279631,378
2026-05-25 11:20:00,279631,279981,279630,279950,384
2026-05-25 11:25:00,279901,279998,279722,279800,189
2026-05-25 11:30:00,279800,279941,279536,279680,347
2026-05-25 11:35:00,279680,279799,279501,279694,272
2026-05-25 11:40:00,279694,279779,279640,279700,127
2026-05-25 11:45:00,279750,280039,279664,279990,277
2026-05-25 11:50:00,279986,279986,279735,279820,192
2026-05-25 11:55:00,279820,279899,279514,279580,225
2026-05-25 12:00:00,279615,279867,279505,279830,319
2026-05-25 12:05:00,279830,279899,279700,279753,106
2026-05-25 12:10:00,279750,279887,279654,279800,102
2026-05-25 12:15:00,279851,280200,279801,280118,334
2026-05-25 12:20:00,280118,280120,279901,279948,126
2026-05-25 12:25:00,279948,280180,279824,280088,208
2026-05-25 12:30:00,280079,280425,280013,280246,405
2026-05-25 12:35:00,280246,280284,280083,280170,208
2026-05-25 12:40:00,280170,280349,280050,280050,178
2026-05-25 12:45:00,280050,280084,279372,279597,860
2026-05-25 12:50:00,279782,279800,279372,279748,394
2026-05-25 12:55:00,279748,279897,279611,279726,114
2026-05-25 13:00:00,279726,280349,279702,280098,772
2026-05-25 13:05:00,280161,280300,280082,280260,206
2026-05-25 13:10:00,280195,280349,280121,280192,232
2026-05-25 13:15:00,280192,280338,280031,280250,228
2026-05-25 13:20:00,280250,280369,280139,280237,261
2026-05-25 13:25:00,280374,280386,280201,280281,351
2026-05-25 13:30:00,280281,280354,280005,280025,151
2026-05-25 13:35:00,280025,280183,280009,280060,118
2026-05-25 13:40:00,280060,280126,279850,279948,411
2026-05-25 13:45:00,279948,280168,279900,280001,197
2026-05-25 13:50:00,280001,280085,279827,279960,182
2026-05-25 13:55:00,279960,280179,279910,280165,309
2026-05-25 14:00:00,280165,280250,280050,280050,246
2026-05-25 14:05:00,280050,280244,280050,280222,272
2026-05-25 14:10:00,280250,280345,280125,280246,432
2026-05-25 14:15:00,280246,280490,280191,280244,573
2026-05-25 14:20:00,280248,280350,279889,279958,297
2026-05-25 14:25:00,279958,280077,279901,280077,128
2026-05-25 14:30:00,280077,280183,279909,280030,122
2026-05-25 14:35:00,280030,280069,279761,279761,282
2026-05-25 14:40:00,279750,280098,279732,279936,144
2026-05-25 14:45:00,279936,280098,279800,279839,199
2026-05-25 14:50:00,279839,279953,279701,279953,137
2026-05-25 14:55:00,279953,280000,279878,280000,85
2026-05-25 15:00:00,280000,280260,279951,280200,220
2026-05-25 15:05:00,280200,280235,280020,280131,133
2026-05-25 15:10:00,280115,280243,280100,280200,142
2026-05-25 15:15:00,280200,280478,280124,280404,513
2026-05-25 15:20:00,280405,280467,280268,280268,252
2026-05-25 15:25:00,280245,280388,280222,280301,204
2026-05-25 15:30:00,280301,280498,280256,280450,327
2026-05-25 15:35:00,280489,280706,280453,280638,675
2026-05-25 15:40:00,280706,280759,280300,280447,618
2026-05-25 15:45:00,280447,280697,280444,280654,212
2026-05-25 15:50:00,280654,280700,280463,280700,194
2026-05-25 15:55:00,280690,280745,280505,280622,307
2026-05-25 16:00:00,280622,280738,280500,280625,308
2026-05-25 16:05:00,280625,280692,280500,280549,212
2026-05-25 16:10:00,280549,280550,280365,280399,363
2026-05-25 16:15:00,280370,280588,280326,280431,354
2026-05-25 16:20:00,280431,280470,280350,280351,292
2026-05-25 16:25:00,280351,280511,280294,280313,460
2026-05-25 16:30:00,280313,280385,280221,280274,352
2026-05-25 16:35:00,280274,280331,280070,280323,407
2026-05-25 16:40:00,280323,280529,280287,280500,331
2026-05-25 16:45:00,280500,280599,280460,280470,252
2026-05-25 16:50:00,280470,280500,280263,280283,439
2026-05-25 16:55:00,280283,280500,280227,280449,258
2026-05-25 17:00:00,280449,280676,280439,280564,428
2026-05-25 17:05:00,280564,280600,280416,280444,194
2026-05-25 17:10:00,280444,280502,280350,280351,72
2026-05-25 17:15:00,280351,280563,280300,280313,253
2026-05-25 17:20:00,280300,280487,280289,280316,149
2026-05-25 17:25:00,280370,280370,280200,280341,225
2026-05-25 17:30:00,280341,280341,279950,280051,774
2026-05-25 17:35:00,280051,280257,280000,280147,250
2026-05-25 17:40:00,280141,280240,280065,280161,131
2026-05-25 17:45:00,280147,280250,280078,280078,126
2026-05-25 17:50:00,280078,280279,279810,280087,597
2026-05-25 17:55:00,280087,280244,280021,280193,165
2026-05-25 18:00:00,280193,280399,280183,280312,280
2026-05-25 18:05:00,280312,280358,280250,280295,151
2026-05-25 18:10:00,280295,280300,279940,280146,287
2026-05-25 18:15:00,280146,280257,279921,280134,318
2026-05-25 18:20:00,280134,280184,280050,280176,122
2026-05-25 18:25:00,280176,280257,280101,280101,125
2026-05-25 18:30:00,280050,280050,279411,279726,1423
2026-05-25 18:35:00,279726,279993,279671,279799,383
2026-05-25 18:40:00,279799,279863,279618,279650,296
2026-05-25 18:45:00,279650,279750,279537,279649,390
2026-05-25 18:50:00,279649,279748,279561,279608,187
2026-05-25 18:55:00,279647,279682,279509,279593,277
2026-05-25 19:00:00,279593,279786,279549,279785,288
2026-05-25 19:05:00,279789,280215,279771,280056,539
2026-05-25 19:10:00,280056,280158,279958,280044,269
2026-05-25 19:15:00,280044,280044,279555,279883,383
2026-05-25 19:20:00,279883,279883,279620,279845,145
2026-05-25 19:25:00,279845,279999,279845,279950,132
2026-05-25 19:30:00,279950,280199,279803,280170,307
2026-05-25 19:35:00,280170,280362,280101,280139,462
2026-05-25 19:40:00,280139,280195,279875,279952,233
2026-05-25 19:45:00,279966,280162,279899,280106,281
2026-05-25 19:50:00,280106,280200,279980,280110,305
2026-05-25 19:55:00,280110,280110,279920,279946,273
2026-05-25 20:00:00,279955,280047,279775,280047,218
2026-05-25 20:05:00,280047,280110,279856,279979,210
2026-05-25 20:10:00,279979,280110,279923,279934,434
2026-05-25 20:15:00,279974,280100,279908,280087,599
2026-05-25 20:20:00,280087,280226,279799,279890,516
2026-05-25 20:25:00,279847,280050,279847,279928,144
2026-05-25 20:30:00,279928,280199,279928,280043,289
2026-05-25 20:35:00,280043,280044,279827,279944,210
2026-05-25 20:40:00,279944,280250,279916,280031,587
2026-05-25 20:45:00,280031,280128,279944,280064,166
2026-05-25 20:50:00,280064,280122,279973,280041,104
2026-05-25 20:55:00,280041,280120,279944,280000,128
2026-05-25 21:00:00,280000,280000,279888,279994,122
2026-05-25 21:05:00,279994,279996,279820,279900,241
2026-05-25 21:10:00,279900,279997,279833,279954,166
2026-05-25 21:15:00,279954,279995,279850,279953,139
2026-05-25 21:20:00,279953,280070,279883,280001,143
2026-05-25 21:25:00,280025,280049,279868,279925,132
2026-05-25 21:30:00,279925,279946,279800,279930,213
2026-05-25 21:35:00,279930,280000,279880,279900,137
2026-05-25 21:40:00,279900,279990,279865,279932,119
2026-05-25 21:45:00,279932,280000,279915,279986,100
2026-05-25 21:50:00,279975,279986,279900,279914,88
2026-05-25 21:55:00,279914,279965,279902,279954,121
2026-05-25 22:00:00,279954,279992,279903,279941,95
2026-05-25 22:05:00,279941,279998,279935,279990,73
2026-05-25 22:10:00,279990,280049,279935,280043,179
2026-05-25 22:15:00,280043,280100,279978,280099,235
2026-05-25 22:20:00,280099,280200,280017,280120,320
2026-05-25 22:25:00,280120,280245,280025,280201,382
2026-05-25 22:30:00,280270,280575,280235,280533,1248
2026-05-25 22:35:00,280501,280699,280401,280674,609
2026-05-25 22:40:00,280674,281000,280500,280922,1620
2026-05-25 22:45:00,280973,280997,280705,280850,546
2026-05-25 22:50:00,280850,280900,280650,280650,500
2026-05-25 22:55:00,280650,280750,280615,280628,429
2026-05-25 23:00:00,280684,280749,280600,280640,412
2026-05-25 23:05:00,280640,280650,280316,280400,440
2026-05-25 23:10:00,280366,280500,280324,280500,311
2026-05-25 23:15:00,280500,280502,280290,280350,692
2026-05-25 23:20:00,280350,280350,280181,280206,660
2026-05-25 23:25:00,280206,280245,280100,280200,666
2026-05-26 09:00:00,278001,278530,277056,277613,2941
2026-05-26 09:05:00,277669,277670,277320,277350,1269
2026-05-26 09:10:00,277350,277439,277216,277231,671
2026-05-26 09:15:00,277220,277369,276827,277349,1353
2026-05-26 09:20:00,277351,277400,277061,277147,533
2026-05-26 09:25:00,277147,277270,277007,277213,421
2026-05-26 09:30:00,277213,277213,276657,276750,939
2026-05-26 09:35:00,276750,276963,276616,276850,523
2026-05-26 09:40:00,276850,276927,276593,276728,656
2026-05-26 09:45:00,276728,276850,276600,276696,392
2026-05-26 09:50:00,276696,276696,276050,276310,926
2026-05-26 09:55:00,276310,276315,276021,276267,487
2026-05-26 10:00:00,276263,276295,275900,276070,1064
2026-05-26 10:05:00,276070,276150,275750,275979,533
2026-05-26 10:10:00,275979,276136,275800,275850,617
2026-05-26 10:15:00,275850,275944,275691,275842,583
2026-05-26 10:20:00,275853,276059,275751,275786,447
2026-05-26 10:25:00,275786,275964,275450,275575,801
2026-05-26 10:30:00,275575,275828,275176,275783,983
2026-05-26 10:35:00,275802,276059,275640,276043,528
2026-05-26 10:40:00,276026,276287,275900,276102,501
2026-05-26 10:45:00,276150,276516,276145,276197,594
2026-05-26 10:50:00,276197,276472,276115,276428,241
2026-05-26 10:55:00,276400,276637,276305,276549,330
2026-05-26 11:00:00,276509,276670,276250,276563,482
2026-05-26 11:05:00,276563,276590,276051,276051,223
2026-05-26 11:10:00,276050,276201,275701,276006,833
2026-05-26 11:15:00,276006,276161,275750,275850,327
2026-05-26 11:20:00,275828,276030,275602,275808,682
2026-05-26 11:25:00,275808,276000,275700,275916,158
2026-05-26 11:30:00,275916,276150,275870,275940,301
2026-05-26 11:35:00,275940,275973,275652,275830,224
2026-05-26 11:40:00,275830,276001,275575,275969,268
2026-05-26 11:45:00,275969,276031,275857,275977,125
2026-05-26 11:50:00,276047,276284,275900,276065,276
2026-05-26 11:55:00,276075,276249,275700,275813,428
2026-05-26 12:00:00,275813,275897,275500,275690,576
2026-05-26 12:05:00,275673,275900,275625,275873,177
2026-05-26 12:10:00,275873,275873,275600,275731,227
2026-05-26 12:15:00,275731,275800,275500,275503,264
2026-05-26 12:20:00,275511,275740,275503,275715,168
2026-05-26 12:25:00,275715,275829,275665,275721,217
2026-05-26 12:30:00,275721,275857,275500,275554,248
2026-05-26 12:35:00,275554,275646,275286,275286,630
2026-05-26 12:40:00,275286,275619,275200,275300,617
2026-05-26 12:45:00,275300,275300,274459,275125,2038
2026-05-26 12:50:00,275142,275275,274974,275257,391
2026-05-26 12:55:00,275256,275275,275035,275068,295
2026-05-26 13:00:00,275068,275174,274743,274970,569
2026-05-26 13:05:00,274970,275063,274700,274925,342
2026-05-26 13:10:00,274925,275075,274768,275050,313
2026-05-26 13:15:00,275050,275320,274897,275300,391
2026-05-26 13:20:00,275300,275350,275113,275259,149
2026-05-26 13:25:00,275259,275499,275213,275349,260
2026-05-26 13:30:00,275407,275594,275295,275475,315
2026-05-26 13:35:00,275475,275483,275215,275341,133
2026-05-26 13:40:00,275400,275417,275126,275131,198
2026-05-26 13:45:00,275131,275291,275105,275221,111
2026-05-26 13:50:00,275221,275221,275104,275104,88
2026-05-26 13:55:00,275104,275160,274810,274850,254
2026-05-26 14:00:00,274850,274972,274776,274839,205
2026-05-26 14:05:00,274856,275250,274779,274929,302
2026-05-26 14:10:00,274994,275142,274929,275052,148
2026-05-26 14:15:00,275052,275052,274715,274808,210
2026-05-26 14:20:00,274808,275000,274789,274903,130
2026-05-26 14:25:00,274903,274977,274851,274956,131
2026-05-26 14:30:00,274975,275131,274910,275131,147
2026-05-26 14:35:00,275131,275145,274900,274900,173
2026-05-26 14:40:00,274900,274994,274770,274816,176
2026-05-26 14:45:00,274816,275325,274791,275200,357
2026-05-26 14:50:00,275236,275236,274900,275041,198
2026-05-26 14:55:00,275041,275184,274910,275165,108
2026-05-26 15:00:00,275123,275153,274900,275064,140
2026-05-26 15:05:00,275064,275109,274900,274900,167
2026-05-26 15:10:00,274900,274996,274302,274450,1277
2026-05-26 15:15:00,274447,274598,274300,274515,774
2026-05-26 15:20:00,274567,274800,274503,274678,450
2026-05-26 15:25:00,274716,274818,274601,274674,494
2026-05-26 15:30:00,274674,274878,274625,274709,326
2026-05-26 15:35:00,274734,275000,274624,274909,491
2026-05-26 15:40:00,274919,275134,274910,275100,575
2026-05-26 15:45:00,275144,275450,275144,275254,700
2026-05-26 15:50:00,275300,275543,275268,275350,484
2026-05-26 15:55:00,275350,275840,275327,275800,896
2026-05-26 16:00:00,275758,275993,275600,275830,807
2026-05-26 16:05:00,275794,275915,275385,275483,462
2026-05-26 16:10:00,275483,275631,275302,275400,313
2026-05-26 16:15:00,275400,275491,275201,275408,325
2026-05-26 16:20:00,275408,275980,275408,275710,470
2026-05-26 16:25:00,275710,275929,275564,275800,298
2026-05-26 16:30:00,275764,275870,275600,275716,282
2026-05-26 16:35:00,275716,275778,275633,275702,224
2026-05-26 16:40:00,275702,275933,275702,275743,281
2026-05-26 16:45:00,275740,275784,275555,275569,208
2026-05-26 16:50:00,275569,275665,275441,275665,229
2026-05-26 16:55:00,275613,275648,275321,275422,198
2026-05-26 17:00:00,275422,275567,275113,275259,530
2026-05-26 17:05:00,275358,275358,275044,275148,415
2026-05-26 17:10:00,275148,275209,274936,275160,418
2026-05-26 17:15:00,275160,275323,275049,275228,278
2026-05-26 17:20:00,275228,275498,275195,275332,305
2026-05-26 17:25:00,275332,275344,275100,275175,138
2026-05-26 17:30:00,275175,275249,275060,275133,198
2026-05-26 17:35:00,275189,275287,274780,275137,827
2026-05-26 17:40:00,275137,275200,274873,275100,171
2026-05-26 17:45:00,275100,275286,275057,275215,144
2026-05-26 17:50:00,275215,275215,275090,275090,109
2026-05-26 17:55:00,275090,275150,274910,274989,210
2026-05-26 18:00:00,274924,275000,274456,274682,1939
2026-05-26 18:05:00,274650,274699,273850,274029,1713
2026-05-26 18:10:00,274038,274299,274000,274276,932
2026-05-26 18:15:00,274271,274800,274120,274763,1080
2026-05-26 18:20:00,274768,274846,274551,274589,659
2026-05-26 18:25:00,274589,274846,274551,274689,445
2026-05-26 18:30:00,274616,274936,274573,274921,384
2026-05-26 18:35:00,274925,274925,274611,274800,235
2026-05-26 18:40:00,274800,274800,274483,274630,267
2026-05-26 18:45:00,274609,274934,274609,274886,399
2026-05-26 18:50:00,274886,275192,274834,275169,715
2026-05-26 18:55:00,275169,275399,275000,275019,480
2026-05-26 19:00:00,275019,275250,274793,274815,406
2026-05-26 19:05:00,274815,275199,274736,275122,384
2026-05-26 19:10:00,275082,275400,275082,275200,520
2026-05-26 19:15:00,275200,275350,275101,275130,193
2026-05-26 19:20:00,275130,275145,274395,274441,934
2026-05-26 19:25:00,274599,274742,274418,274491,390
2026-05-26 19:30:00,274531,274531,274236,274408,634
2026-05-26 19:35:00,274408,274900,274400,274850,391
2026-05-26 19:40:00,274899,274899,274500,274650,299
2026-05-26 19:45:00,274699,274867,274522,274861,371
2026-05-26 19:50:00,274861,274880,274700,274757,294
2026-05-26 19:55:00,274757,274941,274751,274881,297
2026-05-26 20:00:00,274881,275121,274830,274950,522
2026-05-26 20:05:00,274950,275280,274888,275200,442
2026-05-26 20:10:00,275178,275250,274915,274917,269
2026-05-26 20:15:00,274935,274999,274785,274855,235
2026-05-26 20:20:00,274855,274885,274700,274701,194
2026-05-26 20:25:00,274701,274896,274564,274879,270
2026-05-26 20:30:00,274879,274907,274555,274679,246
2026-05-26 20:35:00,274700,274815,274610,274734,186
2026-05-26 20:40:00,274734,274792,274635,274712,94
2026-05-26 20:45:00,274712,274750,274450,274481,439
2026-05-26 20:50:00,274481,274562,274398,274445,375
2026-05-26 20:55:00,274445,274650,274422,274598,252
2026-05-26 21:00:00,274598,274632,274383,274576,444
2026-05-26 21:05:00,274576,274612,274425,274600,264
2026-05-26 21:10:00,274600,275000,274541,275000,339
2026-05-26 21:15:00,275000,275000,274625,274723,237
2026-05-26 21:20:00,274723,274723,274501,274526,284
2026-05-26 21:25:00,274526,274581,274220,274355,770
2026-05-26 21:30:00,274395,274445,274245,274332,320
2026-05-26 21:35:00,274360,274425,274245,274425,300
2026-05-26 21:40:00,274445,274585,274400,274559,337
2026-05-26 21:45:00,274559,274590,274200,274384,483
2026-05-26 21:50:00,274384,274438,274274,274438,185
2026-05-26 21:55:00,274438,274588,274428,274513,239
2026-05-26 22:00:00,274559,274810,274550,274714,699
2026-05-26 22:05:00,274631,274750,274484,274493,141
2026-05-26 22:10:00,274493,274527,274310,274399,271
2026-05-26 22:15:00,274399,274480,274301,274378,176
2026-05-26 22:20:00,274378,274490,274334,274489,171
2026-05-26 22:25:00,274489,274600,274480,274543,205
2026-05-26 22:30:00,274543,274600,274406,274500,128
2026-05-26 22:35:00,274500,274546,274452,274519,130
2026-05-26 22:40:00,274519,274610,274480,274610,193
2026-05-26 22:45:00,274610,275406,274566,275228,1399
2026-05-26 22:50:00,275299,275965,275227,275700,1806
2026-05-26 22:55:00,275700,275731,275400,275400,822
2026-05-26 23:00:00,275439,275439,275051,275125,594
2026-05-26 23:05:00,275125,275191,274400,274560,950
2026-05-26 23:10:00,274560,274958,274542,274834,411
2026-05-26 23:15:00,274804,275023,274802,274950,534
2026-05-26 23:20:00,274950,274977,274799,274855,578
2026-05-26 23:25:00,274850,274950,274524,274524,757
2026-05-27 09:00:00,276240,277686,275500,276083,2289
2026-05-27 09:05:00,276083,276084,275750,275868,712
2026-05-27 09:10:00,275867,276150,275867,275961,545
2026-05-27 09:15:00,275961,276199,275914,275914,420
2026-05-27 09:20:00,275914,276100,275851,276004,442
2026-05-27 09:25:00,276004,276004,275603,275620,399
2026-05-27 09:30:00,275620,275980,275605,275980,355
2026-05-27 09:35:00,275980,276100,275820,275880,283
2026-05-27 09:40:00,275880,275899,275704,275854,154
2026-05-27 09:45:00,275854,276063,275800,275800,457
2026-05-27 09:50:00,275820,276097,275759,275848,359
2026-05-27 09:55:00,275841,275841,275612,275612,154
2026-05-27 10:00:00,275598,275946,275501,275880,396
2026-05-27 10:05:00,275880,275897,275714,275850,99
2026-05-27 10:10:00,275850,276180,275806,276180,477
2026-05-27 10:15:00,276180,276700,276176,276658,910
2026-05-27 10:20:00,276660,276700,276301,276470,529
2026-05-27 10:25:00,276471,276474,276220,276229,193
2026-05-27 10:30:00,276229,276654,276110,276628,380
2026-05-27 10:35:00,276624,276650,276400,276514,172
2026-05-27 10:40:00,276514,276514,276267,276385,206
2026-05-27 10:45:00,276385,276385,276100,276268,190
2026-05-27 10:50:00,276268,276433,276166,276385,166
2026-05-27 10:55:00,276385,276560,276356,276497,185
2026-05-27 11:00:00,276593,276700,274817,275141,2377
2026-05-27 11:05:00,274949,275351,274595,275223,1206
2026-05-27 11:10:00,275217,275217,273355,273681,3951
2026-05-27 11:15:00,273550,274082,273022,274013,1727
2026-05-27 11:20:00,274013,274349,273397,273830,1149
2026-05-27 11:25:00,273830,274083,273428,273553,763
2026-05-27 11:30:00,273545,273800,273276,273578,816
2026-05-27 11:35:00,273578,273900,273416,273757,443
2026-05-27 11:40:00,273840,273890,273589,273681,299
2026-05-27 11:45:00,273681,273785,272412,272579,2696
2026-05-27 11:50:00,272525,272710,271342,271803,2857
2026-05-27 11:55:00,271802,271882,271117,271451,1986
2026-05-27 12:00:00,271546,271546,270550,271254,2448
2026-05-27 12:05:00,271375,271499,270997,271201,1042
2026-05-27 12:10:00,271201,271799,271164,271799,777
2026-05-27 12:15:00,271799,272193,271745,271905,876
2026-05-27 12:20:00,271895,272281,271895,272247,516
2026-05-27 12:25:00,272247,272280,271674,271919,504
2026-05-27 12:30:00,271941,272025,271540,271800,477
2026-05-27 12:35:00,271773,272173,271550,271858,474
2026-05-27 12:40:00,271858,271991,271527,271550,376
2026-05-27 12:45:00,271586,271800,271127,271764,542
2026-05-27 12:50:00,271765,272200,271608,271733,379
2026-05-27 12:55:00,271733,272026,271691,271879,265
2026-05-27 13:00:00,271879,272110,271700,271778,226
2026-05-27 13:05:00,271778,271901,271433,271634,559
2026-05-27 13:10:00,271634,271920,271510,271542,233
2026-05-27 13:15:00,271552,271750,270964,271027,809
2026-05-27 13:20:00,270996,271546,270653,271416,1097
2026-05-27 13:25:00,271416,271664,271408,271500,239
2026-05-27 13:30:00,271437,272100,271413,272068,699
2026-05-27 13:35:00,272068,272081,271745,271756,371
2026-05-27 13:40:00,271700,271865,271563,271865,186
2026-05-27 13:45:00,271865,272100,271828,272080,273
2026-05-27 13:50:00,272080,272271,271951,272170,368
2026-05-27 13:55:00,272229,272239,271996,272016,171
2026-05-27 14:00:00,272016,272150,271850,272107,208
2026-05-27 14:05:00,272150,272450,272071,272450,367
2026-05-27 14:10:00,272449,272660,272386,272653,694
2026-05-27 14:15:00,272700,272700,272190,272367,418
2026-05-27 14:20:00,272367,272641,272354,272500,308
2026-05-27 14:25:00,272500,272600,272347,272458,162
2026-05-27 14:30:00,272458,272458,272000,272053,258
2026-05-27 14:35:00,272053,272179,271900,272136,178
2026-05-27 14:40:00,272136,272254,272009,272195,195
2026-05-27 14:45:00,272195,272580,272195,272524,304
2026-05-27 14:50:00,272550,272643,272450,272450,254
2026-05-27 14:55:00,272450,272469,272162,272380,205
2026-05-27 15:00:00,272380,272380,272150,272285,200
2026-05-27 15:05:00,272285,272585,272252,272508,143
2026-05-27 15:10:00,272508,272569,272300,272325,160
2026-05-27 15:15:00,272325,272490,272252,272490,123
2026-05-27 15:20:00,272490,272780,272447,272780,303
2026-05-27 15:25:00,272799,272850,272612,272650,321
2026-05-27 15:30:00,272650,272716,272500,272716,346
2026-05-27 15:35:00,272716,272852,272628,272720,254
2026-05-27 15:40:00,272719,272919,272706,272823,280
2026-05-27 15:45:00,272823,272901,272400,272400,326
2026-05-27 15:50:00,272400,272489,272200,272453,414
2026-05-27 15:55:00,272453,272453,272300,272360,165
2026-05-27 16:00:00,272360,272390,272169,272265,240
2026-05-27 16:05:00,272265,272379,271540,271722,794
2026-05-27 16:10:00,271555,271970,271333,271666,1350
2026-05-27 16:15:00,271611,271666,270577,270742,2694
2026-05-27 16:20:00,270786,270897,269898,270070,3925
2026-05-27 16:25:00,270099,270500,269545,269938,2348
2026-05-27 16:30:00,269974,270739,269950,270690,1083
2026-05-27 16:35:00,270605,270620,270116,270118,698
2026-05-27 16:40:00,270216,270216,269400,269900,1750
2026-05-27 16:45:00,269900,270152,269510,270130,1058
2026-05-27 16:50:00,270099,270128,269701,269950,554
2026-05-27 16:55:00,269950,269999,269511,269511,537
2026-05-27 17:00:00,269550,269596,268051,268680,3856
2026-05-27 17:05:00,268647,269291,268284,268954,1300
2026-05-27 17:10:00,268954,269642,268601,269548,1015
2026-05-27 17:15:00,269556,269577,268925,269005,756
2026-05-27 17:20:00,268970,269217,268881,269028,569
2026-05-27 17:25:00,268922,269000,268380,268700,973
2026-05-27 17:30:00,268700,269472,268612,269273,935
2026-05-27 17:35:00,269273,269516,269209,269472,543
2026-05-27 17:40:00,269450,269599,269247,269599,1103
2026-05-27 17:45:00,269533,271079,269300,270583,2611
2026-05-27 17:50:00,270547,271706,270212,271129,3436
2026-05-27 17:55:00,271214,271632,270960,271193,1441
2026-05-27 18:00:00,271156,271491,270256,270426,1246
2026-05-27 18:05:00,270394,271011,270056,270525,1179
2026-05-27 18:10:00,270497,270568,270228,270483,600
2026-05-27 18:15:00,270441,270549,270050,270320,695
2026-05-27 18:20:00,270320,270720,270060,270704,480
2026-05-27 18:25:00,270704,270742,269894,269975,780
2026-05-27 18:30:00,269850,270550,269723,270150,738
2026-05-27 18:35:00,270126,270190,269350,269476,1000
2026-05-27 18:40:00,269387,269800,269052,269449,1081
2026-05-27 18:45:00,269388,269740,269119,269303,612
2026-05-27 18:50:00,269303,269570,269051,269565,481
2026-05-27 18:55:00,269652,269680,268850,269025,866
2026-05-27 19:00:00,269129,270281,269128,270206,1153
2026-05-27 19:05:00,270145,270254,269501,269849,767
2026-05-27 19:10:00,269831,270075,269574,269820,369
2026-05-27 19:15:00,269819,270171,269773,270000,389
2026-05-27 19:20:00,270000,270472,269903,270045,727
2026-05-27 19:25:00,270049,270349,269962,270224,197
2026-05-27 19:30:00,270300,270524,270087,270448,394
2026-05-27 19:35:00,270508,270649,270125,270548,589
2026-05-27 19:40:00,270539,270998,270374,270465,797
2026-05-27 19:45:00,270447,270900,270447,270850,360
2026-05-27 19:50:00,270850,271150,270350,270490,883
2026-05-27 19:55:00,270540,270700,270371,270666,221
2026-05-27 20:00:00,270568,270799,269950,270200,736
2026-05-27 20:05:00,270166,270374,270061,270208,291
2026-05-27 20:10:00,270208,270300,269964,270148,226
2026-05-27 20:15:00,270148,270605,270148,270260,241
2026-05-27 20:20:00,270250,270286,270072,270249,225
2026-05-27 20:25:00,270216,270216,269698,269883,491
2026-05-27 20:30:00,269883,270180,269617,269909,521
2026-05-27 20:35:00,269909,269999,269656,269656,245
2026-05-27 20:40:00,269703,270252,269621,270091,326
2026-05-27 20:45:00,270091,270214,269914,270035,234
2026-05-27 20:50:00,270035,270287,270035,270280,152
2026-05-27 20:55:00,270189,270350,270100,270250,222
2026-05-27 21:00:00,270250,270679,270238,270332,493
2026-05-27 21:05:00,270332,270545,270332,270490,148
2026-05-27 21:10:00,270490,270575,270102,270147,249
2026-05-27 21:15:00,270147,270486,270061,270160,222
2026-05-27 21:20:00,270160,270244,269915,269975,310
2026-05-27 21:25:00,269975,270441,269975,270398,177
2026-05-27 21:30:00,270398,270678,270259,270467,374
2026-05-27 21:35:00,270467,270499,270200,270473,129
2026-05-27 21:40:00,270500,270580,270378,270471,182
2026-05-27 21:45:00,270471,270511,270326,270375,141
2026-05-27 21:50:00,270375,270888,270327,270800,442
2026-05-27 21:55:00,270800,270950,270631,270635,438
2026-05-27 22:00:00,270635,270918,270635,270687,269
2026-05-27 22:05:00,270687,270807,270561,270600,214
2026-05-27 22:10:00,270585,270936,270585,270876,269
2026-05-27 22:15:00,270876,270919,270746,270800,279
2026-05-27 22:20:00,270800,270820,270500,270567,254
2026-05-27 22:25:00,270567,270725,270500,270720,175
2026-05-27 22:30:00,270700,270755,270528,270633,131
2026-05-27 22:35:00,270633,270637,270276,270319,359
2026-05-27 22:40:00,270319,270589,270319,270422,155
2026-05-27 22:45:00,270422,270596,270364,270565,274
2026-05-27 22:50:00,270509,270870,270467,270600,286
2026-05-27 22:55:00,270611,270611,270381,270521,251
2026-05-27 23:00:00,270521,270700,270505,270700,275
2026-05-27 23:05:00,270700,270800,270600,270625,219
2026-05-27 23:10:00,270600,270680,270552,270657,254
2026-05-27 23:15:00,270657,270674,270566,270599,384
2026-05-27 23:20:00,270599,270850,270533,270800,691
2026-05-27 23:25:00,270899,271000,270575,270637,925
2026-05-28 17:00:00,268524,268524,265838,266650,2668
2026-05-28 17:05:00,266617,266617,266500,266527,1092
2026-05-28 17:10:00,266534,266686,266505,266515,787
2026-05-28 17:15:00,266548,266564,266011,266033,918
2026-05-28 17:20:00,266033,266050,265384,265498,1780
2026-05-28 17:25:00,265477,266250,265450,266225,1078
2026-05-28 17:30:00,266249,266425,266050,266230,715
2026-05-28 17:35:00,266134,266300,266106,266229,416
2026-05-28 17:40:00,266229,266714,265940,266444,1294
2026-05-28 17:45:00,266554,266600,266150,266263,472
2026-05-28 17:50:00,266380,266380,265688,265700,937
2026-05-28 17:55:00,265695,266149,265611,266030,477
2026-05-28 18:00:00,266030,266850,266030,266652,1390
2026-05-28 18:05:00,266693,267375,266590,267200,1444
2026-05-28 18:10:00,267165,267554,267165,267466,1321
2026-05-28 18:15:00,267500,268007,267301,267981,1352
2026-05-28 18:20:00,267981,268771,267945,268506,2226
2026-05-28 18:25:00,268493,269443,268200,269304,2546
2026-05-28 18:30:00,269342,269410,268200,268652,1962
2026-05-28 18:35:00,268663,269100,268065,268211,1217
2026-05-28 18:40:00,268232,268500,267856,267888,1039
2026-05-28 18:45:00,267851,268500,267851,268424,530
2026-05-28 18:50:00,268408,268799,268267,268303,615
2026-05-28 18:55:00,268303,268600,267881,267881,506
2026-05-28 19:00:00,267950,268164,267389,267412,1172
2026-05-28 19:05:00,267412,267581,266980,267145,1234
2026-05-28 19:10:00,267145,267735,267050,267515,750
2026-05-28 19:15:00,267401,267947,267250,267430,620
2026-05-28 19:20:00,267430,268084,267337,267423,753
2026-05-28 19:25:00,267388,267550,267225,267497,344
2026-05-28 19:30:00,267550,267750,267100,267461,471
2026-05-28 19:35:00,267461,267999,267055,267836,658
2026-05-28 19:40:00,267836,270085,267620,269964,3404
2026-05-28 19:45:00,270044,270608,269352,269950,3903
2026-05-28 19:50:00,270000,270256,269500,270152,1746
2026-05-28 19:55:00,270141,270500,269728,270044,1448
2026-05-28 20:00:00,270044,270595,269636,269668,1335
2026-05-28 20:05:00,269668,269990,269444,269902,837
2026-05-28 20:10:00,269985,270375,269804,270207,656
2026-05-28 20:15:00,270207,271078,270207,270500,2539
2026-05-28 20:20:00,270547,270850,270224,270537,627
2026-05-28 20:25:00,270551,270624,270115,270483,657
2026-05-28 20:30:00,270483,270983,270366,270729,1017
2026-05-28 20:35:00,270734,271220,270575,270830,997
2026-05-28 20:40:00,270830,270949,270501,270528,461
2026-05-28 20:45:00,270502,270580,270291,270400,594
2026-05-28 20:50:00,270400,270649,270145,270649,551
2026-05-28 20:55:00,270649,270963,270526,270656,494
2026-05-28 21:00:00,270656,271300,270656,271284,1066
2026-05-28 21:05:00,271289,271666,271138,271272,1403
2026-05-28 21:10:00,271272,271526,270937,271484,711
2026-05-28 21:15:00,271484,271555,271300,271351,407
2026-05-28 21:20:00,271351,271688,271351,271504,618
2026-05-28 21:25:00,271504,271680,271400,271647,554
2026-05-28 21:30:00,271680,271846,271084,271288,810
2026-05-28 21:35:00,271288,271650,271224,271529,444
2026-05-28 21:40:00,271529,271655,271306,271409,248
2026-05-28 21:45:00,271458,272699,271451,272631,2067
2026-05-28 21:50:00,272625,273579,272434,273520,2998
2026-05-28 21:55:00,273519,273781,273133,273320,1504
2026-05-28 22:00:00,273357,273751,272825,272910,1390
2026-05-28 22:05:00,272971,273308,272819,273284,972
2026-05-28 22:10:00,273264,273698,273182,273614,908
2026-05-28 22:15:00,273595,274185,273574,273811,1694
2026-05-28 22:20:00,273805,274069,273554,273749,889
2026-05-28 22:25:00,273700,273800,273501,273680,482
2026-05-28 22:30:00,273697,274005,273601,273712,732
2026-05-28 22:35:00,273712,273734,273286,273550,1013
2026-05-28 22:40:00,273588,273800,273501,273711,442
2026-05-28 22:45:00,273711,273711,273101,273119,718
2026-05-28 22:50:00,273119,273400,272870,273300,623
2026-05-28 22:55:00,273300,273433,273106,273183,378
2026-05-28 23:00:00,273255,273500,273147,273464,470
2026-05-28 23:05:00,273419,273695,273306,273694,325
2026-05-28 23:10:00,273696,273775,273608,273687,522
2026-05-28 23:15:00,273705,274102,273687,274088,1284
2026-05-28 23:20:00,274088,274100,273900,273991,668
2026-05-28 23:25:00,273931,274039,273901,274000,1028
2026-05-29 09:00:00,273489,273489,272000,272850,1978
2026-05-29 09:05:00,272840,273198,272701,272791,618
2026-05-29 09:10:00,272791,272985,272703,272762,571
2026-05-29 09:15:00,272762,273000,272762,272920,358
2026-05-29 09:20:00,272920,273117,272750,272815,528
2026-05-29 09:25:00,272815,272998,272650,272661,332
2026-05-29 09:30:00,272651,272987,272650,272867,229
2026-05-29 09:35:00,272867,272943,272762,272940,190
2026-05-29 09:40:00,272940,272960,272827,272900,111
2026-05-29 09:45:00,272900,273100,272823,272850,369
2026-05-29 09:50:00,272850,273804,272850,273658,561
2026-05-29 09:55:00,273703,273950,273425,273672,674
2026-05-29 10:00:00,273672,273750,273505,273650,241
2026-05-29 10:05:00,273650,273789,273400,273428,319
2026-05-29 10:10:00,273444,273501,272785,273352,629
2026-05-29 10:15:00,273352,273519,273149,273508,303
2026-05-29 10:20:00,273412,273550,273281,273466,124
2026-05-29 10:25:00,273500,273884,273379,273850,394
2026-05-29 10:30:00,273840,273898,273500,273500,259
2026-05-29 10:35:00,273586,273598,273457,273500,134
2026-05-29 10:40:00,273500,273600,273260,273600,181
2026-05-29 10:45:00,273600,273710,273433,273500,100
2026-05-29 10:50:00,273500,273500,273301,273301,121
2026-05-29 10:55:00,273301,273410,273100,273400,206
2026-05-29 11:00:00,273290,273525,272904,273079,373
2026-05-29 11:05:00,273079,273111,272106,272122,935
2026-05-29 11:10:00,272108,272490,272059,272232,690
2026-05-29 11:15:00,272297,272684,272100,272458,370
2026-05-29 11:20:00,272458,272900,272226,272855,367
2026-05-29 11:25:00,272855,272855,272500,272670,196
2026-05-29 11:30:00,272739,273072,272678,272894,375
2026-05-29 11:35:00,272894,273000,272600,272600,143
2026-05-29 11:40:00,272525,272760,272444,272760,202
2026-05-29 11:45:00,272760,272884,272400,272493,250
2026-05-29 11:50:00,272493,272900,272493,272840,199
2026-05-29 11:55:00,272840,272880,272606,272650,125
2026-05-29 12:00:00,272650,272880,272600,272759,171
2026-05-29 12:05:00,272703,272776,272400,272474,246
2026-05-29 12:10:00,272474,272503,272382,272412,203
2026-05-29 12:15:00,272413,272633,272350,272591,160
2026-05-29 12:20:00,272591,272955,272520,272870,282
2026-05-29 12:25:00,272870,273306,272870,273285,520
2026-05-29 12:30:00,273207,273207,272711,272750,249
2026-05-29 12:35:00,272750,272827,272519,272650,225
2026-05-29 12:40:00,272636,272640,272105,272105,1065
2026-05-29 12:45:00,272113,272425,271840,272198,1050
2026-05-29 12:50:00,272198,272198,271611,271955,720
2026-05-29 12:55:00,271900,272103,271800,272030,290
2026-05-29 13:00:00,272030,272180,271718,272003,474
2026-05-29 13:05:00,272003,272099,271630,271700,355
2026-05-29 13:10:00,271641,272162,271641,272162,440
2026-05-29 13:15:00,272126,272400,272126,272300,265
2026-05-29 13:20:00,272300,272400,272182,272234,237
2026-05-29 13:25:00,272234,272393,272172,272247,141
2026-05-29 13:30:00,272050,272074,271662,271750,307
2026-05-29 13:35:00,271750,271871,271026,271052,821
2026-05-29 13:40:00,271132,271654,271053,271181,629
2026-05-29 13:45:00,271128,271300,270880,271167,864
2026-05-29 13:50:00,271100,271425,271000,271051,378
2026-05-29 13:55:00,271051,271379,270900,271279,280
2026-05-29 14:00:00,271266,271279,270950,271050,447
2026-05-29 14:05:00,271050,271050,270710,270869,599
2026-05-29 14:10:00,270869,270994,270650,270895,543
2026-05-29 14:15:00,270800,270800,270181,270198,863
2026-05-29 14:20:00,270198,270551,269710,270425,1410
2026-05-29 14:25:00,270425,270549,270351,270407,276
2026-05-29 14:30:00,270407,270750,270200,270750,563
2026-05-29 14:35:00,270750,271350,270700,271340,529
2026-05-29 14:40:00,271303,271500,271101,271468,424
2026-05-29 14:45:00,271468,271750,271401,271663,573
2026-05-29 14:50:00,271642,271642,271200,271295,294
2026-05-29 14:55:00,271289,271894,271172,271789,347
2026-05-29 15:00:00,271789,271980,271321,271549,347
2026-05-29 15:05:00,271600,271631,271270,271319,219
2026-05-29 15:10:00,271319,271648,271302,271600,168
2026-05-29 15:15:00,271600,271770,271436,271652,291
2026-05-29 15:20:00,271703,271880,271426,271473,306
2026-05-29 15:25:00,271473,271549,271302,271498,205
2026-05-29 15:30:00,271498,271643,271300,271401,416
2026-05-29 15:35:00,271401,271800,271401,271757,281
2026-05-29 15:40:00,271685,271840,271681,271839,183
2026-05-29 15:45:00,271767,271875,271402,271540,211
2026-05-29 15:50:00,271540,271540,271267,271349,214
2026-05-29 15:55:00,271349,271445,271318,271442,111
2026-05-29 16:00:00,271442,271849,271393,271805,323
2026-05-29 16:05:00,271805,272200,271711,272175,657
2026-05-29 16:10:00,272189,272278,271802,272100,448
2026-05-29 16:15:00,272100,272370,272000,272249,553
2026-05-29 16:20:00,272241,272383,272213,272293,354
2026-05-29 16:25:00,272200,272390,272152,272348,253
2026-05-29 16:30:00,272472,272700,272080,272101,1327
2026-05-29 16:35:00,272101,272177,271825,271900,447
2026-05-29 16:40:00,271900,271999,271752,271890,197
2026-05-29 16:45:00,271900,272175,271822,272175,196
2026-05-29 16:50:00,272175,272399,272101,272274,206
2026-05-29 16:55:00,272302,272385,272038,272137,247
2026-05-29 17:00:00,272137,272220,271900,271926,183
2026-05-29 17:05:00,271926,272094,271625,271788,405
2026-05-29 17:10:00,271788,272025,271788,272007,111
2026-05-29 17:15:00,272007,272220,271905,271905,138
2026-05-29 17:20:00,271905,272070,271273,271783,652
2026-05-29 17:25:00,271783,271971,271617,271955,197
2026-05-29 17:30:00,271955,271955,271400,271466,338
2026-05-29 17:35:00,271466,271563,271221,271505,479
2026-05-29 17:40:00,271505,271621,271043,271199,434
2026-05-29 17:45:00,271183,271341,270707,270915,694
2026-05-29 17:50:00,270915,270915,270250,270757,1171
2026-05-29 17:55:00,270752,271100,270500,270600,611
2026-05-29 18:00:00,270544,271199,270322,270538,1083
2026-05-29 18:05:00,270681,270885,270601,270786,297
2026-05-29 18:10:00,270786,271088,270729,271076,432
2026-05-29 18:15:00,271076,271147,270700,270957,375
2026-05-29 18:20:00,270957,271499,270879,271400,509
2026-05-29 18:25:00,271392,271775,271153,271652,571
2026-05-29 18:30:00,271711,271825,271150,271728,412
2026-05-29 18:35:00,271694,271715,271275,271449,314
2026-05-29 18:40:00,271449,271593,271129,271314,447
2026-05-29 18:45:00,271320,271320,270891,271110,441
2026-05-29 18:50:00,271110,271750,271000,271600,392
2026-05-29 18:55:00,271600,271750,271583,271715,243
2026-05-29 19:00:00,271715,271988,271100,271100,620
2026-05-29 19:05:00,271100,271374,270560,271178,1056
2026-05-29 19:10:00,271178,271519,270901,271208,338
2026-05-29 19:15:00,271208,271359,270960,271307,176
2026-05-29 19:20:00,271307,271350,270912,271307,213
2026-05-29 19:25:00,271328,271500,271035,271257,340
2026-05-29 19:30:00,271257,271788,271042,271496,460
2026-05-29 19:35:00,271538,271638,271325,271490,212
2026-05-29 19:40:00,271490,271648,270909,270924,419
2026-05-29 19:45:00,270924,271000,270450,270532,1115
2026-05-29 19:50:00,270500,270748,270008,270066,828
2026-05-29 19:55:00,269908,270215,269211,269450,2704
2026-05-29 20:00:00,269425,269964,268735,269924,2218
2026-05-29 20:05:00,269924,269941,269186,269399,1026
2026-05-29 20:10:00,269399,270124,269399,270047,793
2026-05-29 20:15:00,270056,270111,269527,269925,547
2026-05-29 20:20:00,269900,271379,269900,270400,2628
2026-05-29 20:25:00,270424,271099,270424,270777,1014
2026-05-29 20:30:00,270777,271699,270777,271625,1642
2026-05-29 20:35:00,271690,272861,271675,272730,3092
2026-05-29 20:40:00,272795,273600,272562,273314,3273
2026-05-29 20:45:00,273277,273500,272502,272602,1494
2026-05-29 20:50:00,272602,272894,272000,272721,1375
2026-05-29 20:55:00,272721,272721,272300,272376,532
2026-05-29 21:00:00,272250,272672,272245,272379,543
2026-05-29 21:05:00,272305,272580,272050,272193,490
2026-05-29 21:10:00,272192,272385,271488,271941,1308
2026-05-29 21:15:00,271941,272044,271500,271890,783
2026-05-29 21:20:00,271889,272248,271855,272000,362
2026-05-29 21:25:00,272000,272090,271901,271932,246
2026-05-29 21:30:00,271932,272000,271742,271850,277
2026-05-29 21:35:00,271850,271885,271650,271671,264
2026-05-29 21:40:00,271671,271720,271274,271676,669
2026-05-29 21:45:00,271625,271990,271625,271786,421
2026-05-29 21:50:00,271786,271990,271750,271866,222
2026-05-29 21:55:00,271853,271853,271626,271848,171
2026-05-29 22:00:00,271848,272450,271750,272412,1340
2026-05-29 22:05:00,272412,272636,272106,272582,643
2026-05-29 22:10:00,272582,272582,272211,272282,402
2026-05-29 22:15:00,272285,272448,272081,272118,287
2026-05-29 22:20:00,272194,272300,271951,272229,225
2026-05-29 22:25:00,272229,272400,272070,272323,210
2026-05-29 22:30:00,272323,272430,272061,272061,271
2026-05-29 22:35:00,272079,272246,272000,272165,229
2026-05-29 22:40:00,272200,272364,271900,271993,311
2026-05-29 22:45:00,271993,271993,271750,271845,305
2026-05-29 22:50:00,271845,271974,271500,271921,591
2026-05-29 22:55:00,271922,271949,271722,271814,148
2026-05-29 23:00:00,271824,271946,271601,271838,281
2026-05-29 23:05:00,271838,272060,271810,272060,309
2026-05-29 23:10:00,272059,272059,271788,271792,308
2026-05-29 23:15:00,271792,271829,271625,271711,385
2026-05-29 23:20:00,271766,271845,271605,271615,463
2026-05-29 23:25:00,271605,271607,271140,271206,1179
2026-06-01 09:00:00,272387,272388,271500,271801,1359
2026-06-01 09:05:00,271830,271830,270765,270984,913
2026-06-01 09:10:00,270860,270980,270383,270474,809
2026-06-01 09:15:00,270474,270629,269800,270560,1173
2026-06-01 09:20:00,270560,270869,270502,270855,518
2026-06-01 09:25:00,270855,270971,270700,270898,286
2026-06-01 09:30:00,270898,271250,270898,270950,506
2026-06-01 09:35:00,270950,270998,270752,270896,387
2026-06-01 09:40:00,270896,270972,270801,270806,134
2026-06-01 09:45:00,270806,271060,270776,270819,205
2026-06-01 09:50:00,270819,270970,270777,270930,161
2026-06-01 09:55:00,270930,271040,270900,271024,127
2026-06-01 10:00:00,271024,271040,270770,270770,142
2026-06-01 10:05:00,270805,270864,270474,270650,337
2026-06-01 10:10:00,270650,271084,270650,270859,237
2026-06-01 10:15:00,270859,270865,270346,270494,281
2026-06-01 10:20:00,270494,270988,270494,270988,110
2026-06-01 10:25:00,270988,270999,270800,270941,212
2026-06-01 10:30:00,270941,271339,270941,271327,276
2026-06-01 10:35:00,271327,271400,271064,271064,330
2026-06-01 10:40:00,271074,271394,271000,271376,348
2026-06-01 10:45:00,271376,271800,271320,271730,437
2026-06-01 10:50:00,271750,271892,271604,271790,351
2026-06-01 10:55:00,271825,271825,271605,271680,189
2026-06-01 11:00:00,271817,271919,271218,271288,444
2026-06-01 11:05:00,271263,271947,271263,271764,214
2026-06-01 11:10:00,271764,271942,271552,271900,248
2026-06-01 11:15:00,271900,272170,271680,272170,402
2026-06-01 11:20:00,272170,272176,271835,272016,380
2026-06-01 11:25:00,272016,272186,271886,271945,420
2026-06-01 11:30:00,271945,271969,271611,271800,315
2026-06-01 11:35:00,271857,271873,271699,271788,122
2026-06-01 11:40:00,271737,271807,271460,271534,200
2026-06-01 11:45:00,271534,271615,271309,271435,167
2026-06-01 11:50:00,271435,271468,271114,271154,330
2026-06-01 11:55:00,271154,271520,271153,271500,178
2026-06-01 12:00:00,271500,271778,271484,271759,155
2026-06-01 12:05:00,271759,271778,271401,271449,154
2026-06-01 12:10:00,271449,271573,271320,271465,140
2026-06-01 12:15:00,271465,271499,271266,271368,130
2026-06-01 12:20:00,271368,271429,270783,270926,448
2026-06-01 12:25:00,270926,271225,270854,271051,264
2026-06-01 12:30:00,271041,271573,270957,271496,217
2026-06-01 12:35:00,271496,271750,271460,271460,301
2026-06-01 12:40:00,271460,271940,271460,271851,272
2026-06-01 12:45:00,271938,272000,271705,271821,348
2026-06-01 12:50:00,271821,271870,271610,271676,138
2026-06-01 12:55:00,271676,271760,271502,271605,200
2026-06-01 13:00:00,271605,271850,271550,271550,167
2026-06-01 13:05:00,271550,271701,271429,271481,139
2026-06-01 13:10:00,271447,271516,271065,271100,293
2026-06-01 13:15:00,271100,271199,270796,271151,590
2026-06-01 13:20:00,271151,271320,271130,271249,213
2026-06-01 13:25:00,271249,271764,271171,271764,410
2026-06-01 13:30:00,271764,271999,271195,271271,580
2026-06-01 13:35:00,271271,271423,271001,271199,209
2026-06-01 13:40:00,271199,271460,271173,271365,164
2026-06-01 13:45:00,271231,271367,270945,271213,311
2026-06-01 13:50:00,271213,271239,270900,271111,336
2026-06-01 13:55:00,271111,271193,270951,271000,120
2026-06-01 14:00:00,271046,271046,270701,270955,452
2026-06-01 14:05:00,270955,271050,270902,271014,91
2026-06-01 14:10:00,271014,271440,271014,271323,263
2026-06-01 14:15:00,271323,271490,271034,271445,327
2026-06-01 14:20:00,271445,271600,271250,271509,280
2026-06-01 14:25:00,271509,271509,271202,271382,92
2026-06-01 14:30:00,271423,271667,271385,271650,179
2026-06-01 14:35:00,271581,271627,271451,271548,82
2026-06-01 14:40:00,271548,271650,271443,271583,235
2026-06-01 14:45:00,271583,272980,271583,272980,2170
2026-06-01 14:50:00,272920,272947,272103,272390,922
2026-06-01 14:55:00,272390,272490,272122,272213,408
2026-06-01 15:00:00,272213,272225,271800,272000,467
2026-06-01 15:05:00,272000,272180,271949,272158,231
2026-06-01 15:10:00,272158,272172,271901,272097,229
2026-06-01 15:15:00,272097,272129,271735,271979,448
2026-06-01 15:20:00,271979,272044,271725,272044,199
2026-06-01 15:25:00,272000,272099,271700,271796,281
2026-06-01 15:30:00,271914,272361,271863,272212,384
2026-06-01 15:35:00,272212,272550,272177,272499,501
2026-06-01 15:40:00,272500,272725,272350,272404,414
2026-06-01 15:45:00,272404,272640,272225,272247,417
2026-06-01 15:50:00,272247,272301,272087,272258,203
2026-06-01 15:55:00,272258,272400,272080,272159,296
2026-06-01 16:00:00,272139,272492,272070,272396,298
2026-06-01 16:05:00,272396,272555,272189,272189,287
2026-06-01 16:10:00,272189,272469,272189,272385,162
2026-06-01 16:15:00,272385,272500,272100,272225,303
2026-06-01 16:20:00,272225,272312,272120,272121,106
2026-06-01 16:25:00,272121,272195,271800,271990,667
2026-06-01 16:30:00,272000,272264,271650,271728,802
2026-06-01 16:35:00,271728,272039,271560,272018,462
2026-06-01 16:40:00,272018,272072,271885,271950,262
2026-06-01 16:45:00,271950,272332,271949,272332,259
2026-06-01 16:50:00,272332,272350,272086,272120,220
2026-06-01 16:55:00,272122,272380,272105,272328,171
2026-06-01 17:00:00,272318,272488,272311,272320,303
2026-06-01 17:05:00,272311,272387,272100,272350,145
2026-06-01 17:10:00,272350,272355,272098,272098,114
2026-06-01 17:15:00,272098,272199,272044,272169,145
2026-06-01 17:20:00,272169,272190,272000,272000,172
2026-06-01 17:25:00,272000,272180,272000,272173,78
2026-06-01 17:30:00,272150,272250,272033,272103,115
2026-06-01 17:35:00,272103,272223,272000,272050,92
2026-06-01 17:40:00,272050,272068,271298,271336,660
2026-06-01 17:45:00,271409,271732,271295,271416,586
2026-06-01 17:50:00,271416,271489,271062,271391,554
2026-06-01 17:55:00,271391,272000,271391,271830,439
2026-06-01 18:00:00,271830,271830,271194,271371,652
2026-06-01 18:05:00,271371,271740,271334,271740,241
2026-06-01 18:10:00,271740,271970,271430,271970,373
2026-06-01 18:15:00,271911,272169,271850,272114,603
2026-06-01 18:20:00,272114,272300,272021,272180,529
2026-06-01 18:25:00,272180,272200,271850,271989,288
2026-06-01 18:30:00,272050,272218,271755,272021,454
2026-06-01 18:35:00,272021,272145,271802,272050,218
2026-06-01 18:40:00,272050,272050,270301,270899,3493
2026-06-01 18:45:00,270724,270998,270411,270668,1083
2026-06-01 18:50:00,270668,270668,269368,269524,3267
2026-06-01 18:55:00,269561,269700,269001,269350,1848
2026-06-01 19:00:00,269500,269526,268551,268825,2633
2026-06-01 19:05:00,268852,269430,268500,269119,1586
2026-06-01 19:10:00,269101,269101,268394,268610,1310
2026-06-01 19:15:00,268610,268871,268294,268444,1130
2026-06-01 19:20:00,268438,268552,267600,267882,2509
2026-06-01 19:25:00,267883,267913,267112,267437,2051
2026-06-01 19:30:00,267201,267673,267003,267495,1842
2026-06-01 19:35:00,267495,268321,267356,268269,1354
2026-06-01 19:40:00,268268,268473,267848,268443,867
2026-06-01 19:45:00,268376,268512,267669,267898,1053
2026-06-01 19:50:00,267840,268275,267760,267894,632
2026-06-01 19:55:00,267975,268200,267612,268200,508
2026-06-01 20:00:00,268200,268689,268091,268474,655
2026-06-01 20:05:00,268474,268600,268200,268269,298
2026-06-01 20:10:00,268260,268830,268260,268652,546
2026-06-01 20:15:00,268636,268740,268255,268432,357
2026-06-01 20:20:00,268462,268462,267817,268118,532
2026-06-01 20:25:00,268116,268285,267915,268249,312
2026-06-01 20:30:00,268255,268613,268238,268454,387
2026-06-01 20:35:00,268454,268853,268069,268721,678
2026-06-01 20:40:00,268724,269101,268600,269031,681
2026-06-01 20:45:00,269031,269082,268703,268979,440
2026-06-01 20:50:00,269000,269080,268851,268897,203
2026-06-01 20:55:00,268897,269492,268817,269350,669
2026-06-01 21:00:00,269259,270350,269250,270231,2220
2026-06-01 21:05:00,270319,270649,269976,270149,1505
2026-06-01 21:10:00,270149,270251,269640,269766,844
2026-06-01 21:15:00,269766,269914,269450,269576,522
2026-06-01 21:20:00,269641,269841,269429,269698,399
2026-06-01 21:25:00,269698,269991,269619,269750,374
2026-06-01 21:30:00,269750,270270,269541,269550,487
2026-06-01 21:35:00,269568,269650,269220,269233,523
2026-06-01 21:40:00,269291,269341,269011,269077,483
2026-06-01 21:45:00,269077,269198,268900,269123,380
2026-06-01 21:50:00,269123,269499,269100,269492,210
2026-06-01 21:55:00,269439,269487,269126,269273,221
2026-06-01 22:00:00,269273,269641,269273,269410,356
2026-06-01 22:05:00,269410,269700,269370,269457,170
2026-06-01 22:10:00,269457,269457,269127,269127,118
2026-06-01 22:15:00,269125,269564,269002,269564,253
2026-06-01 22:20:00,269564,269955,269564,269955,530
2026-06-01 22:25:00,269989,270101,269720,269895,479
2026-06-01 22:30:00,269895,270049,269700,269790,312
2026-06-01 22:35:00,269790,269848,269570,269629,177
2026-06-01 22:40:00,269629,269890,269607,269836,186
2026-06-01 22:45:00,269833,269890,269573,269720,211
2026-06-01 22:50:00,269720,269859,269578,269735,191
2026-06-01 22:55:00,269735,270210,269580,270210,528
2026-06-01 23:00:00,270325,270491,270008,270008,832
2026-06-01 23:05:00,270032,270194,269952,269962,238
2026-06-01 23:10:00,269962,270576,269952,270486,769
2026-06-01 23:15:00,270500,270708,270411,270545,938
2026-06-01 23:20:00,270595,270900,270473,270812,853
2026-06-01 23:25:00,270900,270974,270700,270899,807
2026-06-02 09:00:00,270885,271033,268801,270154,1016
2026-06-02 09:05:00,270199,270560,270199,270276,399
2026-06-02 09:10:00,270276,270340,270150,270185,264
2026-06-02 09:15:00,270170,270350,270052,270304,383
2026-06-02 09:20:00,270304,270600,270215,270267,393
2026-06-02 09:25:00,270267,270699,270267,270699,225
2026-06-02 09:30:00,270700,270778,270555,270744,272
2026-06-02 09:35:00,270744,271400,270727,270993,774
2026-06-02 09:40:00,270993,271168,270935,271144,224
2026-06-02 09:45:00,271144,271714,271047,271443,703
2026-06-02 09:50:00,271480,271664,271313,271525,488
2026-06-02 09:55:00,271525,271580,271256,271391,529
2026-06-02 10:00:00,271410,271993,271345,271962,715
2026-06-02 10:05:00,271962,272045,271673,271921,801
2026-06-02 10:10:00,271921,271983,271808,271867,323
2026-06-02 10:15:00,271867,272305,271792,272023,804
2026-06-02 10:20:00,272023,272199,271907,272140,288
2026-06-02 10:25:00,272130,272300,272054,272221,325
2026-06-02 10:30:00,272221,272480,272102,272265,579
2026-06-02 10:35:00,272265,272351,272138,272168,163
2026-06-02 10:40:00,272210,272649,272200,272587,600
2026-06-02 10:45:00,272634,272700,272394,272536,547
2026-06-02 10:50:00,272536,272613,272371,272400,216
2026-06-02 10:55:00,272400,273293,272200,273266,2154
2026-06-02 11:00:00,273440,275293,273333,275052,5754
2026-06-02 11:05:00,275183,275600,274500,274608,2702
2026-06-02 11:10:00,274650,275152,274500,274905,1089
2026-06-02 11:15:00,274870,275175,274772,274815,1141
2026-06-02 11:20:00,274853,274970,274186,274300,683
2026-06-02 11:25:00,274300,274425,273881,274257,784
2026-06-02 11:30:00,274257,274849,274257,274756,692
2026-06-02 11:35:00,274756,275180,274600,274694,952
2026-06-02 11:40:00,274694,274850,274258,274268,452
2026-06-02 11:45:00,274268,274738,274268,274479,278
2026-06-02 11:50:00,274479,275060,274479,275060,534
2026-06-02 11:55:00,275060,275180,274825,274895,505
2026-06-02 12:00:00,274895,274999,274753,274803,348
2026-06-02 12:05:00,274803,275086,274600,274600,448
2026-06-02 12:10:00,274600,274673,274470,274470,255
2026-06-02 12:15:00,274470,274726,274411,274426,263
2026-06-02 12:20:00,274426,274600,274268,274384,330
2026-06-02 12:25:00,274405,275000,274387,274815,690
2026-06-02 12:30:00,274844,275030,274612,274945,403
2026-06-02 12:35:00,274990,275201,274852,275000,849
2026-06-02 12:40:00,275000,275195,274952,275150,394
2026-06-02 12:45:00,275000,275048,274851,275000,289
2026-06-02 12:50:00,274966,275135,274962,275089,192
2026-06-02 12:55:00,275089,275089,274746,274794,249
2026-06-02 13:00:00,274794,274900,274660,274873,233
2026-06-02 13:05:00,274872,275094,274802,274938,251
2026-06-02 13:10:00,274938,275059,274841,274850,145
2026-06-02 13:15:00,274850,275075,274820,274961,218
2026-06-02 13:20:00,274961,275085,274900,275080,222
2026-06-02 13:25:00,275080,275434,275080,275434,710
2026-06-02 13:30:00,275350,275424,275155,275354,476
2026-06-02 13:35:00,275354,275552,275246,275290,695
2026-06-02 13:40:00,275290,275290,275151,275215,244
2026-06-02 13:45:00,275215,275235,275000,275046,217
2026-06-02 13:50:00,275000,275160,274710,275101,571
2026-06-02 13:55:00,275101,275159,274760,274832,282
2026-06-02 14:00:00,274860,274937,274680,274680,352
2026-06-02 14:05:00,274680,274700,274400,274599,661
2026-06-02 14:10:00,274599,274738,274455,274498,319
2026-06-02 14:15:00,274498,274663,274407,274527,268
2026-06-02 14:20:00,274527,274527,274164,274296,619
2026-06-02 14:25:00,274296,274350,274111,274185,300
2026-06-02 14:30:00,274181,274181,273860,274100,757
2026-06-02 14:35:00,274103,274424,274103,274332,437
2026-06-02 14:40:00,274332,274435,274230,274435,190
2026-06-02 14:45:00,274435,274545,274410,274545,179
2026-06-02 14:50:00,274545,274545,274078,274169,317
2026-06-02 14:55:00,274169,274300,274100,274200,149
2026-06-02 15:00:00,274200,274284,273990,274151,407
2026-06-02 15:05:00,274151,274200,273951,274077,287
2026-06-02 15:10:00,274077,274109,273790,274079,453
2026-06-02 15:15:00,274022,274365,273990,274299,266
2026-06-02 15:20:00,274222,274350,274222,274309,148
2026-06-02 15:25:00,274274,274365,274058,274102,200
2026-06-02 15:30:00,274102,274102,273850,273969,347
2026-06-02 15:35:00,273969,274199,273969,274136,147
2026-06-02 15:40:00,274148,274382,274087,274209,221
2026-06-02 15:45:00,274209,274241,273950,274241,239
2026-06-02 15:50:00,274241,274241,273800,273851,412
2026-06-02 15:55:00,273800,273974,273600,273906,411
2026-06-02 16:00:00,273906,274087,273900,273962,185
2026-06-02 16:05:00,273962,274078,273811,274036,103
2026-06-02 16:10:00,274036,274036,273850,273900,123
2026-06-02 16:15:00,273900,274214,273900,274130,207
2026-06-02 16:20:00,274130,274214,274010,274214,179
2026-06-02 16:25:00,274214,274350,274104,274344,226
2026-06-02 16:30:00,274274,274378,273950,274231,333
2026-06-02 16:35:00,274197,274197,273855,273960,171
2026-06-02 16:40:00,273960,274150,273947,274039,145
2026-06-02 16:45:00,274039,274066,273963,274039,64
2026-06-02 16:50:00,274040,274200,274027,274152,73
2026-06-02 16:55:00,274152,274500,274098,274400,377
2026-06-02 17:00:00,274400,274689,274400,274551,534
2026-06-02 17:05:00,274588,274635,274400,274411,301
2026-06-02 17:10:00,274411,274646,274411,274432,188
2026-06-02 17:15:00,274432,274571,274257,274491,274
2026-06-02 17:20:00,274500,274752,274500,274674,264
2026-06-02 17:25:00,274674,274750,274410,274442,316
2026-06-02 17:30:00,274465,274645,274400,274570,161
2026-06-02 17:35:00,274570,274577,274260,274370,270
2026-06-02 17:40:00,274370,274370,274170,274200,265
2026-06-02 17:45:00,274200,274340,273872,274324,441
2026-06-02 17:50:00,274291,274555,274291,274478,239
2026-06-02 17:55:00,274478,274990,274478,274990,586
2026-06-02 18:00:00,274960,274962,274602,274800,623
2026-06-02 18:05:00,274730,275108,274550,274661,691
2026-06-02 18:10:00,274661,274785,274500,274627,355
2026-06-02 18:15:00,274627,274775,274442,274462,284
2026-06-02 18:20:00,274480,274544,273715,273741,1021
2026-06-02 18:25:00,273743,274299,273743,274036,493
2026-06-02 18:30:00,274019,274546,273900,274519,605
2026-06-02 18:35:00,274519,274864,274104,274347,704
2026-06-02 18:40:00,274250,274370,274000,274105,427
2026-06-02 18:45:00,274135,274300,273645,273645,671
2026-06-02 18:50:00,273614,273963,273350,273684,1487
2026-06-02 18:55:00,273698,273839,273415,273463,492
2026-06-02 19:00:00,273485,273674,272900,273369,1426
2026-06-02 19:05:00,273365,273978,273300,273978,614
2026-06-02 19:10:00,273960,274291,273740,273779,617
2026-06-02 19:15:00,273779,273987,273545,273770,508
2026-06-02 19:20:00,273770,274187,273479,273574,387
2026-06-02 19:25:00,273571,273673,273425,273516,399
2026-06-02 19:30:00,273537,273550,272970,273316,1141
2026-06-02 19:35:00,273316,273500,273050,273149,522
2026-06-02 19:40:00,273149,273454,273021,273280,561
2026-06-02 19:45:00,273280,273280,272112,272440,2254
2026-06-02 19:50:00,272401,272600,271719,271987,1817
2026-06-02 19:55:00,272024,272386,271892,272300,1216
2026-06-02 20:00:00,272343,272991,272332,272917,1169
2026-06-02 20:05:00,272917,273374,272846,273178,880
2026-06-02 20:10:00,273100,273248,272939,273013,471
2026-06-02 20:15:00,273005,273240,272808,272808,397
2026-06-02 20:20:00,272847,273020,272590,272913,500
2026-06-02 20:25:00,272913,272941,272616,272822,246
2026-06-02 20:30:00,272822,273181,272822,272986,350
2026-06-02 20:35:00,272986,273555,272808,273400,606
2026-06-02 20:40:00,273400,273456,273050,273185,276
2026-06-02 20:45:00,273250,273490,273250,273320,237
2026-06-02 20:50:00,273320,273500,273267,273447,250
2026-06-02 20:55:00,273447,273500,273151,273274,230
2026-06-02 21:00:00,273274,273274,273006,273172,360
2026-06-02 21:05:00,273185,273490,273185,273345,277
2026-06-02 21:10:00,273345,273345,273057,273175,156
2026-06-02 21:15:00,273175,273350,273058,273242,260
2026-06-02 21:20:00,273242,273242,272800,272831,333
2026-06-02 21:25:00,272876,272876,272545,272684,432
2026-06-02 21:30:00,272753,272867,272555,272642,319
2026-06-02 21:35:00,272642,272850,272525,272850,396
2026-06-02 21:40:00,272850,272868,272738,272760,133
2026-06-02 21:45:00,272760,272799,272414,272417,669
2026-06-02 21:50:00,272417,272610,272241,272363,499
2026-06-02 21:55:00,272370,272450,272100,272305,703
2026-06-02 22:00:00,272305,272550,272151,272471,469
2026-06-02 22:05:00,272494,272494,272008,272109,465
2026-06-02 22:10:00,272109,272368,271898,272252,605
2026-06-02 22:15:00,272252,272685,272200,272511,562
2026-06-02 22:20:00,272511,272600,272338,272408,130
2026-06-02 22:25:00,272408,272448,272000,272057,490
2026-06-02 22:30:00,272123,272299,271900,272147,453
2026-06-02 22:35:00,272147,272387,271905,272000,647
2026-06-02 22:40:00,272000,272300,271914,272243,368
2026-06-02 22:45:00,272243,272263,271766,271810,564
2026-06-02 22:50:00,271725,271800,271539,271602,1124
2026-06-02 22:55:00,271693,271900,271560,271823,253
2026-06-02 23:00:00,271823,272082,271735,271900,400
2026-06-02 23:05:00,271900,271901,271133,271200,1142
2026-06-02 23:10:00,271200,271397,271001,271200,945
2026-06-02 23:15:00,271200,271464,271122,271408,668
2026-06-02 23:20:00,271408,271500,271155,271200,578
2026-06-02 23:25:00,271202,271202,271000,271050,1196
2026-06-03 09:00:00,271007,271402,270501,270511,1365
2026-06-03 09:05:00,270511,270795,270435,270684,1004
2026-06-03 09:10:00,270627,270842,270550,270656,579
2026-06-03 09:15:00,270711,270835,270606,270737,390
2026-06-03 09:20:00,270737,271275,270737,271233,556
2026-06-03 09:25:00,271233,271800,271158,271742,641
2026-06-03 09:30:00,271742,271999,271683,271903,629
2026-06-03 09:35:00,271904,271947,271460,271717,651
2026-06-03 09:40:00,271716,271716,271298,271499,330
2026-06-03 09:45:00,271499,271550,271120,271139,297
2026-06-03 09:50:00,271139,271259,271025,271088,286
2026-06-03 09:55:00,271088,271115,270599,270666,630
2026-06-03 10:00:00,270666,270700,270271,270403,779
2026-06-03 10:05:00,270403,270485,269851,270267,1093
2026-06-03 10:10:00,270199,270599,270175,270590,473
2026-06-03 10:15:00,270553,270600,270334,270356,270
2026-06-03 10:20:00,270356,270431,270011,270108,402
2026-06-03 10:25:00,270071,270147,269853,270015,484
2026-06-03 10:30:00,270015,270099,269599,270051,681
2026-06-03 10:35:00,270051,270300,269901,270207,417
2026-06-03 10:40:00,270207,270480,270161,270460,246
2026-06-03 10:45:00,270460,270550,270394,270494,247
2026-06-03 10:50:00,270450,270500,269933,269945,229
2026-06-03 10:55:00,269935,270213,269935,270045,192
2026-06-03 11:00:00,269999,269999,269300,269868,1089
2026-06-03 11:05:00,269817,270106,269627,269911,296
2026-06-03 11:10:00,269838,269870,269536,269663,192
2026-06-03 11:15:00,269663,270000,269633,269940,255
2026-06-03 11:20:00,269940,270050,269659,269756,202
2026-06-03 11:25:00,269756,269837,269400,269404,433
2026-06-03 11:30:00,269448,270090,269400,270090,450
2026-06-03 11:35:00,270096,270100,269822,269943,131
2026-06-03 11:40:00,269943,269951,269686,269862,210
2026-06-03 11:45:00,269862,270050,269760,270022,159
2026-06-03 11:50:00,269983,270200,269626,269841,251
2026-06-03 11:55:00,269788,269800,269636,269734,176
2026-06-03 12:00:00,269734,269773,268522,268753,1910
2026-06-03 12:05:00,268707,269267,268707,269052,582
2026-06-03 12:10:00,269027,269175,268753,268882,623
2026-06-03 12:15:00,268891,268891,268400,268865,727
2026-06-03 12:20:00,268858,269259,268800,269178,434
2026-06-03 12:25:00,269178,269497,269100,269356,301
2026-06-03 12:30:00,269356,269420,268963,269240,380
2026-06-03 12:35:00,269240,269600,269240,269600,296
2026-06-03 12:40:00,269600,269999,269557,269729,479
2026-06-03 12:45:00,269729,269797,269310,269339,305
2026-06-03 12:50:00,269339,269398,269157,269200,247
2026-06-03 12:55:00,269200,269308,268811,268893,317
2026-06-03 13:00:00,268926,269384,268775,269336,338
2026-06-03 13:05:00,269336,269363,269099,269099,187
2026-06-03 13:10:00,269099,269345,268925,269261,229
2026-06-03 13:15:00,269261,269265,268904,269156,154
2026-06-03 13:20:00,269156,269358,269017,269296,150
2026-06-03 13:25:00,269206,269290,268866,268866,267
2026-06-03 13:30:00,268893,269200,268625,269031,466
2026-06-03 13:35:00,269031,269112,268772,268952,384
2026-06-03 13:40:00,268952,269096,268876,269012,135
2026-06-03 13:45:00,269012,269070,268660,268755,219
2026-06-03 13:50:00,268755,268971,268650,268730,272
2026-06-03 13:55:00,268760,269179,268600,269139,256
2026-06-03 14:00:00,269139,269273,268969,269250,262
2026-06-03 14:05:00,269250,269394,269172,269377,222
2026-06-03 14:10:00,269377,269482,269175,269253,168
2026-06-03 14:15:00,269253,269450,269253,269399,133
2026-06-03 14:20:00,269399,269399,268729,268737,438
2026-06-03 14:25:00,268737,268839,268450,268700,643
2026-06-03 14:30:00,268700,269141,268651,269053,363
2026-06-03 14:35:00,269053,269336,268922,269281,281
2026-06-03 14:40:00,269254,269279,268900,268985,149
2026-06-03 14:45:00,268962,269049,268700,269024,386
2026-06-03 14:50:00,269024,269175,268700,268855,260
2026-06-03 14:55:00,268855,269000,268729,268774,108
2026-06-03 15:00:00,268764,268988,268711,268909,140
2026-06-03 15:05:00,268909,268957,268712,268899,160
2026-06-03 15:10:00,268899,268948,268755,268853,128
2026-06-03 15:15:00,268853,268853,268520,268786,576
2026-06-03 15:20:00,268786,268835,268500,268501,329
2026-06-03 15:25:00,268500,268644,268220,268363,702
2026-06-03 15:30:00,268363,268850,268286,268759,395
2026-06-03 15:35:00,268759,270251,268759,269946,2547
2026-06-03 15:40:00,270095,270335,269579,269886,1108
2026-06-03 15:45:00,269886,269956,269700,269853,413
2026-06-03 15:50:00,269860,269900,269450,269557,331
2026-06-03 15:55:00,269557,269800,269345,269800,368
2026-06-03 16:00:00,269800,270059,269716,269847,469
2026-06-03 16:05:00,269870,269900,269608,269608,235
2026-06-03 16:10:00,269608,269720,269285,269378,361
2026-06-03 16:15:00,269378,269606,269308,269530,197
2026-06-03 16:20:00,269530,269850,269530,269819,185
2026-06-03 16:25:00,269819,269933,269651,269699,158
2026-06-03 16:30:00,269880,269980,269568,269950,279
2026-06-03 16:35:00,269950,270220,269805,269869,549
2026-06-03 16:40:00,269869,270087,269750,270049,199
2026-06-03 16:45:00,270057,270090,269750,269899,165
2026-06-03 16:50:00,269899,270079,269843,269922,141
2026-06-03 16:55:00,269922,270150,269853,270150,226
2026-06-03 17:00:00,270113,270450,270113,270400,788
2026-06-03 17:05:00,270400,270450,270270,270321,303
2026-06-03 17:10:00,270300,270386,270010,270220,288
2026-06-03 17:15:00,270220,270321,270050,270069,216
2026-06-03 17:20:00,270069,270327,270069,270214,235
2026-06-03 17:25:00,270158,270215,269829,270088,340
2026-06-03 17:30:00,270088,270270,269800,270000,273
2026-06-03 17:35:00,269990,270176,269625,269719,293
2026-06-03 17:40:00,269719,269812,269676,269750,94
2026-06-03 17:45:00,269721,269721,269418,269580,371
2026-06-03 17:50:00,269511,269974,269511,269733,252
2026-06-03 17:55:00,269733,269733,269210,269405,500
2026-06-03 18:00:00,269405,269478,269008,269155,558
2026-06-03 18:05:00,269250,269250,268548,268668,1383
2026-06-03 18:10:00,268668,269169,268650,268841,574
2026-06-03 18:15:00,268854,269150,268655,269138,422
2026-06-03 18:20:00,269136,269788,269136,269400,732
2026-06-03 18:25:00,269379,269585,269070,269385,420
2026-06-03 18:30:00,269385,269541,268851,269454,426
2026-06-03 18:35:00,269491,269716,269425,269511,574
2026-06-03 18:40:00,269511,269800,269511,269700,429
2026-06-03 18:45:00,269700,269732,269201,269401,296
2026-06-03 18:50:00,269401,269401,268889,268969,534
2026-06-03 18:55:00,268969,269150,268850,269069,662
2026-06-03 19:00:00,269068,269335,268656,268740,798
2026-06-03 19:05:00,268715,269065,268523,268824,945
2026-06-03 19:10:00,268824,268960,267147,267226,4393
2026-06-03 19:15:00,267200,267850,267070,267768,2347
2026-06-03 19:20:00,267803,268274,267542,267993,1168
2026-06-03 19:25:00,268002,268400,267966,268370,615
2026-06-03 19:30:00,268250,268727,268050,268203,934
2026-06-03 19:35:00,268203,268570,268120,268365,524
2026-06-03 19:40:00,268365,268639,268355,268513,313
2026-06-03 19:45:00,268513,268799,267945,268122,724
2026-06-03 19:50:00,268000,268350,267851,268059,452
2026-06-03 19:55:00,268176,268477,268027,268477,193
2026-06-03 20:00:00,268477,268477,268081,268125,270
2026-06-03 20:05:00,268125,268425,268125,268386,238
2026-06-03 20:10:00,268386,268432,268211,268333,172
2026-06-03 20:15:00,268243,268492,268190,268419,222
2026-06-03 20:20:00,268419,268998,268230,268822,693
2026-06-03 20:25:00,268822,268885,268703,268705,239
2026-06-03 20:30:00,268705,268912,268576,268668,362
2026-06-03 20:35:00,268668,268668,268104,268158,396
2026-06-03 20:40:00,268156,268379,267900,267950,457
2026-06-03 20:45:00,268032,268550,267905,268128,582
2026-06-03 20:50:00,268128,268128,267349,267739,1304
2026-06-03 20:55:00,267739,267880,267443,267846,701
2026-06-03 21:00:00,267900,267991,267600,267632,415
2026-06-03 21:05:00,267550,267800,267410,267559,564
2026-06-03 21:10:00,267559,267975,267516,267800,454
2026-06-03 21:15:00,267728,267933,267570,267819,190
2026-06-03 21:20:00,267770,267949,267750,267894,274
2026-06-03 21:25:00,267894,267985,267750,267762,212
2026-06-03 21:30:00,267762,267980,267655,267978,214
2026-06-03 21:35:00,267978,268225,267630,267850,354
2026-06-03 21:40:00,267850,267950,267741,267811,211
2026-06-03 21:45:00,267768,267867,267620,267732,252
2026-06-03 21:50:00,267732,267800,267570,267686,215
2026-06-03 21:55:00,267656,267804,267434,267706,576
2026-06-03 22:00:00,267706,268008,267645,268000,305
2026-06-03 22:05:00,268000,268078,267823,267823,151
2026-06-03 22:10:00,267823,267965,267751,267850,128
2026-06-03 22:15:00,267850,267950,267516,267722,388
2026-06-03 22:20:00,267722,267921,267650,267890,226
2026-06-03 22:25:00,267890,268100,267803,267990,343
2026-06-03 22:30:00,268055,268250,267994,268140,265
2026-06-03 22:35:00,268140,268584,268058,268329,633
2026-06-03 22:40:00,268330,268418,267899,267900,394
2026-06-03 22:45:00,267945,268148,267908,268102,138
2026-06-03 22:50:00,268102,268157,267972,268008,178
2026-06-03 22:55:00,268008,268009,267700,267769,307
2026-06-03 23:00:00,267813,267860,267667,267831,271
2026-06-03 23:05:00,267839,267850,267736,267810,168
2026-06-03 23:10:00,267810,268000,267810,267908,233
2026-06-03 23:15:00,267982,267994,267700,267738,726
2026-06-03 23:20:00,267732,267852,267552,267720,622
2026-06-03 23:25:00,267636,267740,267600,267605,666
2026-06-04 09:00:00,268399,268420,267000,268100,1475
2026-06-04 09:05:00,268061,268102,267850,267939,588
2026-06-04 09:10:00,267940,267940,267500,267573,735
2026-06-04 09:15:00,267550,267562,267066,267417,851
2026-06-04 09:20:00,267417,267950,267417,267950,541
2026-06-04 09:25:00,267950,268200,267800,267923,528
2026-06-04 09:30:00,267923,268100,267850,268001,334
2026-06-04 09:35:00,268001,268274,267933,268225,362
2026-06-04 09:40:00,268225,268750,268201,268600,756
2026-06-04 09:45:00,268639,268665,268512,268600,317
2026-06-04 09:50:00,268600,268668,268530,268583,315
2026-06-04 09:55:00,268583,268668,268251,268383,380
2026-06-04 10:00:00,268383,268897,268383,268800,499
2026-06-04 10:05:00,268762,269150,268701,269048,879
2026-06-04 10:10:00,269048,269078,268900,269000,368
2026-06-04 10:15:00,269000,269058,268767,268892,419
2026-06-04 10:20:00,268850,268850,268576,268619,305
2026-06-04 10:25:00,268681,268730,268600,268675,114
2026-06-04 10:30:00,268700,268717,268235,268235,371
2026-06-04 10:35:00,268191,268417,268001,268067,410
2026-06-04 10:40:00,268067,268326,267884,268296,387
2026-06-04 10:45:00,268296,268400,268211,268310,201
2026-06-04 10:50:00,268343,268343,268069,268104,222
2026-06-04 10:55:00,268104,268147,268010,268021,167
2026-06-04 11:00:00,268021,268228,267601,267801,666
2026-06-04 11:05:00,267793,267837,267463,267586,506
2026-06-04 11:10:00,267587,267875,267502,267820,242
2026-06-04 11:15:00,267820,267860,267267,267419,516
2026-06-04 11:20:00,267419,267598,267329,267474,260
2026-06-04 11:25:00,267474,267474,267107,267279,748
2026-06-04 11:30:00,267252,267666,267120,267461,484
2026-06-04 11:35:00,267461,268039,267436,268016,474
2026-06-04 11:40:00,268016,268016,267700,267759,201
2026-06-04 11:45:00,267759,267793,267400,267516,255
2026-06-04 11:50:00,267518,267615,267155,267291,324
2026-06-04 11:55:00,267274,267578,267250,267578,213
2026-06-04 12:00:00,267578,267599,267300,267540,267
2026-06-04 12:05:00,267540,267597,267302,267422,139
2026-06-04 12:10:00,267422,267499,266500,266742,1578
2026-06-04 12:15:00,266726,266997,266450,266933,951
2026-06-04 12:20:00,266933,267300,266933,267099,572
2026-06-04 12:25:00,267099,267321,267080,267248,234
2026-06-04 12:30:00,267248,267419,267056,267348,348
2026-06-04 12:35:00,267348,267429,267000,267108,170
2026-06-04 12:40:00,267091,267274,267052,267250,112
2026-06-04 12:45:00,267272,267503,267210,267486,228
2026-06-04 12:50:00,267486,267486,267255,267390,70
2026-06-04 12:55:00,267390,267440,267076,267384,173
2026-06-04 13:00:00,267387,267700,267387,267415,358
2026-06-04 13:05:00,267415,267555,267304,267396,287
2026-06-04 13:10:00,267396,267495,267224,267264,240
2026-06-04 13:15:00,267264,267347,267140,267239,169
2026-06-04 13:20:00,267239,267350,267141,267263,175
2026-06-04 13:25:00,267265,267480,267105,267383,198
2026-06-04 13:30:00,267557,267568,267352,267527,171
2026-06-04 13:35:00,267527,267852,267502,267712,412
2026-06-04 13:40:00,267712,267712,267425,267444,85
2026-06-04 13:45:00,267416,267649,267416,267574,188
2026-06-04 13:50:00,267574,267574,267150,267196,267
2026-06-04 13:55:00,267196,267600,267148,267530,165
2026-06-04 14:00:00,267600,267935,267424,267704,542
2026-06-04 14:05:00,267704,267729,267400,267400,110
2026-06-04 14:10:00,267400,267572,267400,267572,96
2026-06-04 14:15:00,267569,267574,267300,267360,85
2026-06-04 14:20:00,267311,267600,267311,267469,87
2026-06-04 14:25:00,267469,267686,267469,267503,140
2026-06-04 14:30:00,267503,267786,267375,267648,155
2026-06-04 14:35:00,267648,267700,267528,267678,85
2026-06-04 14:40:00,267678,267749,267512,267567,77
2026-06-04 14:45:00,267646,267790,267636,267705,131
2026-06-04 14:50:00,267705,267864,267700,267784,174
2026-06-04 14:55:00,267784,267950,267701,267806,291
2026-06-04 15:00:00,267855,267975,267750,267975,250
2026-06-04 15:05:00,267940,268355,267937,268296,867
2026-06-04 15:10:00,268296,268450,268210,268363,289
2026-06-04 15:15:00,268363,268750,268308,268450,766
2026-06-04 15:20:00,268450,268593,268314,268500,269
2026-06-04 15:25:00,268500,268506,268110,268151,289
2026-06-04 15:30:00,268151,268300,268005,268119,393
2026-06-04 15:35:00,268082,268249,268047,268047,148
2026-06-04 15:40:00,268031,268330,268031,268148,381
2026-06-04 15:45:00,268148,268230,267940,267940,268
2026-06-04 15:50:00,267991,268100,267775,267950,341
2026-06-04 15:55:00,267950,268247,267868,268208,266
2026-06-04 16:00:00,268208,268215,268029,268159,139
2026-06-04 16:05:00,268159,268194,267950,267956,118
2026-06-04 16:10:00,267956,268156,267911,268032,71
2026-06-04 16:15:00,268085,268240,268035,268130,117
2026-06-04 16:20:00,268130,268240,268000,268192,106
2026-06-04 16:25:00,268192,268221,268039,268079,128
2026-06-04 16:30:00,268128,268177,267883,268000,123
2026-06-04 16:35:00,268061,268190,268013,268128,113
2026-06-04 16:40:00,268128,268237,268030,268059,173
2026-06-04 16:45:00,268059,268400,268009,268357,316
2026-06-04 16:50:00,268462,268841,268374,268816,764
2026-06-04 16:55:00,268816,269450,268816,269360,2397
2026-06-04 17:00:00,269399,269788,269150,269161,1653
2026-06-04 17:05:00,269161,269697,269018,269675,688
2026-06-04 17:10:00,269695,269900,269518,269851,943
2026-06-04 17:15:00,269891,270332,269830,270056,1844
2026-06-04 17:20:00,270130,270815,270053,270709,1926
2026-06-04 17:25:00,270700,271450,270700,271200,2242
2026-06-04 17:30:00,271094,271344,270199,270314,2291
2026-06-04 17:35:00,270264,270800,270153,270453,1050
2026-06-04 17:40:00,270483,270560,269857,270331,841
2026-06-04 17:45:00,270331,270500,270149,270276,376
2026-06-04 17:50:00,270276,270800,270276,270600,671
2026-06-04 17:55:00,270600,270974,270511,270858,641
2026-06-04 18:00:00,270850,270981,270616,270670,528
2026-06-04 18:05:00,270670,271004,270556,270778,1016
2026-06-04 18:10:00,270778,270869,270500,270616,589
2026-06-04 18:15:00,270673,270800,270582,270800,413
2026-06-04 18:20:00,270800,271246,270700,271194,765
2026-06-04 18:25:00,271137,271210,270808,270932,462
2026-06-04 18:30:00,270932,272172,270670,271950,3530
2026-06-04 18:35:00,271950,272073,271540,271652,1032
2026-06-04 18:40:00,271652,271788,271269,271639,738
2026-06-04 18:45:00,271639,271855,271525,271728,575
2026-06-04 18:50:00,271729,271800,271350,271356,481
2026-06-04 18:55:00,271356,271493,271200,271340,525
2026-06-04 19:00:00,271362,271400,271109,271206,529
2026-06-04 19:05:00,271195,271665,271100,271600,601
2026-06-04 19:10:00,271639,271711,271313,271711,532
2026-06-04 19:15:00,271750,271758,271200,271498,366
2026-06-04 19:20:00,271498,271567,270622,270799,1103
2026-06-04 19:25:00,270799,271179,270713,270755,805
2026-06-04 19:30:00,270759,270907,270275,270282,1619
2026-06-04 19:35:00,270282,270600,269700,269786,1629
2026-06-04 19:40:00,269759,270251,269759,270100,852
2026-06-04 19:45:00,270085,270350,269910,270049,540
2026-06-04 19:50:00,270049,270049,269586,269832,784
2026-06-04 19:55:00,269832,269949,269574,269909,465
2026-06-04 20:00:00,269958,269985,269585,269950,608
2026-06-04 20:05:00,269950,269950,269456,269714,860
2026-06-04 20:10:00,269714,269839,269350,269487,644
2026-06-04 20:15:00,269510,269610,268827,268994,1332
2026-06-04 20:20:00,268983,269188,267900,268300,3130
2026-06-04 20:25:00,268300,268584,268109,268500,1085
2026-06-04 20:30:00,268550,268971,268490,268772,979
2026-06-04 20:35:00,268811,269099,268761,268951,613
2026-06-04 20:40:00,268951,269191,268932,269058,587
2026-06-04 20:45:00,269058,269125,268745,268979,433
2026-06-04 20:50:00,268979,268980,268700,268702,265
2026-06-04 20:55:00,268699,268800,268551,268724,285
2026-06-04 21:00:00,268780,269173,268706,269169,408
2026-06-04 21:05:00,269169,269394,269164,269366,600
2026-06-04 21:10:00,269366,269450,268996,269050,311
2026-06-04 21:15:00,269050,269191,268926,268928,181
2026-06-04 21:20:00,268955,269493,268951,269457,391
2026-06-04 21:25:00,269457,269490,269331,269364,254
2026-06-04 21:30:00,269364,269485,269230,269350,196
2026-06-04 21:35:00,269320,269558,269200,269484,312
2026-06-04 21:40:00,269499,269525,269252,269252,170
2026-06-04 21:45:00,269252,269450,269201,269329,135
2026-06-04 21:50:00,269255,269461,269253,269460,111
2026-06-04 21:55:00,269460,269461,269386,269423,92
2026-06-04 22:00:00,269423,269428,269102,269286,345
2026-06-04 22:05:00,269286,269321,269121,269162,163
2026-06-04 22:10:00,269162,269266,269101,269205,152
2026-06-04 22:15:00,269245,269340,269100,269278,126
2026-06-04 22:20:00,269230,269230,269100,269171,116
2026-06-04 22:25:00,269171,269325,269110,269300,216
2026-06-04 22:30:00,269300,269309,269127,269300,111
2026-06-04 22:35:00,269300,269400,269257,269324,156
2026-06-04 22:40:00,269324,269389,269200,269248,209
2026-06-04 22:45:00,269248,269248,268920,268987,413
2026-06-04 22:50:00,268987,268987,268700,268784,446
2026-06-04 22:55:00,268800,269197,268800,269149,256
2026-06-04 23:00:00,269149,269725,269104,269628,698
2026-06-04 23:05:00,269599,269679,269471,269500,397
2026-06-04 23:10:00,269500,269553,269415,269494,216
2026-06-04 23:15:00,269494,269495,269300,269365,320
2026-06-04 23:20:00,269321,269495,269300,269347,374
2026-06-04 23:25:00,269346,269501,269200,269498,720
2026-06-05 09:00:00,267151,267151,264100,266050,4286
2026-06-05 09:05:00,266089,266180,265592,266180,1720
2026-06-05 09:10:00,266170,266449,266000,266377,1072
2026-06-05 09:15:00,266314,266314,265917,265968,819
2026-06-05 09:20:00,265968,266175,265786,266033,692
2026-06-05 09:25:00,266033,266300,266017,266100,474
2026-06-05 09:30:00,266209,266209,265873,265957,530
2026-06-05 09:35:00,265957,266199,265913,265919,306
2026-06-05 09:40:00,265919,265990,265659,265941,777
2026-06-05 09:45:00,265941,266078,265751,265835,356
2026-06-05 09:50:00,265835,265872,265626,265628,415
2026-06-05 09:55:00,265628,265999,265625,265783,294
2026-06-05 10:00:00,265790,265790,265388,265402,850
2026-06-05 10:05:00,265384,265821,265221,265821,521
2026-06-05 10:10:00,265751,266112,265528,265663,516
2026-06-05 10:15:00,265713,265839,265600,265670,283
2026-06-05 10:20:00,265670,265870,265586,265850,272
2026-06-05 10:25:00,265850,265950,265728,265945,289
2026-06-05 10:30:00,265945,265945,265742,265778,182
2026-06-05 10:35:00,265778,265904,265110,265116,779
2026-06-05 10:40:00,265115,265630,265011,265344,646
2026-06-05 10:45:00,265382,265407,265023,265191,436
2026-06-05 10:50:00,265191,265361,265055,265187,432
2026-06-05 10:55:00,265187,265199,265026,265136,314
2026-06-05 11:00:00,264922,265140,264200,264310,2473
2026-06-05 11:05:00,264310,264934,264244,264500,1007
2026-06-05 11:10:00,264500,264600,264182,264350,1163
2026-06-05 11:15:00,264331,264569,264115,264455,617
2026-06-05 11:20:00,264455,264521,264251,264333,395
2026-06-05 11:25:00,264333,264336,263891,263996,1134
2026-06-05 11:30:00,264031,264199,263455,263722,1281
2026-06-05 11:35:00,263700,263994,263694,263852,854
2026-06-05 11:40:00,263894,264002,263102,263105,1733
2026-06-05 11:45:00,262828,263252,262000,262989,3106
2026-06-05 11:50:00,262922,263249,262518,263178,1612
2026-06-05 11:55:00,263152,263560,262959,263468,1241
2026-06-05 12:00:00,263457,264139,263370,264003,1068
2026-06-05 12:05:00,264039,264445,263872,264069,841
2026-06-05 12:10:00,264047,264195,263720,264093,518
2026-06-05 12:15:00,264093,264590,263900,264490,846
2026-06-05 12:20:00,264500,264600,264192,264207,431
2026-06-05 12:25:00,264207,264657,264129,264644,410
